failure_code,failure_id,category,failure_name,severity,controllability,mitigation_order,mitigation_level,mitigation_level_name,method,expected_benefit,token_or_character_cost,generation_cost_impact,risk_of_new_failure,provider_dependency,evidence_strength,verification_method,verification_metric_ids,rollback,limitations,source_refs,research_status
A01,failure://occlusion and hidden state/hidden_state_reconstruction_hallucination/a01,Occlusion and hidden state,Hidden-state reconstruction hallucination,high,requires_visual_or_control_conditioning,1,L2,canonical event/state contract,"Compile an Occlusion Continuity Contract: subject ID, pre-state, start/end, hidden path, expected reappearance region, identity/count locks, allowed and forbidden state changes, and visibility bridge.",Removes ambiguity from the canonical target and gives the verifier explicit checkpoints.,low-to-medium,none-to-one additional candidate,May dilute other controls if added without compression.,provider capability and adapter dependent,moderate-to-strong where supported by cited benchmark/control literature; provider-specific effect size unqualified,"Re-run metric_occlusion_continuity, metric_reappearance_position_error, metric_identity_continuity, metric_event_graph_agreement on paired seeds and retain per-seed outcomes.","[""metric_occlusion_continuity"",""metric_reappearance_position_error"",""metric_identity_continuity"",""metric_event_graph_agreement""]",Restore the prior canonical score/build and preserve the failed candidate as immutable evidence.,"[""No intervention guarantees compliance on stochastic generators.""]","[""B011"",""B012"",""B013"",""B014"",""B017""]",literature-and-repository-grounded; live provider qualification pending
A01,failure://occlusion and hidden state/hidden_state_reconstruction_hallucination/a01,Occlusion and hidden state,Hidden-state reconstruction hallucination,high,requires_visual_or_control_conditioning,2,L4,"pose, mask, depth, trajectory, or control video","Provide a mask, point track, silhouette, pose trajectory, depth/trajectory control, or control video spanning the hidden interval.",Carries information through the interval instead of asking text alone to preserve an unobserved state.,low prompt cost; medium asset preparation cost,additional asset preparation and/or multiple generated clips,"Can introduce boundary, compositing, reference-transfer, or motion-stiffness artifacts; verify all preserved controls.",provider capability and adapter dependent,mechanistically strong control escalation; exact benefit requires live provider tests,"Re-run metric_occlusion_continuity, metric_reappearance_position_error, metric_identity_continuity, metric_event_graph_agreement on paired seeds and retain per-seed outcomes.","[""metric_occlusion_continuity"",""metric_reappearance_position_error"",""metric_identity_continuity"",""metric_event_graph_agreement""]",Restore the prior canonical score/build and preserve the failed candidate as immutable evidence.,"[""No intervention guarantees compliance on stochastic generators.""]","[""B011"",""B012"",""B013"",""B014"",""B017""]",literature-and-repository-grounded; live provider qualification pending
A01,failure://occlusion and hidden state/hidden_state_reconstruction_hallucination/a01,Occlusion and hidden state,Hidden-state reconstruction hallucination,high,requires_visual_or_control_conditioning,3,L5,shot decomposition,Split at a stable visible state before the occlusion and generate the effect/hidden transition as a separate shot or postproduction layer.,Eliminates the need for one model sample to preserve an unobservable transition.,minimal prompt cost; workflow cost may be high,"localized regeneration, substitution, or postproduction","May change style, timing, or already-passing regions; full regression verification required.",provider capability and adapter dependent,fallback intervention; use only after the lower level fails its paired-seed gate,"Re-run metric_occlusion_continuity, metric_reappearance_position_error, metric_identity_continuity, metric_event_graph_agreement on paired seeds and retain per-seed outcomes.","[""metric_occlusion_continuity"",""metric_reappearance_position_error"",""metric_identity_continuity"",""metric_event_graph_agreement""]",Restore the prior canonical score/build and preserve the failed candidate as immutable evidence.,"[""No intervention guarantees compliance on stochastic generators.""]","[""B011"",""B012"",""B013"",""B014"",""B017""]",literature-and-repository-grounded; live provider qualification pending
A02,failure://occlusion and hidden state/duplicate_subject_on_reappearance/a02,Occlusion and hidden state,Duplicate subject on reappearance,high,requires_visual_or_control_conditioning,1,L2,canonical event/state contract,"Hard-lock actor_count and entity IDs before, during, and after the interval; declare reflections/shadows as non-entity render phenomena.",Turns actor count and reflection status into explicit invariants rather than prose preferences.,low-to-medium,none-to-one additional candidate,May dilute other controls if added without compression.,provider capability and adapter dependent,moderate-to-strong where supported by cited benchmark/control literature; provider-specific effect size unqualified,"Re-run metric_actor_count_consistency, metric_identity_continuity, metric_occlusion_continuity on paired seeds and retain per-seed outcomes.","[""metric_actor_count_consistency"",""metric_identity_continuity"",""metric_occlusion_continuity""]",Restore the prior canonical score/build and preserve the failed candidate as immutable evidence.,"[""No intervention guarantees compliance on stochastic generators.""]","[""B011"",""B013"",""B015"",""B017"",""B018""]",literature-and-repository-grounded; live provider qualification pending
A02,failure://occlusion and hidden state/duplicate_subject_on_reappearance/a02,Occlusion and hidden state,Duplicate subject on reappearance,high,requires_visual_or_control_conditioning,2,L3,reference image or storyboard,Use distinct actor reference sheets and a post-occlusion keyframe/storyboard showing exactly the intended count and layout.,Anchors the reappearance state and reduces duplicate completion modes.,low prompt cost; medium asset preparation cost,additional asset preparation and/or multiple generated clips,"Can introduce boundary, compositing, reference-transfer, or motion-stiffness artifacts; verify all preserved controls.",provider capability and adapter dependent,mechanistically strong control escalation; exact benefit requires live provider tests,"Re-run metric_actor_count_consistency, metric_identity_continuity, metric_occlusion_continuity on paired seeds and retain per-seed outcomes.","[""metric_actor_count_consistency"",""metric_identity_continuity"",""metric_occlusion_continuity""]",Restore the prior canonical score/build and preserve the failed candidate as immutable evidence.,"[""No intervention guarantees compliance on stochastic generators.""]","[""B011"",""B013"",""B015"",""B017"",""B018""]",literature-and-repository-grounded; live provider qualification pending
A02,failure://occlusion and hidden state/duplicate_subject_on_reappearance/a02,Occlusion and hidden state,Duplicate subject on reappearance,high,requires_visual_or_control_conditioning,3,L6,postproduction/compositing,Composite the occluding effect over a clean actor plate or remove duplicate regions with tracked masks.,Makes count preservation deterministic when generation cannot maintain it.,minimal prompt cost; workflow cost may be high,"localized regeneration, substitution, or postproduction","May change style, timing, or already-passing regions; full regression verification required.",provider capability and adapter dependent,fallback intervention; use only after the lower level fails its paired-seed gate,"Re-run metric_actor_count_consistency, metric_identity_continuity, metric_occlusion_continuity on paired seeds and retain per-seed outcomes.","[""metric_actor_count_consistency"",""metric_identity_continuity"",""metric_occlusion_continuity""]",Restore the prior canonical score/build and preserve the failed candidate as immutable evidence.,"[""No intervention guarantees compliance on stochastic generators.""]","[""B011"",""B013"",""B015"",""B017"",""B018""]",literature-and-repository-grounded; live provider qualification pending
A03,failure://occlusion and hidden state/identity_mutation_behind_occlusion/a03,Occlusion and hidden state,Identity mutation behind occlusion,high,requires_visual_or_control_conditioning,1,L2,canonical event/state contract,Compile a multimodal identity signature and forbid identity/costume/body-state transitions during the visibility interval.,Defines identity from multiple nonfacial attributes and makes the absence of transformation explicit.,low-to-medium,none-to-one additional candidate,May dilute other controls if added without compression.,provider capability and adapter dependent,moderate-to-strong where supported by cited benchmark/control literature; provider-specific effect size unqualified,"Re-run metric_identity_continuity, metric_occlusion_continuity, metric_object_state_transition on paired seeds and retain per-seed outcomes.","[""metric_identity_continuity"",""metric_occlusion_continuity"",""metric_object_state_transition""]",Restore the prior canonical score/build and preserve the failed candidate as immutable evidence.,"[""No intervention guarantees compliance on stochastic generators.""]","[""B014"",""B015"",""B017""]",literature-and-repository-grounded; live provider qualification pending
A03,failure://occlusion and hidden state/identity_mutation_behind_occlusion/a03,Occlusion and hidden state,Identity mutation behind occlusion,high,requires_visual_or_control_conditioning,2,L3,reference image or storyboard,"Supply separate face, full-body, costume, and reappearance references or a first/last-frame pair.",Provides direct visual anchors before and after the ambiguous interval.,low prompt cost; medium asset preparation cost,additional asset preparation and/or multiple generated clips,"Can introduce boundary, compositing, reference-transfer, or motion-stiffness artifacts; verify all preserved controls.",provider capability and adapter dependent,mechanistically strong control escalation; exact benefit requires live provider tests,"Re-run metric_identity_continuity, metric_occlusion_continuity, metric_object_state_transition on paired seeds and retain per-seed outcomes.","[""metric_identity_continuity"",""metric_occlusion_continuity"",""metric_object_state_transition""]",Restore the prior canonical score/build and preserve the failed candidate as immutable evidence.,"[""No intervention guarantees compliance on stochastic generators.""]","[""B014"",""B015"",""B017""]",literature-and-repository-grounded; live provider qualification pending
A03,failure://occlusion and hidden state/identity_mutation_behind_occlusion/a03,Occlusion and hidden state,Identity mutation behind occlusion,high,requires_visual_or_control_conditioning,3,L7,regenerate only the failing interval,Regenerate only the occlusion/reappearance interval with fixed boundary frames and composite it into the passing clip.,Limits identity resampling to the failed interval while preserving accepted regions.,minimal prompt cost; workflow cost may be high,"localized regeneration, substitution, or postproduction","May change style, timing, or already-passing regions; full regression verification required.",provider capability and adapter dependent,fallback intervention; use only after the lower level fails its paired-seed gate,"Re-run metric_identity_continuity, metric_occlusion_continuity, metric_object_state_transition on paired seeds and retain per-seed outcomes.","[""metric_identity_continuity"",""metric_occlusion_continuity"",""metric_object_state_transition""]",Restore the prior canonical score/build and preserve the failed candidate as immutable evidence.,"[""No intervention guarantees compliance on stochastic generators.""]","[""B014"",""B015"",""B017""]",literature-and-repository-grounded; live provider qualification pending
A04,failure://occlusion and hidden state/reappearance_position_discontinuity/a04,Occlusion and hidden state,Reappearance-position discontinuity,high,requires_visual_or_control_conditioning,1,L2,canonical event/state contract,"Encode entry point, velocity/trajectory class, hidden path, coordinate frame, expected reappearance region, and allowed camera transform.",Makes spatial continuity a transition contract rather than two disconnected positions.,low-to-medium,none-to-one additional candidate,May dilute other controls if added without compression.,provider capability and adapter dependent,moderate-to-strong where supported by cited benchmark/control literature; provider-specific effect size unqualified,"Re-run metric_reappearance_position_error, metric_screen_direction_consistency, metric_spatial_relation_accuracy, metric_camera_motion_agreement on paired seeds and retain per-seed outcomes.","[""metric_reappearance_position_error"",""metric_screen_direction_consistency"",""metric_spatial_relation_accuracy"",""metric_camera_motion_agreement""]",Restore the prior canonical score/build and preserve the failed candidate as immutable evidence.,"[""No intervention guarantees compliance on stochastic generators.""]","[""B012"",""B013"",""B019"",""B020"",""B021""]",literature-and-repository-grounded; live provider qualification pending
A04,failure://occlusion and hidden state/reappearance_position_discontinuity/a04,Occlusion and hidden state,Reappearance-position discontinuity,high,requires_visual_or_control_conditioning,2,L4,"pose, mask, depth, trajectory, or control video","Use point tracks, pose trajectory, depth path, or a control video through the hidden interval.",Constrains the missing trajectory directly.,low prompt cost; medium asset preparation cost,additional asset preparation and/or multiple generated clips,"Can introduce boundary, compositing, reference-transfer, or motion-stiffness artifacts; verify all preserved controls.",provider capability and adapter dependent,mechanistically strong control escalation; exact benefit requires live provider tests,"Re-run metric_reappearance_position_error, metric_screen_direction_consistency, metric_spatial_relation_accuracy, metric_camera_motion_agreement on paired seeds and retain per-seed outcomes.","[""metric_reappearance_position_error"",""metric_screen_direction_consistency"",""metric_spatial_relation_accuracy"",""metric_camera_motion_agreement""]",Restore the prior canonical score/build and preserve the failed candidate as immutable evidence.,"[""No intervention guarantees compliance on stochastic generators.""]","[""B012"",""B013"",""B019"",""B020"",""B021""]",literature-and-repository-grounded; live provider qualification pending
A04,failure://occlusion and hidden state/reappearance_position_discontinuity/a04,Occlusion and hidden state,Reappearance-position discontinuity,high,requires_visual_or_control_conditioning,3,L5,shot decomposition,Cut before full disappearance and resume from an authored reappearance keyframe in a second shot.,Replaces hidden long-range inference with an explicit edit boundary.,minimal prompt cost; workflow cost may be high,"localized regeneration, substitution, or postproduction","May change style, timing, or already-passing regions; full regression verification required.",provider capability and adapter dependent,fallback intervention; use only after the lower level fails its paired-seed gate,"Re-run metric_reappearance_position_error, metric_screen_direction_consistency, metric_spatial_relation_accuracy, metric_camera_motion_agreement on paired seeds and retain per-seed outcomes.","[""metric_reappearance_position_error"",""metric_screen_direction_consistency"",""metric_spatial_relation_accuracy"",""metric_camera_motion_agreement""]",Restore the prior canonical score/build and preserve the failed candidate as immutable evidence.,"[""No intervention guarantees compliance on stochastic generators.""]","[""B012"",""B013"",""B019"",""B020"",""B021""]",literature-and-repository-grounded; live provider qualification pending
A05,failure://occlusion and hidden state/subject_occluder_fusion/a05,Occlusion and hidden state,Subject–occluder fusion,high,requires_visual_or_control_conditioning,1,L2,canonical event/state contract,"Declare distinct entity/material IDs, topology invariants, and whether overlap is occlusion, contact, or transformation; forbid cross-material identity transfer.",Separates semantic entities and allowed interaction types.,low-to-medium,none-to-one additional candidate,May dilute other controls if added without compression.,provider capability and adapter dependent,moderate-to-strong where supported by cited benchmark/control literature; provider-specific effect size unqualified,"Re-run metric_identity_continuity, metric_penetration_duration, metric_material_state_consistency, metric_actor_count_consistency on paired seeds and retain per-seed outcomes.","[""metric_identity_continuity"",""metric_penetration_duration"",""metric_material_state_consistency"",""metric_actor_count_consistency""]",Restore the prior canonical score/build and preserve the failed candidate as immutable evidence.,"[""No intervention guarantees compliance on stochastic generators.""]","[""B013"",""B016"",""B017"",""B018""]",literature-and-repository-grounded; live provider qualification pending
A05,failure://occlusion and hidden state/subject_occluder_fusion/a05,Occlusion and hidden state,Subject–occluder fusion,high,requires_visual_or_control_conditioning,2,L4,"pose, mask, depth, trajectory, or control video",Provide separate subject and occluder masks/layers or a control composite with tracked boundaries.,Enforces separability at the carrier level.,low prompt cost; medium asset preparation cost,additional asset preparation and/or multiple generated clips,"Can introduce boundary, compositing, reference-transfer, or motion-stiffness artifacts; verify all preserved controls.",provider capability and adapter dependent,mechanistically strong control escalation; exact benefit requires live provider tests,"Re-run metric_identity_continuity, metric_penetration_duration, metric_material_state_consistency, metric_actor_count_consistency on paired seeds and retain per-seed outcomes.","[""metric_identity_continuity"",""metric_penetration_duration"",""metric_material_state_consistency"",""metric_actor_count_consistency""]",Restore the prior canonical score/build and preserve the failed candidate as immutable evidence.,"[""No intervention guarantees compliance on stochastic generators.""]","[""B013"",""B016"",""B017"",""B018""]",literature-and-repository-grounded; live provider qualification pending
A05,failure://occlusion and hidden state/subject_occluder_fusion/a05,Occlusion and hidden state,Subject–occluder fusion,high,requires_visual_or_control_conditioning,3,L6,postproduction/compositing,"Generate clean subject motion and occluder/effect separately, then composite with tracked mattes.","Avoids asking the generator to solve topology, identity, and VFX simultaneously.",minimal prompt cost; workflow cost may be high,"localized regeneration, substitution, or postproduction","May change style, timing, or already-passing regions; full regression verification required.",provider capability and adapter dependent,fallback intervention; use only after the lower level fails its paired-seed gate,"Re-run metric_identity_continuity, metric_penetration_duration, metric_material_state_consistency, metric_actor_count_consistency on paired seeds and retain per-seed outcomes.","[""metric_identity_continuity"",""metric_penetration_duration"",""metric_material_state_consistency"",""metric_actor_count_consistency""]",Restore the prior canonical score/build and preserve the failed candidate as immutable evidence.,"[""No intervention guarantees compliance on stochastic generators.""]","[""B013"",""B016"",""B017"",""B018""]",literature-and-repository-grounded; live provider qualification pending
A06,failure://occlusion and hidden state/submerged_or_hidden_subject_deletion/a06,Occlusion and hidden state,Submerged or hidden subject deletion,high,partially_mitigated_by_prompting,1,L0,wording repair,Replace ambiguous disappearance language with 'remains present but fully hidden' and name the mandatory reappearance event.,Removes a high-risk lexical ambiguity at minimal cost.,low-to-medium,none-to-one additional candidate,May dilute other controls if added without compression.,provider capability and adapter dependent,moderate-to-strong where supported by cited benchmark/control literature; provider-specific effect size unqualified,"Re-run metric_actor_count_consistency, metric_object_count_persistence, metric_event_graph_agreement, metric_occlusion_continuity on paired seeds and retain per-seed outcomes.","[""metric_actor_count_consistency"",""metric_object_count_persistence"",""metric_event_graph_agreement"",""metric_occlusion_continuity""]",Restore the prior canonical score/build and preserve the failed candidate as immutable evidence.,"[""No intervention guarantees compliance on stochastic generators.""]","[""B011"",""B012"",""B013"",""B014""]",literature-and-repository-grounded; live provider qualification pending
A06,failure://occlusion and hidden state/submerged_or_hidden_subject_deletion/a06,Occlusion and hidden state,Submerged or hidden subject deletion,high,partially_mitigated_by_prompting,2,L2,canonical event/state contract,"Represent visibility separately from existence: entity.exists=true, entity.visible=false during the interval, with a required reappearance transition.",Prevents visibility loss from authorizing entity deletion in the canonical score.,low,one additional candidate,"Can introduce boundary, compositing, reference-transfer, or motion-stiffness artifacts; verify all preserved controls.",provider capability and adapter dependent,mechanistically strong control escalation; exact benefit requires live provider tests,"Re-run metric_actor_count_consistency, metric_object_count_persistence, metric_event_graph_agreement, metric_occlusion_continuity on paired seeds and retain per-seed outcomes.","[""metric_actor_count_consistency"",""metric_object_count_persistence"",""metric_event_graph_agreement"",""metric_occlusion_continuity""]",Restore the prior canonical score/build and preserve the failed candidate as immutable evidence.,"[""No intervention guarantees compliance on stochastic generators.""]","[""B011"",""B012"",""B013"",""B014""]",literature-and-repository-grounded; live provider qualification pending
A06,failure://occlusion and hidden state/submerged_or_hidden_subject_deletion/a06,Occlusion and hidden state,Submerged or hidden subject deletion,high,partially_mitigated_by_prompting,3,L3,reference image or storyboard,"Provide a reappearance keyframe or storyboard panel and, where possible, a bubble trail/silhouette visibility bridge.",Anchors existence and downstream position visually.,minimal prompt cost; workflow cost may be high,"localized regeneration, substitution, or postproduction","May change style, timing, or already-passing regions; full regression verification required.",provider capability and adapter dependent,fallback intervention; use only after the lower level fails its paired-seed gate,"Re-run metric_actor_count_consistency, metric_object_count_persistence, metric_event_graph_agreement, metric_occlusion_continuity on paired seeds and retain per-seed outcomes.","[""metric_actor_count_consistency"",""metric_object_count_persistence"",""metric_event_graph_agreement"",""metric_occlusion_continuity""]",Restore the prior canonical score/build and preserve the failed candidate as immutable evidence.,"[""No intervention guarantees compliance on stochastic generators.""]","[""B011"",""B012"",""B013"",""B014""]",literature-and-repository-grounded; live provider qualification pending
A07,failure://occlusion and hidden state/visibility_bridge_attachment_loss/a07,Occlusion and hidden state,Visibility-bridge attachment loss,high,requires_visual_or_control_conditioning,1,L2,canonical event/state contract,"Bind every visibility bridge to a stable subject ID, coordinate frame, interval, and expected reappearance state.",Prevents a bridge from being treated as a generic visual effect.,low-to-medium,none-to-one additional candidate,May dilute other controls if added without compression.,provider capability and adapter dependent,moderate-to-strong where supported by cited benchmark/control literature; provider-specific effect size unqualified,"Re-run metric_visibility_bridge_coverage, metric_reappearance_position_error, metric_identity_continuity, metric_evaluator_disagreement on paired seeds and retain per-seed outcomes.","[""metric_visibility_bridge_coverage"",""metric_reappearance_position_error"",""metric_identity_continuity"",""metric_evaluator_disagreement""]",Restore the prior canonical score/build and preserve the failed candidate as immutable evidence.,"[""No intervention guarantees compliance on stochastic generators.""]","[""B013"",""B018"",""B019"",""B020""]",literature-and-repository-grounded; live provider qualification pending
A07,failure://occlusion and hidden state/visibility_bridge_attachment_loss/a07,Occlusion and hidden state,Visibility-bridge attachment loss,high,requires_visual_or_control_conditioning,2,L4,"pose, mask, depth, trajectory, or control video",Use per-actor nonoverlapping masks/tracks and validate control assets before generation.,Makes attachment explicit and machine-checkable.,low prompt cost; medium asset preparation cost,additional asset preparation and/or multiple generated clips,"Can introduce boundary, compositing, reference-transfer, or motion-stiffness artifacts; verify all preserved controls.",provider capability and adapter dependent,mechanistically strong control escalation; exact benefit requires live provider tests,"Re-run metric_visibility_bridge_coverage, metric_reappearance_position_error, metric_identity_continuity, metric_evaluator_disagreement on paired seeds and retain per-seed outcomes.","[""metric_visibility_bridge_coverage"",""metric_reappearance_position_error"",""metric_identity_continuity"",""metric_evaluator_disagreement""]",Restore the prior canonical score/build and preserve the failed candidate as immutable evidence.,"[""No intervention guarantees compliance on stochastic generators.""]","[""B013"",""B018"",""B019"",""B020""]",literature-and-repository-grounded; live provider qualification pending
A07,failure://occlusion and hidden state/visibility_bridge_attachment_loss/a07,Occlusion and hidden state,Visibility-bridge attachment loss,high,requires_visual_or_control_conditioning,3,L5,shot decomposition,Avoid multi-actor full occlusion in one shot; isolate each hidden trajectory or use a cut.,Reduces attachment ambiguity at the scene-design level.,minimal prompt cost; workflow cost may be high,"localized regeneration, substitution, or postproduction","May change style, timing, or already-passing regions; full regression verification required.",provider capability and adapter dependent,fallback intervention; use only after the lower level fails its paired-seed gate,"Re-run metric_visibility_bridge_coverage, metric_reappearance_position_error, metric_identity_continuity, metric_evaluator_disagreement on paired seeds and retain per-seed outcomes.","[""metric_visibility_bridge_coverage"",""metric_reappearance_position_error"",""metric_identity_continuity"",""metric_evaluator_disagreement""]",Restore the prior canonical score/build and preserve the failed candidate as immutable evidence.,"[""No intervention guarantees compliance on stochastic generators.""]","[""B013"",""B018"",""B019"",""B020""]",literature-and-repository-grounded; live provider qualification pending
B01,failure://object permanence and state/object_disappearance/b01,Object permanence and state,Object disappearance,high,requires_visual_or_control_conditioning,1,L2,canonical event/state contract,"Create a State Ledger entry with stable object ID, count, dimensions, material, holder/location, visibility, and legal transitions at every beat boundary.",Makes persistence and possession explicit across the clip.,low-to-medium,none-to-one additional candidate,May dilute other controls if added without compression.,provider capability and adapter dependent,moderate-to-strong where supported by cited benchmark/control literature; provider-specific effect size unqualified,"Re-run metric_object_count_persistence, metric_object_state_transition, metric_identity_continuity on paired seeds and retain per-seed outcomes.","[""metric_object_count_persistence"",""metric_object_state_transition"",""metric_identity_continuity""]",Restore the prior canonical score/build and preserve the failed candidate as immutable evidence.,"[""No intervention guarantees compliance on stochastic generators.""]","[""B011"",""B012"",""B013"",""B017""]",literature-and-repository-grounded; live provider qualification pending
B01,failure://object permanence and state/object_disappearance/b01,Object permanence and state,Object disappearance,high,requires_visual_or_control_conditioning,2,L3,reference image or storyboard,Use product/prop references and keyframes at every critical state or shot boundary.,Anchors appearance and presence where text may be weak.,low prompt cost; medium asset preparation cost,additional asset preparation and/or multiple generated clips,"Can introduce boundary, compositing, reference-transfer, or motion-stiffness artifacts; verify all preserved controls.",provider capability and adapter dependent,mechanistically strong control escalation; exact benefit requires live provider tests,"Re-run metric_object_count_persistence, metric_object_state_transition, metric_identity_continuity on paired seeds and retain per-seed outcomes.","[""metric_object_count_persistence"",""metric_object_state_transition"",""metric_identity_continuity""]",Restore the prior canonical score/build and preserve the failed candidate as immutable evidence.,"[""No intervention guarantees compliance on stochastic generators.""]","[""B011"",""B012"",""B013"",""B017""]",literature-and-repository-grounded; live provider qualification pending
B01,failure://object permanence and state/object_disappearance/b01,Object permanence and state,Object disappearance,high,requires_visual_or_control_conditioning,3,L7,regenerate only the failing interval,"Regenerate only the first interval where the object is lost, using fixed boundary frames and preservation checks.",Targets the earliest divergence before downstream errors compound.,minimal prompt cost; workflow cost may be high,"localized regeneration, substitution, or postproduction","May change style, timing, or already-passing regions; full regression verification required.",provider capability and adapter dependent,fallback intervention; use only after the lower level fails its paired-seed gate,"Re-run metric_object_count_persistence, metric_object_state_transition, metric_identity_continuity on paired seeds and retain per-seed outcomes.","[""metric_object_count_persistence"",""metric_object_state_transition"",""metric_identity_continuity""]",Restore the prior canonical score/build and preserve the failed candidate as immutable evidence.,"[""No intervention guarantees compliance on stochastic generators.""]","[""B011"",""B012"",""B013"",""B017""]",literature-and-repository-grounded; live provider qualification pending
B02,failure://object permanence and state/spontaneous_object_duplication/b02,Object permanence and state,Spontaneous object duplication,high,requires_visual_or_control_conditioning,1,L2,canonical event/state contract,Hard-lock object_count=1 and encode an exclusive possession transition with release preceding acquire.,Eliminates simultaneous ownership and duplicate interpretations from the target contract.,low-to-medium,none-to-one additional candidate,May dilute other controls if added without compression.,provider capability and adapter dependent,moderate-to-strong where supported by cited benchmark/control literature; provider-specific effect size unqualified,"Re-run metric_object_count_persistence, metric_object_state_transition, metric_contact_distance on paired seeds and retain per-seed outcomes.","[""metric_object_count_persistence"",""metric_object_state_transition"",""metric_contact_distance""]",Restore the prior canonical score/build and preserve the failed candidate as immutable evidence.,"[""No intervention guarantees compliance on stochastic generators.""]","[""B011"",""B013"",""B017"",""B018""]",literature-and-repository-grounded; live provider qualification pending
B02,failure://object permanence and state/spontaneous_object_duplication/b02,Object permanence and state,Spontaneous object duplication,high,requires_visual_or_control_conditioning,2,L4,"pose, mask, depth, trajectory, or control video",Track the object with a mask/point trajectory or provide handoff control frames.,Carries one continuous object identity through the interaction.,low prompt cost; medium asset preparation cost,additional asset preparation and/or multiple generated clips,"Can introduce boundary, compositing, reference-transfer, or motion-stiffness artifacts; verify all preserved controls.",provider capability and adapter dependent,mechanistically strong control escalation; exact benefit requires live provider tests,"Re-run metric_object_count_persistence, metric_object_state_transition, metric_contact_distance on paired seeds and retain per-seed outcomes.","[""metric_object_count_persistence"",""metric_object_state_transition"",""metric_contact_distance""]",Restore the prior canonical score/build and preserve the failed candidate as immutable evidence.,"[""No intervention guarantees compliance on stochastic generators.""]","[""B011"",""B013"",""B017"",""B018""]",literature-and-repository-grounded; live provider qualification pending
B02,failure://object permanence and state/spontaneous_object_duplication/b02,Object permanence and state,Spontaneous object duplication,high,requires_visual_or_control_conditioning,3,L6,postproduction/compositing,Composite or paint out duplicate objects after validating the intended trajectory.,Provides deterministic count correction when interaction generation remains unstable.,minimal prompt cost; workflow cost may be high,"localized regeneration, substitution, or postproduction","May change style, timing, or already-passing regions; full regression verification required.",provider capability and adapter dependent,fallback intervention; use only after the lower level fails its paired-seed gate,"Re-run metric_object_count_persistence, metric_object_state_transition, metric_contact_distance on paired seeds and retain per-seed outcomes.","[""metric_object_count_persistence"",""metric_object_state_transition"",""metric_contact_distance""]",Restore the prior canonical score/build and preserve the failed candidate as immutable evidence.,"[""No intervention guarantees compliance on stochastic generators.""]","[""B011"",""B013"",""B017"",""B018""]",literature-and-repository-grounded; live provider qualification pending
B03,failure://object permanence and state/prop_replacement/b03,Object permanence and state,Prop replacement,high,requires_visual_or_control_conditioning,1,L2,canonical event/state contract,"Encode immutable product identity, key dimensions, material, brand-critical marks, and allowed articulation separately from action.",Distinguishes fixed identity from permitted mechanical state changes.,low-to-medium,none-to-one additional candidate,May dilute other controls if added without compression.,provider capability and adapter dependent,moderate-to-strong where supported by cited benchmark/control literature; provider-specific effect size unqualified,"Re-run metric_identity_continuity, metric_object_state_transition, metric_human_readability on paired seeds and retain per-seed outcomes.","[""metric_identity_continuity"",""metric_object_state_transition"",""metric_human_readability""]",Restore the prior canonical score/build and preserve the failed candidate as immutable evidence.,"[""No intervention guarantees compliance on stochastic generators.""]","[""B002"",""B011"",""B015"",""B017""]",literature-and-repository-grounded; live provider qualification pending
B03,failure://object permanence and state/prop_replacement/b03,Object permanence and state,Prop replacement,high,requires_visual_or_control_conditioning,2,L3,reference image or storyboard,Provide multi-view product references and state-specific keyframes for each manipulation stage.,Supplies the geometry and appearance that prose cannot reliably specify.,low prompt cost; medium asset preparation cost,additional asset preparation and/or multiple generated clips,"Can introduce boundary, compositing, reference-transfer, or motion-stiffness artifacts; verify all preserved controls.",provider capability and adapter dependent,mechanistically strong control escalation; exact benefit requires live provider tests,"Re-run metric_identity_continuity, metric_object_state_transition, metric_human_readability on paired seeds and retain per-seed outcomes.","[""metric_identity_continuity"",""metric_object_state_transition"",""metric_human_readability""]",Restore the prior canonical score/build and preserve the failed candidate as immutable evidence.,"[""No intervention guarantees compliance on stochastic generators.""]","[""B002"",""B011"",""B015"",""B017""]",literature-and-repository-grounded; live provider qualification pending
B03,failure://object permanence and state/prop_replacement/b03,Object permanence and state,Prop replacement,high,requires_visual_or_control_conditioning,3,L6,postproduction/compositing,Render or composite the product separately with tracked hands/occlusion mattes.,Protects brand/product geometry when model-native manipulation is unreliable.,minimal prompt cost; workflow cost may be high,"localized regeneration, substitution, or postproduction","May change style, timing, or already-passing regions; full regression verification required.",provider capability and adapter dependent,fallback intervention; use only after the lower level fails its paired-seed gate,"Re-run metric_identity_continuity, metric_object_state_transition, metric_human_readability on paired seeds and retain per-seed outcomes.","[""metric_identity_continuity"",""metric_object_state_transition"",""metric_human_readability""]",Restore the prior canonical score/build and preserve the failed candidate as immutable evidence.,"[""No intervention guarantees compliance on stochastic generators.""]","[""B002"",""B011"",""B015"",""B017""]",literature-and-repository-grounded; live provider qualification pending
B04,failure://object permanence and state/unauthorized_object_state_reset/b04,Object permanence and state,Unauthorized object-state reset,high,requires_visual_or_control_conditioning,1,L2,canonical event/state contract,"Use monotonic or typed state transitions with preconditions, postconditions, and explicit reversibility; carry the resulting state into every later shot manifest.",Prevents later shots from defaulting to the initial object state.,low-to-medium,none-to-one additional candidate,May dilute other controls if added without compression.,provider capability and adapter dependent,moderate-to-strong where supported by cited benchmark/control literature; provider-specific effect size unqualified,"Re-run metric_object_state_transition, metric_object_count_persistence, metric_event_graph_agreement on paired seeds and retain per-seed outcomes.","[""metric_object_state_transition"",""metric_object_count_persistence"",""metric_event_graph_agreement""]",Restore the prior canonical score/build and preserve the failed candidate as immutable evidence.,"[""No intervention guarantees compliance on stochastic generators.""]","[""B003"",""B011"",""B014"",""B017""]",literature-and-repository-grounded; live provider qualification pending
B04,failure://object permanence and state/unauthorized_object_state_reset/b04,Object permanence and state,Unauthorized object-state reset,high,requires_visual_or_control_conditioning,2,L3,reference image or storyboard,Condition each shot on the correct prior-state keyframe rather than the pristine reference.,Transfers the changed state visually across generation boundaries.,low prompt cost; medium asset preparation cost,additional asset preparation and/or multiple generated clips,"Can introduce boundary, compositing, reference-transfer, or motion-stiffness artifacts; verify all preserved controls.",provider capability and adapter dependent,mechanistically strong control escalation; exact benefit requires live provider tests,"Re-run metric_object_state_transition, metric_object_count_persistence, metric_event_graph_agreement on paired seeds and retain per-seed outcomes.","[""metric_object_state_transition"",""metric_object_count_persistence"",""metric_event_graph_agreement""]",Restore the prior canonical score/build and preserve the failed candidate as immutable evidence.,"[""No intervention guarantees compliance on stochastic generators.""]","[""B003"",""B011"",""B014"",""B017""]",literature-and-repository-grounded; live provider qualification pending
B04,failure://object permanence and state/unauthorized_object_state_reset/b04,Object permanence and state,Unauthorized object-state reset,high,requires_visual_or_control_conditioning,3,L6,postproduction/compositing,Create and reuse a state-specific asset/plate for all later shots.,Makes state persistence deterministic across separately generated clips.,minimal prompt cost; workflow cost may be high,"localized regeneration, substitution, or postproduction","May change style, timing, or already-passing regions; full regression verification required.",provider capability and adapter dependent,fallback intervention; use only after the lower level fails its paired-seed gate,"Re-run metric_object_state_transition, metric_object_count_persistence, metric_event_graph_agreement on paired seeds and retain per-seed outcomes.","[""metric_object_state_transition"",""metric_object_count_persistence"",""metric_event_graph_agreement""]",Restore the prior canonical score/build and preserve the failed candidate as immutable evidence.,"[""No intervention guarantees compliance on stochastic generators.""]","[""B003"",""B011"",""B014"",""B017""]",literature-and-repository-grounded; live provider qualification pending
B05,failure://object permanence and state/dimension_color_or_material_drift/b05,Object permanence and state,"Dimension, color, or material drift",high,requires_visual_or_control_conditioning,1,L2,canonical event/state contract,Store immutable dimensions/material identifiers plus a visible scale anchor and separate world size from projected screen size.,Prevents zoom or perspective changes from authorizing geometry drift.,low-to-medium,none-to-one additional candidate,May dilute other controls if added without compression.,provider capability and adapter dependent,moderate-to-strong where supported by cited benchmark/control literature; provider-specific effect size unqualified,"Re-run metric_identity_continuity, metric_material_state_consistency, metric_camera_motion_agreement on paired seeds and retain per-seed outcomes.","[""metric_identity_continuity"",""metric_material_state_consistency"",""metric_camera_motion_agreement""]",Restore the prior canonical score/build and preserve the failed candidate as immutable evidence.,"[""No intervention guarantees compliance on stochastic generators.""]","[""B011"",""B015"",""B016""]",literature-and-repository-grounded; live provider qualification pending
B05,failure://object permanence and state/dimension_color_or_material_drift/b05,Object permanence and state,"Dimension, color, or material drift",high,requires_visual_or_control_conditioning,2,L3,reference image or storyboard,Use multi-view reference images with consistent lighting/material capture and start/end state keyframes.,Provides direct appearance and proportion anchors.,low prompt cost; medium asset preparation cost,additional asset preparation and/or multiple generated clips,"Can introduce boundary, compositing, reference-transfer, or motion-stiffness artifacts; verify all preserved controls.",provider capability and adapter dependent,mechanistically strong control escalation; exact benefit requires live provider tests,"Re-run metric_identity_continuity, metric_material_state_consistency, metric_camera_motion_agreement on paired seeds and retain per-seed outcomes.","[""metric_identity_continuity"",""metric_material_state_consistency"",""metric_camera_motion_agreement""]",Restore the prior canonical score/build and preserve the failed candidate as immutable evidence.,"[""No intervention guarantees compliance on stochastic generators.""]","[""B011"",""B015"",""B016""]",literature-and-repository-grounded; live provider qualification pending
B05,failure://object permanence and state/dimension_color_or_material_drift/b05,Object permanence and state,"Dimension, color, or material drift",high,requires_visual_or_control_conditioning,3,L6,postproduction/compositing,Use product rendering/compositing for geometry- or brand-critical objects.,Avoids stochastic re-synthesis of exact geometry and materials.,minimal prompt cost; workflow cost may be high,"localized regeneration, substitution, or postproduction","May change style, timing, or already-passing regions; full regression verification required.",provider capability and adapter dependent,fallback intervention; use only after the lower level fails its paired-seed gate,"Re-run metric_identity_continuity, metric_material_state_consistency, metric_camera_motion_agreement on paired seeds and retain per-seed outcomes.","[""metric_identity_continuity"",""metric_material_state_consistency"",""metric_camera_motion_agreement""]",Restore the prior canonical score/build and preserve the failed candidate as immutable evidence.,"[""No intervention guarantees compliance on stochastic generators.""]","[""B011"",""B015"",""B016""]",literature-and-repository-grounded; live provider qualification pending
B06,failure://object permanence and state/hand_object_detachment/b06,Object permanence and state,Hand–object detachment,high,requires_visual_or_control_conditioning,1,L2,canonical event/state contract,"Compile a grasp/support contact contract with hand, object, contact regions, grip interval, release event, acquire event, and possession exclusivity.",Defines the interaction geometry and temporal order explicitly.,low-to-medium,none-to-one additional candidate,May dilute other controls if added without compression.,provider capability and adapter dependent,moderate-to-strong where supported by cited benchmark/control literature; provider-specific effect size unqualified,"Re-run metric_contact_distance, metric_object_state_transition, metric_penetration_duration, metric_event_graph_agreement on paired seeds and retain per-seed outcomes.","[""metric_contact_distance"",""metric_object_state_transition"",""metric_penetration_duration"",""metric_event_graph_agreement""]",Restore the prior canonical score/build and preserve the failed candidate as immutable evidence.,"[""No intervention guarantees compliance on stochastic generators.""]","[""B004"",""B005"",""B017"",""B019"",""B020""]",literature-and-repository-grounded; live provider qualification pending
B06,failure://object permanence and state/hand_object_detachment/b06,Object permanence and state,Hand–object detachment,high,requires_visual_or_control_conditioning,2,L4,"pose, mask, depth, trajectory, or control video","Use hand/object pose or trajectory controls and keyframes at acquire, stable hold, and release.",Constrains the most failure-prone contact frames.,low prompt cost; medium asset preparation cost,additional asset preparation and/or multiple generated clips,"Can introduce boundary, compositing, reference-transfer, or motion-stiffness artifacts; verify all preserved controls.",provider capability and adapter dependent,mechanistically strong control escalation; exact benefit requires live provider tests,"Re-run metric_contact_distance, metric_object_state_transition, metric_penetration_duration, metric_event_graph_agreement on paired seeds and retain per-seed outcomes.","[""metric_contact_distance"",""metric_object_state_transition"",""metric_penetration_duration"",""metric_event_graph_agreement""]",Restore the prior canonical score/build and preserve the failed candidate as immutable evidence.,"[""No intervention guarantees compliance on stochastic generators.""]","[""B004"",""B005"",""B017"",""B019"",""B020""]",literature-and-repository-grounded; live provider qualification pending
B06,failure://object permanence and state/hand_object_detachment/b06,Object permanence and state,Hand–object detachment,high,requires_visual_or_control_conditioning,3,L5,shot decomposition,"Separate the handoff into setup, exchange, and post-exchange shots or use a cut on contact.",Reduces simultaneous hand/prop topology demands.,minimal prompt cost; workflow cost may be high,"localized regeneration, substitution, or postproduction","May change style, timing, or already-passing regions; full regression verification required.",provider capability and adapter dependent,fallback intervention; use only after the lower level fails its paired-seed gate,"Re-run metric_contact_distance, metric_object_state_transition, metric_penetration_duration, metric_event_graph_agreement on paired seeds and retain per-seed outcomes.","[""metric_contact_distance"",""metric_object_state_transition"",""metric_penetration_duration"",""metric_event_graph_agreement""]",Restore the prior canonical score/build and preserve the failed candidate as immutable evidence.,"[""No intervention guarantees compliance on stochastic generators.""]","[""B004"",""B005"",""B017"",""B019"",""B020""]",literature-and-repository-grounded; live provider qualification pending
B07,failure://object permanence and state/reflection_becomes_a_physical_duplicate/b07,Object permanence and state,Reflection becomes a physical duplicate,high,requires_visual_or_control_conditioning,1,L2,canonical event/state contract,Type reflections and shadows as non-entity render phenomena linked to a source entity and constrained to a surface/lighting relation.,Prevents them from participating as independent actors in the canonical graph.,low-to-medium,none-to-one additional candidate,May dilute other controls if added without compression.,provider capability and adapter dependent,moderate-to-strong where supported by cited benchmark/control literature; provider-specific effect size unqualified,"Re-run metric_actor_count_consistency, metric_object_count_persistence, metric_evaluator_disagreement on paired seeds and retain per-seed outcomes.","[""metric_actor_count_consistency"",""metric_object_count_persistence"",""metric_evaluator_disagreement""]",Restore the prior canonical score/build and preserve the failed candidate as immutable evidence.,"[""No intervention guarantees compliance on stochastic generators.""]","[""B013"",""B017"",""B018""]",literature-and-repository-grounded; live provider qualification pending
B07,failure://object permanence and state/reflection_becomes_a_physical_duplicate/b07,Object permanence and state,Reflection becomes a physical duplicate,high,requires_visual_or_control_conditioning,2,L4,"pose, mask, depth, trajectory, or control video",Provide reflection-plane masks or generate the clean scene and reflection in separate controlled layers.,Separates physical entities from optical phenomena.,low prompt cost; medium asset preparation cost,additional asset preparation and/or multiple generated clips,"Can introduce boundary, compositing, reference-transfer, or motion-stiffness artifacts; verify all preserved controls.",provider capability and adapter dependent,mechanistically strong control escalation; exact benefit requires live provider tests,"Re-run metric_actor_count_consistency, metric_object_count_persistence, metric_evaluator_disagreement on paired seeds and retain per-seed outcomes.","[""metric_actor_count_consistency"",""metric_object_count_persistence"",""metric_evaluator_disagreement""]",Restore the prior canonical score/build and preserve the failed candidate as immutable evidence.,"[""No intervention guarantees compliance on stochastic generators.""]","[""B013"",""B017"",""B018""]",literature-and-repository-grounded; live provider qualification pending
B07,failure://object permanence and state/reflection_becomes_a_physical_duplicate/b07,Object permanence and state,Reflection becomes a physical duplicate,high,requires_visual_or_control_conditioning,3,L6,postproduction/compositing,Composite or replace reflections in postproduction using the accepted source-entity motion.,Makes optical duplication deterministic.,minimal prompt cost; workflow cost may be high,"localized regeneration, substitution, or postproduction","May change style, timing, or already-passing regions; full regression verification required.",provider capability and adapter dependent,fallback intervention; use only after the lower level fails its paired-seed gate,"Re-run metric_actor_count_consistency, metric_object_count_persistence, metric_evaluator_disagreement on paired seeds and retain per-seed outcomes.","[""metric_actor_count_consistency"",""metric_object_count_persistence"",""metric_evaluator_disagreement""]",Restore the prior canonical score/build and preserve the failed candidate as immutable evidence.,"[""No intervention guarantees compliance on stochastic generators.""]","[""B013"",""B017"",""B018""]",literature-and-repository-grounded; live provider qualification pending
C01,failure://identity and role/face_body_hair_or_costume_drift/c01,Identity and role,"Face, body, hair, or costume drift",high,requires_visual_or_control_conditioning,1,L2,canonical event/state contract,"Define a multimodal identity ledger with face, body shape, hair, costume, voice, and role signatures; separate immutable from intentionally variable traits.",Makes identity continuity testable beyond face similarity.,low-to-medium,none-to-one additional candidate,May dilute other controls if added without compression.,provider capability and adapter dependent,moderate-to-strong where supported by cited benchmark/control literature; provider-specific effect size unqualified,"Re-run metric_identity_continuity, metric_actor_count_consistency, metric_human_readability on paired seeds and retain per-seed outcomes.","[""metric_identity_continuity"",""metric_actor_count_consistency"",""metric_human_readability""]",Restore the prior canonical score/build and preserve the failed candidate as immutable evidence.,"[""No intervention guarantees compliance on stochastic generators.""]","[""B015"",""B017"",""B019""]",literature-and-repository-grounded; live provider qualification pending
C01,failure://identity and role/face_body_hair_or_costume_drift/c01,Identity and role,"Face, body, hair, or costume drift",high,requires_visual_or_control_conditioning,2,L3,reference image or storyboard,Provide multi-view full-body/face/costume references and shot-boundary keyframes.,Reduces underdetermination across pose and view changes.,low prompt cost; medium asset preparation cost,additional asset preparation and/or multiple generated clips,"Can introduce boundary, compositing, reference-transfer, or motion-stiffness artifacts; verify all preserved controls.",provider capability and adapter dependent,mechanistically strong control escalation; exact benefit requires live provider tests,"Re-run metric_identity_continuity, metric_actor_count_consistency, metric_human_readability on paired seeds and retain per-seed outcomes.","[""metric_identity_continuity"",""metric_actor_count_consistency"",""metric_human_readability""]",Restore the prior canonical score/build and preserve the failed candidate as immutable evidence.,"[""No intervention guarantees compliance on stochastic generators.""]","[""B015"",""B017"",""B019""]",literature-and-repository-grounded; live provider qualification pending
C01,failure://identity and role/face_body_hair_or_costume_drift/c01,Identity and role,"Face, body, hair, or costume drift",high,requires_visual_or_control_conditioning,3,L5,shot decomposition,Generate shorter shots within the identity recurrence horizon and edit them using shared boundary frames.,Limits cumulative identity drift.,minimal prompt cost; workflow cost may be high,"localized regeneration, substitution, or postproduction","May change style, timing, or already-passing regions; full regression verification required.",provider capability and adapter dependent,fallback intervention; use only after the lower level fails its paired-seed gate,"Re-run metric_identity_continuity, metric_actor_count_consistency, metric_human_readability on paired seeds and retain per-seed outcomes.","[""metric_identity_continuity"",""metric_actor_count_consistency"",""metric_human_readability""]",Restore the prior canonical score/build and preserve the failed candidate as immutable evidence.,"[""No intervention guarantees compliance on stochastic generators.""]","[""B015"",""B017"",""B019""]",literature-and-repository-grounded; live provider qualification pending
C02,failure://identity and role/actor_fusion_during_interaction/c02,Identity and role,Actor fusion during interaction,high,requires_visual_or_control_conditioning,1,L2,canonical event/state contract,"Declare stable actor IDs, depth lanes, allowed contact regions, minimum separability, and pre/post-contact poses.",Defines how actors may overlap without losing identity/topology.,low-to-medium,none-to-one additional candidate,May dilute other controls if added without compression.,provider capability and adapter dependent,moderate-to-strong where supported by cited benchmark/control literature; provider-specific effect size unqualified,"Re-run metric_actor_count_consistency, metric_identity_continuity, metric_penetration_duration, metric_contact_distance on paired seeds and retain per-seed outcomes.","[""metric_actor_count_consistency"",""metric_identity_continuity"",""metric_penetration_duration"",""metric_contact_distance""]",Restore the prior canonical score/build and preserve the failed candidate as immutable evidence.,"[""No intervention guarantees compliance on stochastic generators.""]","[""B002"",""B004"",""B017"",""B018""]",literature-and-repository-grounded; live provider qualification pending
C02,failure://identity and role/actor_fusion_during_interaction/c02,Identity and role,Actor fusion during interaction,high,requires_visual_or_control_conditioning,2,L4,"pose, mask, depth, trajectory, or control video",Use separate actor masks/poses or control video with readable silhouettes at contact and separation.,Constrains identity ownership during maximum overlap.,low prompt cost; medium asset preparation cost,additional asset preparation and/or multiple generated clips,"Can introduce boundary, compositing, reference-transfer, or motion-stiffness artifacts; verify all preserved controls.",provider capability and adapter dependent,mechanistically strong control escalation; exact benefit requires live provider tests,"Re-run metric_actor_count_consistency, metric_identity_continuity, metric_penetration_duration, metric_contact_distance on paired seeds and retain per-seed outcomes.","[""metric_actor_count_consistency"",""metric_identity_continuity"",""metric_penetration_duration"",""metric_contact_distance""]",Restore the prior canonical score/build and preserve the failed candidate as immutable evidence.,"[""No intervention guarantees compliance on stochastic generators.""]","[""B002"",""B004"",""B017"",""B018""]",literature-and-repository-grounded; live provider qualification pending
C02,failure://identity and role/actor_fusion_during_interaction/c02,Identity and role,Actor fusion during interaction,high,requires_visual_or_control_conditioning,3,L5,shot decomposition,"Cheat contact through camera angle, foreground occlusion, or a cut while keeping actors separately readable before and after.",Preserves perceived impact without requiring exact two-body topology.,minimal prompt cost; workflow cost may be high,"localized regeneration, substitution, or postproduction","May change style, timing, or already-passing regions; full regression verification required.",provider capability and adapter dependent,fallback intervention; use only after the lower level fails its paired-seed gate,"Re-run metric_actor_count_consistency, metric_identity_continuity, metric_penetration_duration, metric_contact_distance on paired seeds and retain per-seed outcomes.","[""metric_actor_count_consistency"",""metric_identity_continuity"",""metric_penetration_duration"",""metric_contact_distance""]",Restore the prior canonical score/build and preserve the failed candidate as immutable evidence.,"[""No intervention guarantees compliance on stochastic generators.""]","[""B002"",""B004"",""B017"",""B018""]",literature-and-repository-grounded; live provider qualification pending
C03,failure://identity and role/actor_duplication_outside_occlusion/c03,Identity and role,Actor duplication outside occlusion,high,requires_visual_or_control_conditioning,1,L2,canonical event/state contract,Separate graphic smear instances from persistent entities and carry a per-shot cast/count ledger with mandatory recovery frame.,Allows temporary graphic duplication without authorizing physical actor duplication.,low-to-medium,none-to-one additional candidate,May dilute other controls if added without compression.,provider capability and adapter dependent,moderate-to-strong where supported by cited benchmark/control literature; provider-specific effect size unqualified,"Re-run metric_actor_count_consistency, metric_edit_graphic_classification, metric_anatomy_recovery_latency on paired seeds and retain per-seed outcomes.","[""metric_actor_count_consistency"",""metric_edit_graphic_classification"",""metric_anatomy_recovery_latency""]",Restore the prior canonical score/build and preserve the failed candidate as immutable evidence.,"[""No intervention guarantees compliance on stochastic generators.""]","[""B015"",""B017"",""B018""]",literature-and-repository-grounded; live provider qualification pending
C03,failure://identity and role/actor_duplication_outside_occlusion/c03,Identity and role,Actor duplication outside occlusion,high,requires_visual_or_control_conditioning,2,L3,reference image or storyboard,Provide pre-smear and recovery keyframes with exact cast and screen lanes.,Anchors the physical actor count around the graphic accent.,low prompt cost; medium asset preparation cost,additional asset preparation and/or multiple generated clips,"Can introduce boundary, compositing, reference-transfer, or motion-stiffness artifacts; verify all preserved controls.",provider capability and adapter dependent,mechanistically strong control escalation; exact benefit requires live provider tests,"Re-run metric_actor_count_consistency, metric_edit_graphic_classification, metric_anatomy_recovery_latency on paired seeds and retain per-seed outcomes.","[""metric_actor_count_consistency"",""metric_edit_graphic_classification"",""metric_anatomy_recovery_latency""]",Restore the prior canonical score/build and preserve the failed candidate as immutable evidence.,"[""No intervention guarantees compliance on stochastic generators.""]","[""B015"",""B017"",""B018""]",literature-and-repository-grounded; live provider qualification pending
C03,failure://identity and role/actor_duplication_outside_occlusion/c03,Identity and role,Actor duplication outside occlusion,high,requires_visual_or_control_conditioning,3,L6,postproduction/compositing,Create smear/ghost accents as postproduction layers over a clean single-actor plate.,Decouples visual stylization from entity generation.,minimal prompt cost; workflow cost may be high,"localized regeneration, substitution, or postproduction","May change style, timing, or already-passing regions; full regression verification required.",provider capability and adapter dependent,fallback intervention; use only after the lower level fails its paired-seed gate,"Re-run metric_actor_count_consistency, metric_edit_graphic_classification, metric_anatomy_recovery_latency on paired seeds and retain per-seed outcomes.","[""metric_actor_count_consistency"",""metric_edit_graphic_classification"",""metric_anatomy_recovery_latency""]",Restore the prior canonical score/build and preserve the failed candidate as immutable evidence.,"[""No intervention guarantees compliance on stochastic generators.""]","[""B015"",""B017"",""B018""]",literature-and-repository-grounded; live provider qualification pending
C04,failure://identity and role/initiator_target_or_attacker_defender_role_swap/c04,Identity and role,Initiator/target or attacker/defender role swap,high,partially_mitigated_by_prompting,1,L2,canonical event/state contract,"Encode typed event roles—initiator, target, instrument, contact region, reactor—and bind each role to stable entity IDs at every event.",Removes role inference from surface grammar and screen position.,low-to-medium,none-to-one additional candidate,May dilute other controls if added without compression.,provider capability and adapter dependent,moderate-to-strong where supported by cited benchmark/control literature; provider-specific effect size unqualified,"Re-run metric_role_assignment_accuracy, metric_event_graph_agreement, metric_causal_edge_accuracy, metric_identity_continuity on paired seeds and retain per-seed outcomes.","[""metric_role_assignment_accuracy"",""metric_event_graph_agreement"",""metric_causal_edge_accuracy"",""metric_identity_continuity""]",Restore the prior canonical score/build and preserve the failed candidate as immutable evidence.,"[""No intervention guarantees compliance on stochastic generators.""]","[""B002"",""B003"",""B017""]",literature-and-repository-grounded; live provider qualification pending
C04,failure://identity and role/initiator_target_or_attacker_defender_role_swap/c04,Identity and role,Initiator/target or attacker/defender role swap,high,partially_mitigated_by_prompting,2,L3,reference image or storyboard,"Use color-coded actor references and a storyboard with role-labeled poses at setup, apex, and reaction.",Provides visual role anchors at critical times.,low prompt cost; medium asset preparation cost,additional asset preparation and/or multiple generated clips,"Can introduce boundary, compositing, reference-transfer, or motion-stiffness artifacts; verify all preserved controls.",provider capability and adapter dependent,mechanistically strong control escalation; exact benefit requires live provider tests,"Re-run metric_role_assignment_accuracy, metric_event_graph_agreement, metric_causal_edge_accuracy, metric_identity_continuity on paired seeds and retain per-seed outcomes.","[""metric_role_assignment_accuracy"",""metric_event_graph_agreement"",""metric_causal_edge_accuracy"",""metric_identity_continuity""]",Restore the prior canonical score/build and preserve the failed candidate as immutable evidence.,"[""No intervention guarantees compliance on stochastic generators.""]","[""B002"",""B003"",""B017""]",literature-and-repository-grounded; live provider qualification pending
C04,failure://identity and role/initiator_target_or_attacker_defender_role_swap/c04,Identity and role,Initiator/target or attacker/defender role swap,high,partially_mitigated_by_prompting,3,L5,shot decomposition,Avoid actor crossings in the same generated shot or split before the role-critical event.,Reduces role rebinding pressure.,minimal prompt cost; workflow cost may be high,"localized regeneration, substitution, or postproduction","May change style, timing, or already-passing regions; full regression verification required.",provider capability and adapter dependent,fallback intervention; use only after the lower level fails its paired-seed gate,"Re-run metric_role_assignment_accuracy, metric_event_graph_agreement, metric_causal_edge_accuracy, metric_identity_continuity on paired seeds and retain per-seed outcomes.","[""metric_role_assignment_accuracy"",""metric_event_graph_agreement"",""metric_causal_edge_accuracy"",""metric_identity_continuity""]",Restore the prior canonical score/build and preserve the failed candidate as immutable evidence.,"[""No intervention guarantees compliance on stochastic generators.""]","[""B002"",""B003"",""B017""]",literature-and-repository-grounded; live provider qualification pending
C05,failure://identity and role/target_assignment_confusion/c05,Identity and role,Target assignment confusion,high,partially_mitigated_by_prompting,1,L1,structured prompt repair,Resolve every deictic/pronoun reference into an explicit target entity and target region before provider serialization.,Eliminates avoidable linguistic target ambiguity.,low-to-medium,none-to-one additional candidate,May dilute other controls if added without compression.,provider capability and adapter dependent,moderate-to-strong where supported by cited benchmark/control literature; provider-specific effect size unqualified,"Re-run metric_role_assignment_accuracy, metric_spatial_relation_accuracy, metric_effect_origin_error, metric_event_graph_agreement on paired seeds and retain per-seed outcomes.","[""metric_role_assignment_accuracy"",""metric_spatial_relation_accuracy"",""metric_effect_origin_error"",""metric_event_graph_agreement""]",Restore the prior canonical score/build and preserve the failed candidate as immutable evidence.,"[""No intervention guarantees compliance on stochastic generators.""]","[""B002"",""B017""]",literature-and-repository-grounded; live provider qualification pending
C05,failure://identity and role/target_assignment_confusion/c05,Identity and role,Target assignment confusion,high,partially_mitigated_by_prompting,2,L2,canonical event/state contract,"Add typed target edges, gaze/trajectory endpoints, and target-region constraints to the canonical event graph.",Makes target correctness verifiable across modalities.,low,one additional candidate,"Can introduce boundary, compositing, reference-transfer, or motion-stiffness artifacts; verify all preserved controls.",provider capability and adapter dependent,mechanistically strong control escalation; exact benefit requires live provider tests,"Re-run metric_role_assignment_accuracy, metric_spatial_relation_accuracy, metric_effect_origin_error, metric_event_graph_agreement on paired seeds and retain per-seed outcomes.","[""metric_role_assignment_accuracy"",""metric_spatial_relation_accuracy"",""metric_effect_origin_error"",""metric_event_graph_agreement""]",Restore the prior canonical score/build and preserve the failed candidate as immutable evidence.,"[""No intervention guarantees compliance on stochastic generators.""]","[""B002"",""B017""]",literature-and-repository-grounded; live provider qualification pending
C05,failure://identity and role/target_assignment_confusion/c05,Identity and role,Target assignment confusion,high,partially_mitigated_by_prompting,3,L4,"pose, mask, depth, trajectory, or control video","Use target masks, trajectory guides, or reference storyboard arrows where the provider supports visual control.",Carries target geometry directly.,minimal prompt cost; workflow cost may be high,"localized regeneration, substitution, or postproduction","May change style, timing, or already-passing regions; full regression verification required.",provider capability and adapter dependent,fallback intervention; use only after the lower level fails its paired-seed gate,"Re-run metric_role_assignment_accuracy, metric_spatial_relation_accuracy, metric_effect_origin_error, metric_event_graph_agreement on paired seeds and retain per-seed outcomes.","[""metric_role_assignment_accuracy"",""metric_spatial_relation_accuracy"",""metric_effect_origin_error"",""metric_event_graph_agreement""]",Restore the prior canonical score/build and preserve the failed candidate as immutable evidence.,"[""No intervention guarantees compliance on stochastic generators.""]","[""B002"",""B017""]",literature-and-repository-grounded; live provider qualification pending
C06,failure://identity and role/screen_side_actor_swap/c06,Identity and role,Screen-side actor swap,high,requires_visual_or_control_conditioning,1,L2,canonical event/state contract,Define identity independently from screen side; encode lane transitions and camera transforms as explicit state transitions.,Prevents screen projection from becoming the identity key.,low-to-medium,none-to-one additional candidate,May dilute other controls if added without compression.,provider capability and adapter dependent,moderate-to-strong where supported by cited benchmark/control literature; provider-specific effect size unqualified,"Re-run metric_identity_continuity, metric_screen_direction_consistency, metric_spatial_relation_accuracy, metric_axis_crossing_count on paired seeds and retain per-seed outcomes.","[""metric_identity_continuity"",""metric_screen_direction_consistency"",""metric_spatial_relation_accuracy"",""metric_axis_crossing_count""]",Restore the prior canonical score/build and preserve the failed candidate as immutable evidence.,"[""No intervention guarantees compliance on stochastic generators.""]","[""B002"",""B015"",""B017"",""B019""]",literature-and-repository-grounded; live provider qualification pending
C06,failure://identity and role/screen_side_actor_swap/c06,Identity and role,Screen-side actor swap,high,requires_visual_or_control_conditioning,2,L3,reference image or storyboard,Use distinct wardrobe/reference signatures and shot-boundary panels labeled by entity ID and world position.,Anchors identities when screen lanes change.,low prompt cost; medium asset preparation cost,additional asset preparation and/or multiple generated clips,"Can introduce boundary, compositing, reference-transfer, or motion-stiffness artifacts; verify all preserved controls.",provider capability and adapter dependent,mechanistically strong control escalation; exact benefit requires live provider tests,"Re-run metric_identity_continuity, metric_screen_direction_consistency, metric_spatial_relation_accuracy, metric_axis_crossing_count on paired seeds and retain per-seed outcomes.","[""metric_identity_continuity"",""metric_screen_direction_consistency"",""metric_spatial_relation_accuracy"",""metric_axis_crossing_count""]",Restore the prior canonical score/build and preserve the failed candidate as immutable evidence.,"[""No intervention guarantees compliance on stochastic generators.""]","[""B002"",""B015"",""B017"",""B019""]",literature-and-repository-grounded; live provider qualification pending
C06,failure://identity and role/screen_side_actor_swap/c06,Identity and role,Screen-side actor swap,high,requires_visual_or_control_conditioning,3,L5,shot decomposition,Keep the axis and screen lanes stable for role-critical choreography; move the camera or actors in separate shots.,Avoids simultaneous identity and coordinate-frame rebinding.,minimal prompt cost; workflow cost may be high,"localized regeneration, substitution, or postproduction","May change style, timing, or already-passing regions; full regression verification required.",provider capability and adapter dependent,fallback intervention; use only after the lower level fails its paired-seed gate,"Re-run metric_identity_continuity, metric_screen_direction_consistency, metric_spatial_relation_accuracy, metric_axis_crossing_count on paired seeds and retain per-seed outcomes.","[""metric_identity_continuity"",""metric_screen_direction_consistency"",""metric_spatial_relation_accuracy"",""metric_axis_crossing_count""]",Restore the prior canonical score/build and preserve the failed candidate as immutable evidence.,"[""No intervention guarantees compliance on stochastic generators.""]","[""B002"",""B015"",""B017"",""B019""]",literature-and-repository-grounded; live provider qualification pending
C07,failure://identity and role/voice_or_mannerism_identity_drift/c07,Identity and role,Voice or mannerism identity drift,high,requires_visual_or_control_conditioning,1,L2,canonical event/state contract,"Bind each utterance and performance signature to a stable speaker ID; store voice reference/hash, prosody constraints, and gesture/gaze motifs separately.",Prevents voice and behavior from being inferred from transient screen position.,low-to-medium,none-to-one additional candidate,May dilute other controls if added without compression.,provider capability and adapter dependent,moderate-to-strong where supported by cited benchmark/control literature; provider-specific effect size unqualified,"Re-run metric_role_assignment_accuracy, metric_lip_sync_offset, metric_audio_event_alignment, metric_identity_continuity on paired seeds and retain per-seed outcomes.","[""metric_role_assignment_accuracy"",""metric_lip_sync_offset"",""metric_audio_event_alignment"",""metric_identity_continuity""]",Restore the prior canonical score/build and preserve the failed candidate as immutable evidence.,"[""No intervention guarantees compliance on stochastic generators.""]","[""B015"",""B022"",""B023"",""B024""]",literature-and-repository-grounded; live provider qualification pending
C07,failure://identity and role/voice_or_mannerism_identity_drift/c07,Identity and role,Voice or mannerism identity drift,high,requires_visual_or_control_conditioning,2,L3,reference image or storyboard,Use approved voice/reference assets and shot-level speaker keyframes; generate dialogue and complex action separately when necessary.,Provides multimodal identity anchors.,low prompt cost; medium asset preparation cost,additional asset preparation and/or multiple generated clips,"Can introduce boundary, compositing, reference-transfer, or motion-stiffness artifacts; verify all preserved controls.",provider capability and adapter dependent,mechanistically strong control escalation; exact benefit requires live provider tests,"Re-run metric_role_assignment_accuracy, metric_lip_sync_offset, metric_audio_event_alignment, metric_identity_continuity on paired seeds and retain per-seed outcomes.","[""metric_role_assignment_accuracy"",""metric_lip_sync_offset"",""metric_audio_event_alignment"",""metric_identity_continuity""]",Restore the prior canonical score/build and preserve the failed candidate as immutable evidence.,"[""No intervention guarantees compliance on stochastic generators.""]","[""B015"",""B022"",""B023"",""B024""]",literature-and-repository-grounded; live provider qualification pending
C07,failure://identity and role/voice_or_mannerism_identity_drift/c07,Identity and role,Voice or mannerism identity drift,high,requires_visual_or_control_conditioning,3,L6,postproduction/compositing,Replace or align dialogue in postproduction and preserve accepted visual performance.,Makes voice identity and timing deterministic when joint generation drifts.,minimal prompt cost; workflow cost may be high,"localized regeneration, substitution, or postproduction","May change style, timing, or already-passing regions; full regression verification required.",provider capability and adapter dependent,fallback intervention; use only after the lower level fails its paired-seed gate,"Re-run metric_role_assignment_accuracy, metric_lip_sync_offset, metric_audio_event_alignment, metric_identity_continuity on paired seeds and retain per-seed outcomes.","[""metric_role_assignment_accuracy"",""metric_lip_sync_offset"",""metric_audio_event_alignment"",""metric_identity_continuity""]",Restore the prior canonical score/build and preserve the failed candidate as immutable evidence.,"[""No intervention guarantees compliance on stochastic generators.""]","[""B015"",""B022"",""B023"",""B024""]",literature-and-repository-grounded; live provider qualification pending
D01,failure://spatial and screen geography/screen_world_actor_direction_confusion/d01,Spatial and screen geography,Screen/world/actor direction confusion,high,preventable_by_prompting,1,L0,wording repair,"Qualify every direction with its coordinate frame and subject: screen-left, actor's anatomical left, camera yaw left, or world-west.",Eliminates a common lexical ambiguity at negligible cost.,low-to-medium,none-to-one additional candidate,May dilute other controls if added without compression.,provider capability and adapter dependent,moderate-to-strong where supported by cited benchmark/control literature; provider-specific effect size unqualified,"Re-run metric_screen_direction_consistency, metric_spatial_relation_accuracy, metric_camera_motion_agreement on paired seeds and retain per-seed outcomes.","[""metric_screen_direction_consistency"",""metric_spatial_relation_accuracy"",""metric_camera_motion_agreement""]",Restore the prior canonical score/build and preserve the failed candidate as immutable evidence.,"[""No intervention guarantees compliance on stochastic generators.""]","[""B002"",""R005"",""R006""]",literature-and-repository-grounded; live provider qualification pending
D01,failure://spatial and screen geography/screen_world_actor_direction_confusion/d01,Spatial and screen geography,Screen/world/actor direction confusion,high,preventable_by_prompting,2,L2,canonical event/state contract,"Compile a Spatial State Transition Contract with coordinate-frame IDs, transforms, source/target regions, and expected signed displacement.",Makes direction survival through camera and actor orientation changes explicit.,low,one additional candidate,"Can introduce boundary, compositing, reference-transfer, or motion-stiffness artifacts; verify all preserved controls.",provider capability and adapter dependent,mechanistically strong control escalation; exact benefit requires live provider tests,"Re-run metric_screen_direction_consistency, metric_spatial_relation_accuracy, metric_camera_motion_agreement on paired seeds and retain per-seed outcomes.","[""metric_screen_direction_consistency"",""metric_spatial_relation_accuracy"",""metric_camera_motion_agreement""]",Restore the prior canonical score/build and preserve the failed candidate as immutable evidence.,"[""No intervention guarantees compliance on stochastic generators.""]","[""B002"",""R005"",""R006""]",literature-and-repository-grounded; live provider qualification pending
D01,failure://spatial and screen geography/screen_world_actor_direction_confusion/d01,Spatial and screen geography,Screen/world/actor direction confusion,high,preventable_by_prompting,3,L3,reference image or storyboard,Use a labeled storyboard or start/end frames showing screen lanes and facing direction.,Provides direct geometric anchors when text is insufficient.,minimal prompt cost; workflow cost may be high,"localized regeneration, substitution, or postproduction","May change style, timing, or already-passing regions; full regression verification required.",provider capability and adapter dependent,fallback intervention; use only after the lower level fails its paired-seed gate,"Re-run metric_screen_direction_consistency, metric_spatial_relation_accuracy, metric_camera_motion_agreement on paired seeds and retain per-seed outcomes.","[""metric_screen_direction_consistency"",""metric_spatial_relation_accuracy"",""metric_camera_motion_agreement""]",Restore the prior canonical score/build and preserve the failed candidate as immutable evidence.,"[""No intervention guarantees compliance on stochastic generators.""]","[""B002"",""R005"",""R006""]",literature-and-repository-grounded; live provider qualification pending
D02,failure://spatial and screen geography/depth_order_inversion/d02,Spatial and screen geography,Depth-order inversion,high,requires_visual_or_control_conditioning,1,L2,canonical event/state contract,"Encode ordered depth lanes, containment relationships, and permitted occlusion ownership per beat.",Turns depth into explicit pairwise relations rather than inferred composition.,low-to-medium,none-to-one additional candidate,May dilute other controls if added without compression.,provider capability and adapter dependent,moderate-to-strong where supported by cited benchmark/control literature; provider-specific effect size unqualified,"Re-run metric_depth_order_accuracy, metric_spatial_relation_accuracy, metric_penetration_duration on paired seeds and retain per-seed outcomes.","[""metric_depth_order_accuracy"",""metric_spatial_relation_accuracy"",""metric_penetration_duration""]",Restore the prior canonical score/build and preserve the failed candidate as immutable evidence.,"[""No intervention guarantees compliance on stochastic generators.""]","[""B002"",""B013"",""B016"",""B018""]",literature-and-repository-grounded; live provider qualification pending
D02,failure://spatial and screen geography/depth_order_inversion/d02,Spatial and screen geography,Depth-order inversion,high,requires_visual_or_control_conditioning,2,L4,"pose, mask, depth, trajectory, or control video","Provide depth maps, masks, or a storyboard with clear parallax/overlap cues.",Carries depth ordering through visual control.,low prompt cost; medium asset preparation cost,additional asset preparation and/or multiple generated clips,"Can introduce boundary, compositing, reference-transfer, or motion-stiffness artifacts; verify all preserved controls.",provider capability and adapter dependent,mechanistically strong control escalation; exact benefit requires live provider tests,"Re-run metric_depth_order_accuracy, metric_spatial_relation_accuracy, metric_penetration_duration on paired seeds and retain per-seed outcomes.","[""metric_depth_order_accuracy"",""metric_spatial_relation_accuracy"",""metric_penetration_duration""]",Restore the prior canonical score/build and preserve the failed candidate as immutable evidence.,"[""No intervention guarantees compliance on stochastic generators.""]","[""B002"",""B013"",""B016"",""B018""]",literature-and-repository-grounded; live provider qualification pending
D02,failure://spatial and screen geography/depth_order_inversion/d02,Spatial and screen geography,Depth-order inversion,high,requires_visual_or_control_conditioning,3,L5,shot decomposition,Choose a camera angle with readable silhouettes and unambiguous depth rather than solving the same action under flat overlap.,Redesigns the shot to reduce ambiguity.,minimal prompt cost; workflow cost may be high,"localized regeneration, substitution, or postproduction","May change style, timing, or already-passing regions; full regression verification required.",provider capability and adapter dependent,fallback intervention; use only after the lower level fails its paired-seed gate,"Re-run metric_depth_order_accuracy, metric_spatial_relation_accuracy, metric_penetration_duration on paired seeds and retain per-seed outcomes.","[""metric_depth_order_accuracy"",""metric_spatial_relation_accuracy"",""metric_penetration_duration""]",Restore the prior canonical score/build and preserve the failed candidate as immutable evidence.,"[""No intervention guarantees compliance on stochastic generators.""]","[""B002"",""B013"",""B016"",""B018""]",literature-and-repository-grounded; live provider qualification pending
D03,failure://spatial and screen geography/axis_reversal_after_cut_or_orbit/d03,Spatial and screen geography,Axis reversal after cut or orbit,high,partially_mitigated_by_prompting,1,L2,canonical event/state contract,"Declare axis, camera side, actor world positions, screen-side policy, and whether an axis crossing is allowed at each shot transition.",Makes the continuity rule explicit across edits and camera motion.,low-to-medium,none-to-one additional candidate,May dilute other controls if added without compression.,provider capability and adapter dependent,moderate-to-strong where supported by cited benchmark/control literature; provider-specific effect size unqualified,"Re-run metric_axis_crossing_count, metric_screen_direction_consistency, metric_spatial_relation_accuracy, metric_edit_graphic_classification on paired seeds and retain per-seed outcomes.","[""metric_axis_crossing_count"",""metric_screen_direction_consistency"",""metric_spatial_relation_accuracy"",""metric_edit_graphic_classification""]",Restore the prior canonical score/build and preserve the failed candidate as immutable evidence.,"[""No intervention guarantees compliance on stochastic generators.""]","[""B002"",""R004"",""R006""]",literature-and-repository-grounded; live provider qualification pending
D03,failure://spatial and screen geography/axis_reversal_after_cut_or_orbit/d03,Spatial and screen geography,Axis reversal after cut or orbit,high,partially_mitigated_by_prompting,2,L3,reference image or storyboard,Provide shot panels or first/last frames for each side of the edit with labeled actor IDs.,Anchors screen geography around the discontinuity.,low prompt cost; medium asset preparation cost,additional asset preparation and/or multiple generated clips,"Can introduce boundary, compositing, reference-transfer, or motion-stiffness artifacts; verify all preserved controls.",provider capability and adapter dependent,mechanistically strong control escalation; exact benefit requires live provider tests,"Re-run metric_axis_crossing_count, metric_screen_direction_consistency, metric_spatial_relation_accuracy, metric_edit_graphic_classification on paired seeds and retain per-seed outcomes.","[""metric_axis_crossing_count"",""metric_screen_direction_consistency"",""metric_spatial_relation_accuracy"",""metric_edit_graphic_classification""]",Restore the prior canonical score/build and preserve the failed candidate as immutable evidence.,"[""No intervention guarantees compliance on stochastic generators.""]","[""B002"",""R004"",""R006""]",literature-and-repository-grounded; live provider qualification pending
D03,failure://spatial and screen geography/axis_reversal_after_cut_or_orbit/d03,Spatial and screen geography,Axis reversal after cut or orbit,high,partially_mitigated_by_prompting,3,L5,shot decomposition,Split camera orbit and complex action; use a neutral bridge shot when intentionally crossing the axis.,Prevents a single sample from resolving camera transform and choreography simultaneously.,minimal prompt cost; workflow cost may be high,"localized regeneration, substitution, or postproduction","May change style, timing, or already-passing regions; full regression verification required.",provider capability and adapter dependent,fallback intervention; use only after the lower level fails its paired-seed gate,"Re-run metric_axis_crossing_count, metric_screen_direction_consistency, metric_spatial_relation_accuracy, metric_edit_graphic_classification on paired seeds and retain per-seed outcomes.","[""metric_axis_crossing_count"",""metric_screen_direction_consistency"",""metric_spatial_relation_accuracy"",""metric_edit_graphic_classification""]",Restore the prior canonical score/build and preserve the failed candidate as immutable evidence.,"[""No intervention guarantees compliance on stochastic generators.""]","[""B002"",""R004"",""R006""]",literature-and-repository-grounded; live provider qualification pending
D04,failure://spatial and screen geography/entrance_exit_and_off_screen_continuity_mismatch/d04,Spatial and screen geography,Entrance/exit and off-screen continuity mismatch,high,requires_visual_or_control_conditioning,1,L2,canonical event/state contract,"Record exit edge, world destination, off-screen path, elapsed time, next entrance edge, and scene-layout constraints in the transition contract.",Links two visible states with an explicit off-screen trajectory.,low-to-medium,none-to-one additional candidate,May dilute other controls if added without compression.,provider capability and adapter dependent,moderate-to-strong where supported by cited benchmark/control literature; provider-specific effect size unqualified,"Re-run metric_reappearance_position_error, metric_spatial_relation_accuracy, metric_event_graph_agreement on paired seeds and retain per-seed outcomes.","[""metric_reappearance_position_error"",""metric_spatial_relation_accuracy"",""metric_event_graph_agreement""]",Restore the prior canonical score/build and preserve the failed candidate as immutable evidence.,"[""No intervention guarantees compliance on stochastic generators.""]","[""B012"",""B014"",""B015"",""B017""]",literature-and-repository-grounded; live provider qualification pending
D04,failure://spatial and screen geography/entrance_exit_and_off_screen_continuity_mismatch/d04,Spatial and screen geography,Entrance/exit and off-screen continuity mismatch,high,requires_visual_or_control_conditioning,2,L3,reference image or storyboard,Use a scene map/storyboard and boundary keyframes for both shots.,Provides consistent geography across separate generation calls.,low prompt cost; medium asset preparation cost,additional asset preparation and/or multiple generated clips,"Can introduce boundary, compositing, reference-transfer, or motion-stiffness artifacts; verify all preserved controls.",provider capability and adapter dependent,mechanistically strong control escalation; exact benefit requires live provider tests,"Re-run metric_reappearance_position_error, metric_spatial_relation_accuracy, metric_event_graph_agreement on paired seeds and retain per-seed outcomes.","[""metric_reappearance_position_error"",""metric_spatial_relation_accuracy"",""metric_event_graph_agreement""]",Restore the prior canonical score/build and preserve the failed candidate as immutable evidence.,"[""No intervention guarantees compliance on stochastic generators.""]","[""B012"",""B014"",""B015"",""B017""]",literature-and-repository-grounded; live provider qualification pending
D04,failure://spatial and screen geography/entrance_exit_and_off_screen_continuity_mismatch/d04,Spatial and screen geography,Entrance/exit and off-screen continuity mismatch,high,requires_visual_or_control_conditioning,3,L5,shot decomposition,Insert an establishing/bridge shot or avoid unsupported off-screen traversal.,Restores observable continuity and reduces hidden-state inference.,minimal prompt cost; workflow cost may be high,"localized regeneration, substitution, or postproduction","May change style, timing, or already-passing regions; full regression verification required.",provider capability and adapter dependent,fallback intervention; use only after the lower level fails its paired-seed gate,"Re-run metric_reappearance_position_error, metric_spatial_relation_accuracy, metric_event_graph_agreement on paired seeds and retain per-seed outcomes.","[""metric_reappearance_position_error"",""metric_spatial_relation_accuracy"",""metric_event_graph_agreement""]",Restore the prior canonical score/build and preserve the failed candidate as immutable evidence.,"[""No intervention guarantees compliance on stochastic generators.""]","[""B012"",""B014"",""B015"",""B017""]",literature-and-repository-grounded; live provider qualification pending
D05,failure://spatial and screen geography/actor_distance_drift/d05,Spatial and screen geography,Actor-distance drift,high,requires_visual_or_control_conditioning,1,L2,canonical event/state contract,Separate world-space actor distance from projected screen distance; specify approach/retreat events and distance bands per beat.,Prevents camera framing changes from substituting for locomotion.,low-to-medium,none-to-one additional candidate,May dilute other controls if added without compression.,provider capability and adapter dependent,moderate-to-strong where supported by cited benchmark/control literature; provider-specific effect size unqualified,"Re-run metric_contact_distance, metric_spatial_relation_accuracy, metric_camera_motion_agreement, metric_camera_actor_entanglement on paired seeds and retain per-seed outcomes.","[""metric_contact_distance"",""metric_spatial_relation_accuracy"",""metric_camera_motion_agreement"",""metric_camera_actor_entanglement""]",Restore the prior canonical score/build and preserve the failed candidate as immutable evidence.,"[""No intervention guarantees compliance on stochastic generators.""]","[""B002"",""B004"",""B021""]",literature-and-repository-grounded; live provider qualification pending
D05,failure://spatial and screen geography/actor_distance_drift/d05,Spatial and screen geography,Actor-distance drift,high,requires_visual_or_control_conditioning,2,L4,"pose, mask, depth, trajectory, or control video","Use pose/root trajectories, depth control, or start/end keyframes with calibrated scale.",Constrains actual staging rather than appearance alone.,low prompt cost; medium asset preparation cost,additional asset preparation and/or multiple generated clips,"Can introduce boundary, compositing, reference-transfer, or motion-stiffness artifacts; verify all preserved controls.",provider capability and adapter dependent,mechanistically strong control escalation; exact benefit requires live provider tests,"Re-run metric_contact_distance, metric_spatial_relation_accuracy, metric_camera_motion_agreement, metric_camera_actor_entanglement on paired seeds and retain per-seed outcomes.","[""metric_contact_distance"",""metric_spatial_relation_accuracy"",""metric_camera_motion_agreement"",""metric_camera_actor_entanglement""]",Restore the prior canonical score/build and preserve the failed candidate as immutable evidence.,"[""No intervention guarantees compliance on stochastic generators.""]","[""B002"",""B004"",""B021""]",literature-and-repository-grounded; live provider qualification pending
D05,failure://spatial and screen geography/actor_distance_drift/d05,Spatial and screen geography,Actor-distance drift,high,requires_visual_or_control_conditioning,3,L5,shot decomposition,Separate camera move from actor approach or use a cut at a stable distance state.,Reduces entanglement between projection and world motion.,minimal prompt cost; workflow cost may be high,"localized regeneration, substitution, or postproduction","May change style, timing, or already-passing regions; full regression verification required.",provider capability and adapter dependent,fallback intervention; use only after the lower level fails its paired-seed gate,"Re-run metric_contact_distance, metric_spatial_relation_accuracy, metric_camera_motion_agreement, metric_camera_actor_entanglement on paired seeds and retain per-seed outcomes.","[""metric_contact_distance"",""metric_spatial_relation_accuracy"",""metric_camera_motion_agreement"",""metric_camera_actor_entanglement""]",Restore the prior canonical score/build and preserve the failed candidate as immutable evidence.,"[""No intervention guarantees compliance on stochastic generators.""]","[""B002"",""B004"",""B021""]",literature-and-repository-grounded; live provider qualification pending
D06,failure://spatial and screen geography/target_region_miss/d06,Spatial and screen geography,Target-region miss,high,requires_visual_or_control_conditioning,1,L2,canonical event/state contract,"Attach a typed target region, allowed error band, contact/arrival frame, and consequence origin to the event edge.",Makes local geometry part of the canonical target.,low-to-medium,none-to-one additional candidate,May dilute other controls if added without compression.,provider capability and adapter dependent,moderate-to-strong where supported by cited benchmark/control literature; provider-specific effect size unqualified,"Re-run metric_contact_distance, metric_effect_origin_error, metric_role_assignment_accuracy, metric_spatial_relation_accuracy on paired seeds and retain per-seed outcomes.","[""metric_contact_distance"",""metric_effect_origin_error"",""metric_role_assignment_accuracy"",""metric_spatial_relation_accuracy""]",Restore the prior canonical score/build and preserve the failed candidate as immutable evidence.,"[""No intervention guarantees compliance on stochastic generators.""]","[""B002"",""B004"",""B005"",""B017""]",literature-and-repository-grounded; live provider qualification pending
D06,failure://spatial and screen geography/target_region_miss/d06,Spatial and screen geography,Target-region miss,high,requires_visual_or_control_conditioning,2,L4,"pose, mask, depth, trajectory, or control video","Use target masks, pose keypoints, trajectory guides, or a storyboard close-up.",Constrains the precise region directly.,low prompt cost; medium asset preparation cost,additional asset preparation and/or multiple generated clips,"Can introduce boundary, compositing, reference-transfer, or motion-stiffness artifacts; verify all preserved controls.",provider capability and adapter dependent,mechanistically strong control escalation; exact benefit requires live provider tests,"Re-run metric_contact_distance, metric_effect_origin_error, metric_role_assignment_accuracy, metric_spatial_relation_accuracy on paired seeds and retain per-seed outcomes.","[""metric_contact_distance"",""metric_effect_origin_error"",""metric_role_assignment_accuracy"",""metric_spatial_relation_accuracy""]",Restore the prior canonical score/build and preserve the failed candidate as immutable evidence.,"[""No intervention guarantees compliance on stochastic generators.""]","[""B002"",""B004"",""B005"",""B017""]",literature-and-repository-grounded; live provider qualification pending
D06,failure://spatial and screen geography/target_region_miss/d06,Spatial and screen geography,Target-region miss,high,requires_visual_or_control_conditioning,3,L5,shot decomposition,Use a camera-cheated near-contact or insert shot rather than demanding exact full-body interaction.,Improves readability and localizes the geometric problem.,minimal prompt cost; workflow cost may be high,"localized regeneration, substitution, or postproduction","May change style, timing, or already-passing regions; full regression verification required.",provider capability and adapter dependent,fallback intervention; use only after the lower level fails its paired-seed gate,"Re-run metric_contact_distance, metric_effect_origin_error, metric_role_assignment_accuracy, metric_spatial_relation_accuracy on paired seeds and retain per-seed outcomes.","[""metric_contact_distance"",""metric_effect_origin_error"",""metric_role_assignment_accuracy"",""metric_spatial_relation_accuracy""]",Restore the prior canonical score/build and preserve the failed candidate as immutable evidence.,"[""No intervention guarantees compliance on stochastic generators.""]","[""B002"",""B004"",""B005"",""B017""]",literature-and-repository-grounded; live provider qualification pending
E01,failure://temporal action and causality/action_omission/e01,Temporal action and causality,Action omission,high,requires_shot_decomposition,1,L2,canonical event/state contract,"Compile an ordered event graph with criticality, dependencies, minimum visible setup/apex/recovery windows, and a duration-feasibility check.",Makes omission detectable before and after generation.,low-to-medium,none-to-one additional candidate,May dilute other controls if added without compression.,provider capability and adapter dependent,moderate-to-strong where supported by cited benchmark/control literature; provider-specific effect size unqualified,"Re-run metric_event_graph_agreement, metric_temporal_event_error, metric_human_readability on paired seeds and retain per-seed outcomes.","[""metric_event_graph_agreement"",""metric_temporal_event_error"",""metric_human_readability""]",Restore the prior canonical score/build and preserve the failed candidate as immutable evidence.,"[""No intervention guarantees compliance on stochastic generators.""]","[""B003"",""B010"",""B017""]",literature-and-repository-grounded; live provider qualification pending
E01,failure://temporal action and causality/action_omission/e01,Temporal action and causality,Action omission,high,requires_shot_decomposition,2,L5,shot decomposition,Split the sequence at stable state boundaries when all critical events cannot receive observable time.,Reduces event competition and gives every action a complete visual interval.,low,additional asset preparation and/or multiple generated clips,"Can introduce boundary, compositing, reference-transfer, or motion-stiffness artifacts; verify all preserved controls.",provider capability and adapter dependent,mechanistically strong control escalation; exact benefit requires live provider tests,"Re-run metric_event_graph_agreement, metric_temporal_event_error, metric_human_readability on paired seeds and retain per-seed outcomes.","[""metric_event_graph_agreement"",""metric_temporal_event_error"",""metric_human_readability""]",Restore the prior canonical score/build and preserve the failed candidate as immutable evidence.,"[""No intervention guarantees compliance on stochastic generators.""]","[""B003"",""B010"",""B017""]",literature-and-repository-grounded; live provider qualification pending
E01,failure://temporal action and causality/action_omission/e01,Temporal action and causality,Action omission,high,requires_shot_decomposition,3,L7,regenerate only the failing interval,Regenerate only the missing event interval using accepted boundary frames.,Adds the omitted event without resampling the full sequence.,minimal prompt cost; workflow cost may be high,"localized regeneration, substitution, or postproduction","May change style, timing, or already-passing regions; full regression verification required.",provider capability and adapter dependent,fallback intervention; use only after the lower level fails its paired-seed gate,"Re-run metric_event_graph_agreement, metric_temporal_event_error, metric_human_readability on paired seeds and retain per-seed outcomes.","[""metric_event_graph_agreement"",""metric_temporal_event_error"",""metric_human_readability""]",Restore the prior canonical score/build and preserve the failed candidate as immutable evidence.,"[""No intervention guarantees compliance on stochastic generators.""]","[""B003"",""B010"",""B017""]",literature-and-repository-grounded; live provider qualification pending
E02,failure://temporal action and causality/action_merge_or_compression/e02,Temporal action and causality,Action merge or compression,high,partially_mitigated_by_prompting,1,L1,structured prompt repair,"Rewrite compressed nouns into ordered, single-subject clauses with explicit 'only after' dependencies.",Improves semantic separation without adding a new control carrier.,low-to-medium,none-to-one additional candidate,May dilute other controls if added without compression.,provider capability and adapter dependent,moderate-to-strong where supported by cited benchmark/control literature; provider-specific effect size unqualified,"Re-run metric_event_graph_agreement, metric_temporal_event_error, metric_causal_edge_accuracy on paired seeds and retain per-seed outcomes.","[""metric_event_graph_agreement"",""metric_temporal_event_error"",""metric_causal_edge_accuracy""]",Restore the prior canonical score/build and preserve the failed candidate as immutable evidence.,"[""No intervention guarantees compliance on stochastic generators.""]","[""B003"",""B004"",""B005"",""B017""]",literature-and-repository-grounded; live provider qualification pending
E02,failure://temporal action and causality/action_merge_or_compression/e02,Temporal action and causality,Action merge or compression,high,partially_mitigated_by_prompting,2,L2,canonical event/state contract,"Represent each event as a node with onset, apex, end, initiator, target, precondition, postcondition, and causal edges.",Prevents the canonical plan from accepting a merged event as equivalent.,low,one additional candidate,"Can introduce boundary, compositing, reference-transfer, or motion-stiffness artifacts; verify all preserved controls.",provider capability and adapter dependent,mechanistically strong control escalation; exact benefit requires live provider tests,"Re-run metric_event_graph_agreement, metric_temporal_event_error, metric_causal_edge_accuracy on paired seeds and retain per-seed outcomes.","[""metric_event_graph_agreement"",""metric_temporal_event_error"",""metric_causal_edge_accuracy""]",Restore the prior canonical score/build and preserve the failed candidate as immutable evidence.,"[""No intervention guarantees compliance on stochastic generators.""]","[""B003"",""B004"",""B005"",""B017""]",literature-and-repository-grounded; live provider qualification pending
E02,failure://temporal action and causality/action_merge_or_compression/e02,Temporal action and causality,Action merge or compression,high,partially_mitigated_by_prompting,3,L5,shot decomposition,Allocate separate shots or clips to dependent events that remain merged under repeated seeds.,Forces visual separation through production structure.,minimal prompt cost; workflow cost may be high,"localized regeneration, substitution, or postproduction","May change style, timing, or already-passing regions; full regression verification required.",provider capability and adapter dependent,fallback intervention; use only after the lower level fails its paired-seed gate,"Re-run metric_event_graph_agreement, metric_temporal_event_error, metric_causal_edge_accuracy on paired seeds and retain per-seed outcomes.","[""metric_event_graph_agreement"",""metric_temporal_event_error"",""metric_causal_edge_accuracy""]",Restore the prior canonical score/build and preserve the failed candidate as immutable evidence.,"[""No intervention guarantees compliance on stochastic generators.""]","[""B003"",""B004"",""B005"",""B017""]",literature-and-repository-grounded; live provider qualification pending
E03,failure://temporal action and causality/action_repetition_or_invented_filler/e03,Temporal action and causality,Action repetition or invented filler,high,partially_mitigated_by_prompting,1,L2,canonical event/state contract,"Specify allowed event set, forbidden event classes, terminal state, and explicit hold/settle behavior for remaining duration.",Closes the unused-time gap without relying on an open-ended negative prompt.,low-to-medium,none-to-one additional candidate,May dilute other controls if added without compression.,provider capability and adapter dependent,moderate-to-strong where supported by cited benchmark/control literature; provider-specific effect size unqualified,"Re-run metric_event_graph_agreement, metric_temporal_event_error, metric_control_retention on paired seeds and retain per-seed outcomes.","[""metric_event_graph_agreement"",""metric_temporal_event_error"",""metric_control_retention""]",Restore the prior canonical score/build and preserve the failed candidate as immutable evidence.,"[""No intervention guarantees compliance on stochastic generators.""]","[""B003"",""B010"",""B017""]",literature-and-repository-grounded; live provider qualification pending
E03,failure://temporal action and causality/action_repetition_or_invented_filler/e03,Temporal action and causality,Action repetition or invented filler,high,partially_mitigated_by_prompting,2,L5,shot decomposition,Shorten or split the clip so duration matches the intended event graph.,Removes temporal capacity that the model otherwise fills stochastically.,low,additional asset preparation and/or multiple generated clips,"Can introduce boundary, compositing, reference-transfer, or motion-stiffness artifacts; verify all preserved controls.",provider capability and adapter dependent,mechanistically strong control escalation; exact benefit requires live provider tests,"Re-run metric_event_graph_agreement, metric_temporal_event_error, metric_control_retention on paired seeds and retain per-seed outcomes.","[""metric_event_graph_agreement"",""metric_temporal_event_error"",""metric_control_retention""]",Restore the prior canonical score/build and preserve the failed candidate as immutable evidence.,"[""No intervention guarantees compliance on stochastic generators.""]","[""B003"",""B010"",""B017""]",literature-and-repository-grounded; live provider qualification pending
E03,failure://temporal action and causality/action_repetition_or_invented_filler/e03,Temporal action and causality,Action repetition or invented filler,high,partially_mitigated_by_prompting,3,L7,regenerate only the failing interval,"Replace the filler interval with a regenerated hold, settle, or cutaway while preserving adjacent frames.",Repairs only the invented content.,minimal prompt cost; workflow cost may be high,"localized regeneration, substitution, or postproduction","May change style, timing, or already-passing regions; full regression verification required.",provider capability and adapter dependent,fallback intervention; use only after the lower level fails its paired-seed gate,"Re-run metric_event_graph_agreement, metric_temporal_event_error, metric_control_retention on paired seeds and retain per-seed outcomes.","[""metric_event_graph_agreement"",""metric_temporal_event_error"",""metric_control_retention""]",Restore the prior canonical score/build and preserve the failed candidate as immutable evidence.,"[""No intervention guarantees compliance on stochastic generators.""]","[""B003"",""B010"",""B017""]",literature-and-repository-grounded; live provider qualification pending
E04,failure://temporal action and causality/event_order_reversal/e04,Temporal action and causality,Event-order reversal,high,preventable_by_prompting,1,L1,structured prompt repair,Use explicit ordered clauses and dependency language: event B begins only after event A reaches its apex/end.,Clarifies the temporal relation in the provider prompt.,low-to-medium,none-to-one additional candidate,May dilute other controls if added without compression.,provider capability and adapter dependent,moderate-to-strong where supported by cited benchmark/control literature; provider-specific effect size unqualified,"Re-run metric_temporal_event_error, metric_event_graph_agreement, metric_causal_edge_accuracy on paired seeds and retain per-seed outcomes.","[""metric_temporal_event_error"",""metric_event_graph_agreement"",""metric_causal_edge_accuracy""]",Restore the prior canonical score/build and preserve the failed candidate as immutable evidence.,"[""No intervention guarantees compliance on stochastic generators.""]","[""B003"",""B010"",""B017""]",literature-and-repository-grounded; live provider qualification pending
E04,failure://temporal action and causality/event_order_reversal/e04,Temporal action and causality,Event-order reversal,high,preventable_by_prompting,2,L2,canonical event/state contract,Compile a directed acyclic event graph and reject any schedule that violates preconditions or causal order before serialization.,Creates a deterministic canonical ordering independent of prose order.,low,one additional candidate,"Can introduce boundary, compositing, reference-transfer, or motion-stiffness artifacts; verify all preserved controls.",provider capability and adapter dependent,mechanistically strong control escalation; exact benefit requires live provider tests,"Re-run metric_temporal_event_error, metric_event_graph_agreement, metric_causal_edge_accuracy on paired seeds and retain per-seed outcomes.","[""metric_temporal_event_error"",""metric_event_graph_agreement"",""metric_causal_edge_accuracy""]",Restore the prior canonical score/build and preserve the failed candidate as immutable evidence.,"[""No intervention guarantees compliance on stochastic generators.""]","[""B003"",""B010"",""B017""]",literature-and-repository-grounded; live provider qualification pending
E04,failure://temporal action and causality/event_order_reversal/e04,Temporal action and causality,Event-order reversal,high,preventable_by_prompting,3,L5,shot decomposition,Generate causally dependent events as separate shots with boundary states when order still reverses.,Makes order an edit-level property rather than a single-sample hope.,minimal prompt cost; workflow cost may be high,"localized regeneration, substitution, or postproduction","May change style, timing, or already-passing regions; full regression verification required.",provider capability and adapter dependent,fallback intervention; use only after the lower level fails its paired-seed gate,"Re-run metric_temporal_event_error, metric_event_graph_agreement, metric_causal_edge_accuracy on paired seeds and retain per-seed outcomes.","[""metric_temporal_event_error"",""metric_event_graph_agreement"",""metric_causal_edge_accuracy""]",Restore the prior canonical score/build and preserve the failed candidate as immutable evidence.,"[""No intervention guarantees compliance on stochastic generators.""]","[""B003"",""B010"",""B017""]",literature-and-repository-grounded; live provider qualification pending
E05,failure://temporal action and causality/premature_reaction_or_anticipation/e05,Temporal action and causality,Premature reaction or anticipation,high,requires_visual_or_control_conditioning,1,L2,canonical event/state contract,"Encode cause apex, target reaction onset, allowed anticipation, minimum nonnegative reaction delay, and effect onset as linked event fields.",Distinguishes authored anticipation from causal inversion.,low-to-medium,none-to-one additional candidate,May dilute other controls if added without compression.,provider capability and adapter dependent,moderate-to-strong where supported by cited benchmark/control literature; provider-specific effect size unqualified,"Re-run metric_reaction_latency_error, metric_causal_edge_accuracy, metric_temporal_event_error, metric_audio_event_alignment on paired seeds and retain per-seed outcomes.","[""metric_reaction_latency_error"",""metric_causal_edge_accuracy"",""metric_temporal_event_error"",""metric_audio_event_alignment""]",Restore the prior canonical score/build and preserve the failed candidate as immutable evidence.,"[""No intervention guarantees compliance on stochastic generators.""]","[""B003"",""B004"",""B005"",""B022""]",literature-and-repository-grounded; live provider qualification pending
E05,failure://temporal action and causality/premature_reaction_or_anticipation/e05,Temporal action and causality,Premature reaction or anticipation,high,requires_visual_or_control_conditioning,2,L4,"pose, mask, depth, trajectory, or control video","Use keyframes/control timing for setup, contact/near-contact, and first reaction frame.",Constrains the critical timing boundary visually.,low prompt cost; medium asset preparation cost,additional asset preparation and/or multiple generated clips,"Can introduce boundary, compositing, reference-transfer, or motion-stiffness artifacts; verify all preserved controls.",provider capability and adapter dependent,mechanistically strong control escalation; exact benefit requires live provider tests,"Re-run metric_reaction_latency_error, metric_causal_edge_accuracy, metric_temporal_event_error, metric_audio_event_alignment on paired seeds and retain per-seed outcomes.","[""metric_reaction_latency_error"",""metric_causal_edge_accuracy"",""metric_temporal_event_error"",""metric_audio_event_alignment""]",Restore the prior canonical score/build and preserve the failed candidate as immutable evidence.,"[""No intervention guarantees compliance on stochastic generators.""]","[""B003"",""B004"",""B005"",""B022""]",literature-and-repository-grounded; live provider qualification pending
E05,failure://temporal action and causality/premature_reaction_or_anticipation/e05,Temporal action and causality,Premature reaction or anticipation,high,requires_visual_or_control_conditioning,3,L6,postproduction/compositing,Time-shift or replace impact audio/VFX/camera shake in postproduction after preserving the accepted body motion.,Makes secondary consequence timing deterministic.,minimal prompt cost; workflow cost may be high,"localized regeneration, substitution, or postproduction","May change style, timing, or already-passing regions; full regression verification required.",provider capability and adapter dependent,fallback intervention; use only after the lower level fails its paired-seed gate,"Re-run metric_reaction_latency_error, metric_causal_edge_accuracy, metric_temporal_event_error, metric_audio_event_alignment on paired seeds and retain per-seed outcomes.","[""metric_reaction_latency_error"",""metric_causal_edge_accuracy"",""metric_temporal_event_error"",""metric_audio_event_alignment""]",Restore the prior canonical score/build and preserve the failed candidate as immutable evidence.,"[""No intervention guarantees compliance on stochastic generators.""]","[""B003"",""B004"",""B005"",""B022""]",literature-and-repository-grounded; live provider qualification pending
E06,failure://temporal action and causality/cause_consequence_decoupling/e06,Temporal action and causality,Cause–consequence decoupling,high,requires_shot_decomposition,1,L2,canonical event/state contract,Compile explicit causal edges: initiator → action/contact → target region → consequence onset/origin → reaction/recovery.,Makes every consequence traceable to one allowed cause.,low-to-medium,none-to-one additional candidate,May dilute other controls if added without compression.,provider capability and adapter dependent,moderate-to-strong where supported by cited benchmark/control literature; provider-specific effect size unqualified,"Re-run metric_causal_edge_accuracy, metric_effect_origin_error, metric_reaction_latency_error, metric_event_graph_agreement on paired seeds and retain per-seed outcomes.","[""metric_causal_edge_accuracy"",""metric_effect_origin_error"",""metric_reaction_latency_error"",""metric_event_graph_agreement""]",Restore the prior canonical score/build and preserve the failed candidate as immutable evidence.,"[""No intervention guarantees compliance on stochastic generators.""]","[""B004"",""B005"",""B006"",""B017"",""B026""]",literature-and-repository-grounded; live provider qualification pending
E06,failure://temporal action and causality/cause_consequence_decoupling/e06,Temporal action and causality,Cause–consequence decoupling,high,requires_shot_decomposition,2,L5,shot decomposition,Isolate the causal event and its immediate consequence in one readable shot; move secondary VFX to postproduction if necessary.,Reduces competing causes and clarifies event ownership.,low,additional asset preparation and/or multiple generated clips,"Can introduce boundary, compositing, reference-transfer, or motion-stiffness artifacts; verify all preserved controls.",provider capability and adapter dependent,mechanistically strong control escalation; exact benefit requires live provider tests,"Re-run metric_causal_edge_accuracy, metric_effect_origin_error, metric_reaction_latency_error, metric_event_graph_agreement on paired seeds and retain per-seed outcomes.","[""metric_causal_edge_accuracy"",""metric_effect_origin_error"",""metric_reaction_latency_error"",""metric_event_graph_agreement""]",Restore the prior canonical score/build and preserve the failed candidate as immutable evidence.,"[""No intervention guarantees compliance on stochastic generators.""]","[""B004"",""B005"",""B006"",""B017"",""B026""]",literature-and-repository-grounded; live provider qualification pending
E06,failure://temporal action and causality/cause_consequence_decoupling/e06,Temporal action and causality,Cause–consequence decoupling,high,requires_shot_decomposition,3,L6,postproduction/compositing,Generate clean action and add debris/splash/shake/sound from the verified contact point in postproduction.,Guarantees consequence origin and timing once the cause is accepted.,minimal prompt cost; workflow cost may be high,"localized regeneration, substitution, or postproduction","May change style, timing, or already-passing regions; full regression verification required.",provider capability and adapter dependent,fallback intervention; use only after the lower level fails its paired-seed gate,"Re-run metric_causal_edge_accuracy, metric_effect_origin_error, metric_reaction_latency_error, metric_event_graph_agreement on paired seeds and retain per-seed outcomes.","[""metric_causal_edge_accuracy"",""metric_effect_origin_error"",""metric_reaction_latency_error"",""metric_event_graph_agreement""]",Restore the prior canonical score/build and preserve the failed candidate as immutable evidence.,"[""No intervention guarantees compliance on stochastic generators.""]","[""B004"",""B005"",""B006"",""B017"",""B026""]",literature-and-repository-grounded; live provider qualification pending
E07,failure://temporal action and causality/recovery_or_settle_omission/e07,Temporal action and causality,Recovery or settle omission,high,requires_shot_decomposition,1,L2,canonical event/state contract,"Represent setup, onset, apex, consequence, recovery, and settle as required phases with minimum observable windows.",Protects the action's terminal dynamics in the canonical schedule.,low-to-medium,none-to-one additional candidate,May dilute other controls if added without compression.,provider capability and adapter dependent,moderate-to-strong where supported by cited benchmark/control literature; provider-specific effect size unqualified,"Re-run metric_event_graph_agreement, metric_temporal_event_error, metric_support_plausibility, metric_momentum_continuity on paired seeds and retain per-seed outcomes.","[""metric_event_graph_agreement"",""metric_temporal_event_error"",""metric_support_plausibility"",""metric_momentum_continuity""]",Restore the prior canonical score/build and preserve the failed candidate as immutable evidence.,"[""No intervention guarantees compliance on stochastic generators.""]","[""B003"",""B004"",""B005""]",literature-and-repository-grounded; live provider qualification pending
E07,failure://temporal action and causality/recovery_or_settle_omission/e07,Temporal action and causality,Recovery or settle omission,high,requires_shot_decomposition,2,L5,shot decomposition,Allocate a separate recovery/settle shot or extend only from an accepted impact/landing frame.,Gives recovery its own generation budget.,low,additional asset preparation and/or multiple generated clips,"Can introduce boundary, compositing, reference-transfer, or motion-stiffness artifacts; verify all preserved controls.",provider capability and adapter dependent,mechanistically strong control escalation; exact benefit requires live provider tests,"Re-run metric_event_graph_agreement, metric_temporal_event_error, metric_support_plausibility, metric_momentum_continuity on paired seeds and retain per-seed outcomes.","[""metric_event_graph_agreement"",""metric_temporal_event_error"",""metric_support_plausibility"",""metric_momentum_continuity""]",Restore the prior canonical score/build and preserve the failed candidate as immutable evidence.,"[""No intervention guarantees compliance on stochastic generators.""]","[""B003"",""B004"",""B005""]",literature-and-repository-grounded; live provider qualification pending
E07,failure://temporal action and causality/recovery_or_settle_omission/e07,Temporal action and causality,Recovery or settle omission,high,requires_shot_decomposition,3,L7,regenerate only the failing interval,Extend/regenerate the terminal interval from the accepted apex frame.,Preserves the successful setup and contact while adding the missing recovery.,minimal prompt cost; workflow cost may be high,"localized regeneration, substitution, or postproduction","May change style, timing, or already-passing regions; full regression verification required.",provider capability and adapter dependent,fallback intervention; use only after the lower level fails its paired-seed gate,"Re-run metric_event_graph_agreement, metric_temporal_event_error, metric_support_plausibility, metric_momentum_continuity on paired seeds and retain per-seed outcomes.","[""metric_event_graph_agreement"",""metric_temporal_event_error"",""metric_support_plausibility"",""metric_momentum_continuity""]",Restore the prior canonical score/build and preserve the failed candidate as immutable evidence.,"[""No intervention guarantees compliance on stochastic generators.""]","[""B003"",""B004"",""B005""]",literature-and-repository-grounded; live provider qualification pending
E08,failure://temporal action and causality/sequential_simultaneous_collapse/e08,Temporal action and causality,Sequential/simultaneous collapse,high,requires_shot_decomposition,1,L2,canonical event/state contract,"Compile concurrency groups, dependency edges, overlap windows, and mutual-exclusion constraints instead of relying on prose conjunctions.",Makes parallel and sequential structure explicit.,low-to-medium,none-to-one additional candidate,May dilute other controls if added without compression.,provider capability and adapter dependent,moderate-to-strong where supported by cited benchmark/control literature; provider-specific effect size unqualified,"Re-run metric_temporal_event_error, metric_event_graph_agreement, metric_camera_motion_agreement, metric_audio_event_alignment on paired seeds and retain per-seed outcomes.","[""metric_temporal_event_error"",""metric_event_graph_agreement"",""metric_camera_motion_agreement"",""metric_audio_event_alignment""]",Restore the prior canonical score/build and preserve the failed candidate as immutable evidence.,"[""No intervention guarantees compliance on stochastic generators.""]","[""B003"",""B010"",""B017""]",literature-and-repository-grounded; live provider qualification pending
E08,failure://temporal action and causality/sequential_simultaneous_collapse/e08,Temporal action and causality,Sequential/simultaneous collapse,high,requires_shot_decomposition,2,L5,shot decomposition,Separate independent camera/action complexity or divide mutually dependent actions into adjacent shots.,Reduces scheduling competition in one sample.,low,additional asset preparation and/or multiple generated clips,"Can introduce boundary, compositing, reference-transfer, or motion-stiffness artifacts; verify all preserved controls.",provider capability and adapter dependent,mechanistically strong control escalation; exact benefit requires live provider tests,"Re-run metric_temporal_event_error, metric_event_graph_agreement, metric_camera_motion_agreement, metric_audio_event_alignment on paired seeds and retain per-seed outcomes.","[""metric_temporal_event_error"",""metric_event_graph_agreement"",""metric_camera_motion_agreement"",""metric_audio_event_alignment""]",Restore the prior canonical score/build and preserve the failed candidate as immutable evidence.,"[""No intervention guarantees compliance on stochastic generators.""]","[""B003"",""B010"",""B017""]",literature-and-repository-grounded; live provider qualification pending
E08,failure://temporal action and causality/sequential_simultaneous_collapse/e08,Temporal action and causality,Sequential/simultaneous collapse,high,requires_shot_decomposition,3,L6,postproduction/compositing,"Align audio, camera impulse, or secondary overlays in postproduction after body events pass.",Restores precise concurrency without resampling core motion.,minimal prompt cost; workflow cost may be high,"localized regeneration, substitution, or postproduction","May change style, timing, or already-passing regions; full regression verification required.",provider capability and adapter dependent,fallback intervention; use only after the lower level fails its paired-seed gate,"Re-run metric_temporal_event_error, metric_event_graph_agreement, metric_camera_motion_agreement, metric_audio_event_alignment on paired seeds and retain per-seed outcomes.","[""metric_temporal_event_error"",""metric_event_graph_agreement"",""metric_camera_motion_agreement"",""metric_audio_event_alignment""]",Restore the prior canonical score/build and preserve the failed candidate as immutable evidence.,"[""No intervention guarantees compliance on stochastic generators.""]","[""B003"",""B010"",""B017""]",literature-and-repository-grounded; live provider qualification pending
F01,"failure://contact, balance, and physics/false_or_missing_contact/f01","Contact, balance, and physics",False or missing contact,high,requires_visual_or_control_conditioning,1,L2,canonical event/state contract,"Type the interaction as physical contact, staged near-contact, camera-cheated contact, effect-obscured near-contact, grasp, or surface contact; encode separation/contact threshold, target region, apex frame, and reaction timing.",Prevents semantically different contact modes from collapsing into one verb.,low-to-medium,none-to-one additional candidate,May dilute other controls if added without compression.,provider capability and adapter dependent,moderate-to-strong where supported by cited benchmark/control literature; provider-specific effect size unqualified,"Re-run metric_contact_distance, metric_reaction_latency_error, metric_causal_edge_accuracy, metric_human_readability on paired seeds and retain per-seed outcomes.","[""metric_contact_distance"",""metric_reaction_latency_error"",""metric_causal_edge_accuracy"",""metric_human_readability""]",Restore the prior canonical score/build and preserve the failed candidate as immutable evidence.,"[""No intervention guarantees compliance on stochastic generators.""]","[""B004"",""B005"",""B017"",""B018"",""B019"",""B020""]",literature-and-repository-grounded; live provider qualification pending
F01,"failure://contact, balance, and physics/false_or_missing_contact/f01","Contact, balance, and physics",False or missing contact,high,requires_visual_or_control_conditioning,2,L4,"pose, mask, depth, trajectory, or control video",Provide pose/mask/depth/keyframe control at the apex and first reaction frame.,Directly constrains the interaction geometry at the decisive frames.,low prompt cost; medium asset preparation cost,additional asset preparation and/or multiple generated clips,"Can introduce boundary, compositing, reference-transfer, or motion-stiffness artifacts; verify all preserved controls.",provider capability and adapter dependent,mechanistically strong control escalation; exact benefit requires live provider tests,"Re-run metric_contact_distance, metric_reaction_latency_error, metric_causal_edge_accuracy, metric_human_readability on paired seeds and retain per-seed outcomes.","[""metric_contact_distance"",""metric_reaction_latency_error"",""metric_causal_edge_accuracy"",""metric_human_readability""]",Restore the prior canonical score/build and preserve the failed candidate as immutable evidence.,"[""No intervention guarantees compliance on stochastic generators.""]","[""B004"",""B005"",""B017"",""B018"",""B019"",""B020""]",literature-and-repository-grounded; live provider qualification pending
F01,"failure://contact, balance, and physics/false_or_missing_contact/f01","Contact, balance, and physics",False or missing contact,high,requires_visual_or_control_conditioning,3,L5,shot decomposition,"Use a camera-cheated angle, foreground occlusion, or cut on impact instead of requiring exact full-body contact.",Preserves perceived force while reducing 3D geometry demands.,minimal prompt cost; workflow cost may be high,"localized regeneration, substitution, or postproduction","May change style, timing, or already-passing regions; full regression verification required.",provider capability and adapter dependent,fallback intervention; use only after the lower level fails its paired-seed gate,"Re-run metric_contact_distance, metric_reaction_latency_error, metric_causal_edge_accuracy, metric_human_readability on paired seeds and retain per-seed outcomes.","[""metric_contact_distance"",""metric_reaction_latency_error"",""metric_causal_edge_accuracy"",""metric_human_readability""]",Restore the prior canonical score/build and preserve the failed candidate as immutable evidence.,"[""No intervention guarantees compliance on stochastic generators.""]","[""B004"",""B005"",""B017"",""B018"",""B019"",""B020""]",literature-and-repository-grounded; live provider qualification pending
F02,"failure://contact, balance, and physics/body_limb_or_object_penetration/f02","Contact, balance, and physics","Body, limb, or object penetration",high,requires_visual_or_control_conditioning,1,L2,canonical event/state contract,"Encode collision pairs, permitted contact regions, maximum projected overlap, deformation window, and required separability/recovery frame.","Defines which overlaps are intended, temporary, or prohibited.",low-to-medium,none-to-one additional candidate,May dilute other controls if added without compression.,provider capability and adapter dependent,moderate-to-strong where supported by cited benchmark/control literature; provider-specific effect size unqualified,"Re-run metric_penetration_duration, metric_contact_distance, metric_depth_order_accuracy, metric_anatomy_recovery_latency on paired seeds and retain per-seed outcomes.","[""metric_penetration_duration"",""metric_contact_distance"",""metric_depth_order_accuracy"",""metric_anatomy_recovery_latency""]",Restore the prior canonical score/build and preserve the failed candidate as immutable evidence.,"[""No intervention guarantees compliance on stochastic generators.""]","[""B004"",""B005"",""B016"",""B018""]",literature-and-repository-grounded; live provider qualification pending
F02,"failure://contact, balance, and physics/body_limb_or_object_penetration/f02","Contact, balance, and physics","Body, limb, or object penetration",high,requires_visual_or_control_conditioning,2,L4,"pose, mask, depth, trajectory, or control video","Use pose, depth, segmentation, or control-video trajectories with distinct actor/object layers.",Constrains topology and relative depth.,low prompt cost; medium asset preparation cost,additional asset preparation and/or multiple generated clips,"Can introduce boundary, compositing, reference-transfer, or motion-stiffness artifacts; verify all preserved controls.",provider capability and adapter dependent,mechanistically strong control escalation; exact benefit requires live provider tests,"Re-run metric_penetration_duration, metric_contact_distance, metric_depth_order_accuracy, metric_anatomy_recovery_latency on paired seeds and retain per-seed outcomes.","[""metric_penetration_duration"",""metric_contact_distance"",""metric_depth_order_accuracy"",""metric_anatomy_recovery_latency""]",Restore the prior canonical score/build and preserve the failed candidate as immutable evidence.,"[""No intervention guarantees compliance on stochastic generators.""]","[""B004"",""B005"",""B016"",""B018""]",literature-and-repository-grounded; live provider qualification pending
F02,"failure://contact, balance, and physics/body_limb_or_object_penetration/f02","Contact, balance, and physics","Body, limb, or object penetration",high,requires_visual_or_control_conditioning,3,L6,postproduction/compositing,Composite separately generated actors/props with tracked occlusion mattes or repair penetrations frame-locally.,Provides deterministic layer ordering when native interaction fails.,minimal prompt cost; workflow cost may be high,"localized regeneration, substitution, or postproduction","May change style, timing, or already-passing regions; full regression verification required.",provider capability and adapter dependent,fallback intervention; use only after the lower level fails its paired-seed gate,"Re-run metric_penetration_duration, metric_contact_distance, metric_depth_order_accuracy, metric_anatomy_recovery_latency on paired seeds and retain per-seed outcomes.","[""metric_penetration_duration"",""metric_contact_distance"",""metric_depth_order_accuracy"",""metric_anatomy_recovery_latency""]",Restore the prior canonical score/build and preserve the failed candidate as immutable evidence.,"[""No intervention guarantees compliance on stochastic generators.""]","[""B004"",""B005"",""B016"",""B018""]",literature-and-repository-grounded; live provider qualification pending
F03,"failure://contact, balance, and physics/foot_skating_or_support_loss/f03","Contact, balance, and physics",Foot skating or support loss,high,requires_visual_or_control_conditioning,1,L2,canonical event/state contract,"Compile support phases: support foot, contact interval, pivot allowance, base of support, takeoff, landing target, and settle.",Makes foot contact a state machine rather than an emergent detail.,low-to-medium,none-to-one additional candidate,May dilute other controls if added without compression.,provider capability and adapter dependent,moderate-to-strong where supported by cited benchmark/control literature; provider-specific effect size unqualified,"Re-run metric_foot_slip_distance, metric_support_plausibility, metric_camera_actor_entanglement, metric_momentum_continuity on paired seeds and retain per-seed outcomes.","[""metric_foot_slip_distance"",""metric_support_plausibility"",""metric_camera_actor_entanglement"",""metric_momentum_continuity""]",Restore the prior canonical score/build and preserve the failed candidate as immutable evidence.,"[""No intervention guarantees compliance on stochastic generators.""]","[""B004"",""B005"",""B021""]",literature-and-repository-grounded; live provider qualification pending
F03,"failure://contact, balance, and physics/foot_skating_or_support_loss/f03","Contact, balance, and physics",Foot skating or support loss,high,requires_visual_or_control_conditioning,2,L4,"pose, mask, depth, trajectory, or control video","Use pose/root trajectories, foot-contact tracks, floor plane/depth, or a control video.",Directly constrains support points and ground relation.,low prompt cost; medium asset preparation cost,additional asset preparation and/or multiple generated clips,"Can introduce boundary, compositing, reference-transfer, or motion-stiffness artifacts; verify all preserved controls.",provider capability and adapter dependent,mechanistically strong control escalation; exact benefit requires live provider tests,"Re-run metric_foot_slip_distance, metric_support_plausibility, metric_camera_actor_entanglement, metric_momentum_continuity on paired seeds and retain per-seed outcomes.","[""metric_foot_slip_distance"",""metric_support_plausibility"",""metric_camera_actor_entanglement"",""metric_momentum_continuity""]",Restore the prior canonical score/build and preserve the failed candidate as immutable evidence.,"[""No intervention guarantees compliance on stochastic generators.""]","[""B004"",""B005"",""B021""]",literature-and-repository-grounded; live provider qualification pending
F03,"failure://contact, balance, and physics/foot_skating_or_support_loss/f03","Contact, balance, and physics",Foot skating or support loss,high,requires_visual_or_control_conditioning,3,L7,regenerate only the failing interval,Regenerate the smallest support interval with fixed boundary poses and preserve accepted upper-body motion where possible.,Targets the localized slip without discarding the full shot.,minimal prompt cost; workflow cost may be high,"localized regeneration, substitution, or postproduction","May change style, timing, or already-passing regions; full regression verification required.",provider capability and adapter dependent,fallback intervention; use only after the lower level fails its paired-seed gate,"Re-run metric_foot_slip_distance, metric_support_plausibility, metric_camera_actor_entanglement, metric_momentum_continuity on paired seeds and retain per-seed outcomes.","[""metric_foot_slip_distance"",""metric_support_plausibility"",""metric_camera_actor_entanglement"",""metric_momentum_continuity""]",Restore the prior canonical score/build and preserve the failed candidate as immutable evidence.,"[""No intervention guarantees compliance on stochastic generators.""]","[""B004"",""B005"",""B021""]",literature-and-repository-grounded; live provider qualification pending
F04,"failure://contact, balance, and physics/weightless_takeoff_landing_or_recovery/f04","Contact, balance, and physics","Weightless takeoff, landing, or recovery",high,requires_visual_or_control_conditioning,1,L2,canonical event/state contract,"Represent weight transfer, takeoff impulse, flight trajectory, landing target, compression, rebound, recovery, and settle; for stylization, lock the causal skeleton while allowing exaggeration.",Preserves perceptual weight without demanding literal simulation.,low-to-medium,none-to-one additional candidate,May dilute other controls if added without compression.,provider capability and adapter dependent,moderate-to-strong where supported by cited benchmark/control literature; provider-specific effect size unqualified,"Re-run metric_support_plausibility, metric_momentum_continuity, metric_temporal_event_error, metric_human_readability on paired seeds and retain per-seed outcomes.","[""metric_support_plausibility"",""metric_momentum_continuity"",""metric_temporal_event_error"",""metric_human_readability""]",Restore the prior canonical score/build and preserve the failed candidate as immutable evidence.,"[""No intervention guarantees compliance on stochastic generators.""]","[""B004"",""B005"",""B006"",""B026""]",literature-and-repository-grounded; live provider qualification pending
F04,"failure://contact, balance, and physics/weightless_takeoff_landing_or_recovery/f04","Contact, balance, and physics","Weightless takeoff, landing, or recovery",high,requires_visual_or_control_conditioning,2,L4,"pose, mask, depth, trajectory, or control video","Use pose/root trajectory control and boundary keyframes for support, apex, landing, and recovery.",Constrains the phases most responsible for weight perception.,low prompt cost; medium asset preparation cost,additional asset preparation and/or multiple generated clips,"Can introduce boundary, compositing, reference-transfer, or motion-stiffness artifacts; verify all preserved controls.",provider capability and adapter dependent,mechanistically strong control escalation; exact benefit requires live provider tests,"Re-run metric_support_plausibility, metric_momentum_continuity, metric_temporal_event_error, metric_human_readability on paired seeds and retain per-seed outcomes.","[""metric_support_plausibility"",""metric_momentum_continuity"",""metric_temporal_event_error"",""metric_human_readability""]",Restore the prior canonical score/build and preserve the failed candidate as immutable evidence.,"[""No intervention guarantees compliance on stochastic generators.""]","[""B004"",""B005"",""B006"",""B026""]",literature-and-repository-grounded; live provider qualification pending
F04,"failure://contact, balance, and physics/weightless_takeoff_landing_or_recovery/f04","Contact, balance, and physics","Weightless takeoff, landing, or recovery",high,requires_visual_or_control_conditioning,3,L5,shot decomposition,Split launch/flight/landing into shots or use an authored hold/smear between physically anchored phases.,Lets stylization occur between stable causal anchors.,minimal prompt cost; workflow cost may be high,"localized regeneration, substitution, or postproduction","May change style, timing, or already-passing regions; full regression verification required.",provider capability and adapter dependent,fallback intervention; use only after the lower level fails its paired-seed gate,"Re-run metric_support_plausibility, metric_momentum_continuity, metric_temporal_event_error, metric_human_readability on paired seeds and retain per-seed outcomes.","[""metric_support_plausibility"",""metric_momentum_continuity"",""metric_temporal_event_error"",""metric_human_readability""]",Restore the prior canonical score/build and preserve the failed candidate as immutable evidence.,"[""No intervention guarantees compliance on stochastic generators.""]","[""B004"",""B005"",""B006"",""B026""]",literature-and-repository-grounded; live provider qualification pending
F05,"failure://contact, balance, and physics/momentum_discontinuity/f05","Contact, balance, and physics",Momentum discontinuity,high,requires_visual_or_control_conditioning,1,L2,canonical event/state contract,"Encode trajectory segments with entry/exit direction, qualitative speed profile, impulse source, deceleration, and allowed stylized discontinuities.",Makes unexplained changes detectable while preserving authored exaggeration.,low-to-medium,none-to-one additional candidate,May dilute other controls if added without compression.,provider capability and adapter dependent,moderate-to-strong where supported by cited benchmark/control literature; provider-specific effect size unqualified,"Re-run metric_momentum_continuity, metric_causal_edge_accuracy, metric_camera_motion_agreement, metric_temporal_event_error on paired seeds and retain per-seed outcomes.","[""metric_momentum_continuity"",""metric_causal_edge_accuracy"",""metric_camera_motion_agreement"",""metric_temporal_event_error""]",Restore the prior canonical score/build and preserve the failed candidate as immutable evidence.,"[""No intervention guarantees compliance on stochastic generators.""]","[""B004"",""B005"",""B006"",""B021"",""B025""]",literature-and-repository-grounded; live provider qualification pending
F05,"failure://contact, balance, and physics/momentum_discontinuity/f05","Contact, balance, and physics",Momentum discontinuity,high,requires_visual_or_control_conditioning,2,L4,"pose, mask, depth, trajectory, or control video",Use trajectory/control video or keyframes with velocity-aware spacing rather than only endpoint images.,Carries motion continuity into conditioning.,low prompt cost; medium asset preparation cost,additional asset preparation and/or multiple generated clips,"Can introduce boundary, compositing, reference-transfer, or motion-stiffness artifacts; verify all preserved controls.",provider capability and adapter dependent,mechanistically strong control escalation; exact benefit requires live provider tests,"Re-run metric_momentum_continuity, metric_causal_edge_accuracy, metric_camera_motion_agreement, metric_temporal_event_error on paired seeds and retain per-seed outcomes.","[""metric_momentum_continuity"",""metric_causal_edge_accuracy"",""metric_camera_motion_agreement"",""metric_temporal_event_error""]",Restore the prior canonical score/build and preserve the failed candidate as immutable evidence.,"[""No intervention guarantees compliance on stochastic generators.""]","[""B004"",""B005"",""B006"",""B021"",""B025""]",literature-and-repository-grounded; live provider qualification pending
F05,"failure://contact, balance, and physics/momentum_discontinuity/f05","Contact, balance, and physics",Momentum discontinuity,high,requires_visual_or_control_conditioning,3,L5,shot decomposition,"Place a cut, smear, or hold only where a discontinuity is intentional and restore a defined post-transition trajectory.",Turns an uncontrolled jump into an authored edit convention.,minimal prompt cost; workflow cost may be high,"localized regeneration, substitution, or postproduction","May change style, timing, or already-passing regions; full regression verification required.",provider capability and adapter dependent,fallback intervention; use only after the lower level fails its paired-seed gate,"Re-run metric_momentum_continuity, metric_causal_edge_accuracy, metric_camera_motion_agreement, metric_temporal_event_error on paired seeds and retain per-seed outcomes.","[""metric_momentum_continuity"",""metric_causal_edge_accuracy"",""metric_camera_motion_agreement"",""metric_temporal_event_error""]",Restore the prior canonical score/build and preserve the failed candidate as immutable evidence.,"[""No intervention guarantees compliance on stochastic generators.""]","[""B004"",""B005"",""B006"",""B021"",""B025""]",literature-and-repository-grounded; live provider qualification pending
F06,"failure://contact, balance, and physics/grip_grasp_or_support_failure/f06","Contact, balance, and physics","Grip, grasp, or support failure",high,requires_visual_or_control_conditioning,1,L2,canonical event/state contract,"Compile support/grasp edges with contact regions, load bearer, supported entity, interval, release condition, and required reaction to support loss.",Makes support a causal relation rather than a visual coincidence.,low-to-medium,none-to-one additional candidate,May dilute other controls if added without compression.,provider capability and adapter dependent,moderate-to-strong where supported by cited benchmark/control literature; provider-specific effect size unqualified,"Re-run metric_contact_distance, metric_object_state_transition, metric_support_plausibility, metric_causal_edge_accuracy on paired seeds and retain per-seed outcomes.","[""metric_contact_distance"",""metric_object_state_transition"",""metric_support_plausibility"",""metric_causal_edge_accuracy""]",Restore the prior canonical score/build and preserve the failed candidate as immutable evidence.,"[""No intervention guarantees compliance on stochastic generators.""]","[""B004"",""B005"",""B017""]",literature-and-repository-grounded; live provider qualification pending
F06,"failure://contact, balance, and physics/grip_grasp_or_support_failure/f06","Contact, balance, and physics","Grip, grasp, or support failure",high,requires_visual_or_control_conditioning,2,L4,"pose, mask, depth, trajectory, or control video","Use contact-region masks, hand/body pose, or a control video that keeps support points aligned.",Constrains attachment and load-bearing geometry.,low prompt cost; medium asset preparation cost,additional asset preparation and/or multiple generated clips,"Can introduce boundary, compositing, reference-transfer, or motion-stiffness artifacts; verify all preserved controls.",provider capability and adapter dependent,mechanistically strong control escalation; exact benefit requires live provider tests,"Re-run metric_contact_distance, metric_object_state_transition, metric_support_plausibility, metric_causal_edge_accuracy on paired seeds and retain per-seed outcomes.","[""metric_contact_distance"",""metric_object_state_transition"",""metric_support_plausibility"",""metric_causal_edge_accuracy""]",Restore the prior canonical score/build and preserve the failed candidate as immutable evidence.,"[""No intervention guarantees compliance on stochastic generators.""]","[""B004"",""B005"",""B017""]",literature-and-repository-grounded; live provider qualification pending
F06,"failure://contact, balance, and physics/grip_grasp_or_support_failure/f06","Contact, balance, and physics","Grip, grasp, or support failure",high,requires_visual_or_control_conditioning,3,L5,shot decomposition,"Use inserts or separate shots for establish-grip, load motion, and release.",Reduces continuous topology demands.,minimal prompt cost; workflow cost may be high,"localized regeneration, substitution, or postproduction","May change style, timing, or already-passing regions; full regression verification required.",provider capability and adapter dependent,fallback intervention; use only after the lower level fails its paired-seed gate,"Re-run metric_contact_distance, metric_object_state_transition, metric_support_plausibility, metric_causal_edge_accuracy on paired seeds and retain per-seed outcomes.","[""metric_contact_distance"",""metric_object_state_transition"",""metric_support_plausibility"",""metric_causal_edge_accuracy""]",Restore the prior canonical score/build and preserve the failed candidate as immutable evidence.,"[""No intervention guarantees compliance on stochastic generators.""]","[""B004"",""B005"",""B017""]",literature-and-repository-grounded; live provider qualification pending
F07,"failure://contact, balance, and physics/contact_target_or_reaction_mismatch/f07","Contact, balance, and physics",Contact-target or reaction mismatch,high,requires_visual_or_control_conditioning,1,L2,canonical event/state contract,"Use one interaction ID linking initiator, contact limb/object, target entity/region, contact type, consequence, and reaction chain.",Prevents local geometry and downstream response from being assigned independently.,low-to-medium,none-to-one additional candidate,May dilute other controls if added without compression.,provider capability and adapter dependent,moderate-to-strong where supported by cited benchmark/control literature; provider-specific effect size unqualified,"Re-run metric_contact_distance, metric_role_assignment_accuracy, metric_causal_edge_accuracy, metric_effect_origin_error on paired seeds and retain per-seed outcomes.","[""metric_contact_distance"",""metric_role_assignment_accuracy"",""metric_causal_edge_accuracy"",""metric_effect_origin_error""]",Restore the prior canonical score/build and preserve the failed candidate as immutable evidence.,"[""No intervention guarantees compliance on stochastic generators.""]","[""B002"",""B004"",""B005"",""B017""]",literature-and-repository-grounded; live provider qualification pending
F07,"failure://contact, balance, and physics/contact_target_or_reaction_mismatch/f07","Contact, balance, and physics",Contact-target or reaction mismatch,high,requires_visual_or_control_conditioning,2,L4,"pose, mask, depth, trajectory, or control video","Provide keyframes/masks at contact and first reaction, with per-entity target labels.",Constrains both the apex and consequence ownership.,low prompt cost; medium asset preparation cost,additional asset preparation and/or multiple generated clips,"Can introduce boundary, compositing, reference-transfer, or motion-stiffness artifacts; verify all preserved controls.",provider capability and adapter dependent,mechanistically strong control escalation; exact benefit requires live provider tests,"Re-run metric_contact_distance, metric_role_assignment_accuracy, metric_causal_edge_accuracy, metric_effect_origin_error on paired seeds and retain per-seed outcomes.","[""metric_contact_distance"",""metric_role_assignment_accuracy"",""metric_causal_edge_accuracy"",""metric_effect_origin_error""]",Restore the prior canonical score/build and preserve the failed candidate as immutable evidence.,"[""No intervention guarantees compliance on stochastic generators.""]","[""B002"",""B004"",""B005"",""B017""]",literature-and-repository-grounded; live provider qualification pending
F07,"failure://contact, balance, and physics/contact_target_or_reaction_mismatch/f07","Contact, balance, and physics",Contact-target or reaction mismatch,high,requires_visual_or_control_conditioning,3,L5,shot decomposition,Limit each shot to one critical contact chain or isolate simultaneous contacts into separate beats/shots.,Reduces assignment ambiguity.,minimal prompt cost; workflow cost may be high,"localized regeneration, substitution, or postproduction","May change style, timing, or already-passing regions; full regression verification required.",provider capability and adapter dependent,fallback intervention; use only after the lower level fails its paired-seed gate,"Re-run metric_contact_distance, metric_role_assignment_accuracy, metric_causal_edge_accuracy, metric_effect_origin_error on paired seeds and retain per-seed outcomes.","[""metric_contact_distance"",""metric_role_assignment_accuracy"",""metric_causal_edge_accuracy"",""metric_effect_origin_error""]",Restore the prior canonical score/build and preserve the failed candidate as immutable evidence.,"[""No intervention guarantees compliance on stochastic generators.""]","[""B002"",""B004"",""B005"",""B017""]",literature-and-repository-grounded; live provider qualification pending
F08,"failure://contact, balance, and physics/scale_center_of_mass_or_body_proportion_instability/f08","Contact, balance, and physics","Scale, center-of-mass, or body-proportion instability",high,requires_visual_or_control_conditioning,1,L2,canonical event/state contract,Separate immutable body/object proportions from temporary perspective deformation; define center-of-mass/support phases and a recovery deadline.,Allows stylized projection while protecting physical identity and balance.,low-to-medium,none-to-one additional candidate,May dilute other controls if added without compression.,provider capability and adapter dependent,moderate-to-strong where supported by cited benchmark/control literature; provider-specific effect size unqualified,"Re-run metric_identity_continuity, metric_support_plausibility, metric_anatomy_recovery_latency, metric_camera_motion_agreement on paired seeds and retain per-seed outcomes.","[""metric_identity_continuity"",""metric_support_plausibility"",""metric_anatomy_recovery_latency"",""metric_camera_motion_agreement""]",Restore the prior canonical score/build and preserve the failed candidate as immutable evidence.,"[""No intervention guarantees compliance on stochastic generators.""]","[""B004"",""B016"",""B017""]",literature-and-repository-grounded; live provider qualification pending
F08,"failure://contact, balance, and physics/scale_center_of_mass_or_body_proportion_instability/f08","Contact, balance, and physics","Scale, center-of-mass, or body-proportion instability",high,requires_visual_or_control_conditioning,2,L3,reference image or storyboard,Use full-body multi-view references and source/destination keyframes with consistent scale anchors.,Provides proportion and staging anchors.,low prompt cost; medium asset preparation cost,additional asset preparation and/or multiple generated clips,"Can introduce boundary, compositing, reference-transfer, or motion-stiffness artifacts; verify all preserved controls.",provider capability and adapter dependent,mechanistically strong control escalation; exact benefit requires live provider tests,"Re-run metric_identity_continuity, metric_support_plausibility, metric_anatomy_recovery_latency, metric_camera_motion_agreement on paired seeds and retain per-seed outcomes.","[""metric_identity_continuity"",""metric_support_plausibility"",""metric_anatomy_recovery_latency"",""metric_camera_motion_agreement""]",Restore the prior canonical score/build and preserve the failed candidate as immutable evidence.,"[""No intervention guarantees compliance on stochastic generators.""]","[""B004"",""B016"",""B017""]",literature-and-repository-grounded; live provider qualification pending
F08,"failure://contact, balance, and physics/scale_center_of_mass_or_body_proportion_instability/f08","Contact, balance, and physics","Scale, center-of-mass, or body-proportion instability",high,requires_visual_or_control_conditioning,3,L6,postproduction/compositing,"Use 2D/3D animation or compositing for shots where exact reach, scale, and balance are non-negotiable.",Moves critical geometry to a controllable production system.,minimal prompt cost; workflow cost may be high,"localized regeneration, substitution, or postproduction","May change style, timing, or already-passing regions; full regression verification required.",provider capability and adapter dependent,fallback intervention; use only after the lower level fails its paired-seed gate,"Re-run metric_identity_continuity, metric_support_plausibility, metric_anatomy_recovery_latency, metric_camera_motion_agreement on paired seeds and retain per-seed outcomes.","[""metric_identity_continuity"",""metric_support_plausibility"",""metric_anatomy_recovery_latency"",""metric_camera_motion_agreement""]",Restore the prior canonical score/build and preserve the failed candidate as immutable evidence.,"[""No intervention guarantees compliance on stochastic generators.""]","[""B004"",""B016"",""B017""]",literature-and-repository-grounded; live provider qualification pending
G01,"failure://fluid, material, and vfx/splash_without_surface_displacement/g01","Fluid, material, and VFX",Splash without surface displacement,high,requires_visual_or_control_conditioning,1,L2,canonical event/state contract,"Compile the solid–fluid event chain: entrant/impactor, surface contact point, displacement onset, splash origin/peak/decay, ripples, and resulting subject state.",Prevents the effect from being scheduled independently of its cause.,low-to-medium,none-to-one additional candidate,May dilute other controls if added without compression.,provider capability and adapter dependent,moderate-to-strong where supported by cited benchmark/control literature; provider-specific effect size unqualified,"Re-run metric_causal_edge_accuracy, metric_effect_origin_error, metric_effect_decay_error, metric_material_state_consistency on paired seeds and retain per-seed outcomes.","[""metric_causal_edge_accuracy"",""metric_effect_origin_error"",""metric_effect_decay_error"",""metric_material_state_consistency""]",Restore the prior canonical score/build and preserve the failed candidate as immutable evidence.,"[""No intervention guarantees compliance on stochastic generators.""]","[""B004"",""B005"",""B006"",""B026""]",literature-and-repository-grounded; live provider qualification pending
G01,"failure://fluid, material, and vfx/splash_without_surface_displacement/g01","Fluid, material, and VFX",Splash without surface displacement,high,requires_visual_or_control_conditioning,2,L4,"pose, mask, depth, trajectory, or control video",Use masks/trajectory/control video or a simulated/precomposed displacement guide at the contact interval.,Constrains the causal geometry of the fluid response.,low prompt cost; medium asset preparation cost,additional asset preparation and/or multiple generated clips,"Can introduce boundary, compositing, reference-transfer, or motion-stiffness artifacts; verify all preserved controls.",provider capability and adapter dependent,mechanistically strong control escalation; exact benefit requires live provider tests,"Re-run metric_causal_edge_accuracy, metric_effect_origin_error, metric_effect_decay_error, metric_material_state_consistency on paired seeds and retain per-seed outcomes.","[""metric_causal_edge_accuracy"",""metric_effect_origin_error"",""metric_effect_decay_error"",""metric_material_state_consistency""]",Restore the prior canonical score/build and preserve the failed candidate as immutable evidence.,"[""No intervention guarantees compliance on stochastic generators.""]","[""B004"",""B005"",""B006"",""B026""]",literature-and-repository-grounded; live provider qualification pending
G01,"failure://fluid, material, and vfx/splash_without_surface_displacement/g01","Fluid, material, and VFX",Splash without surface displacement,high,requires_visual_or_control_conditioning,3,L6,postproduction/compositing,Generate clean body motion and add splash/ripples from the verified contact point in postproduction.,Makes the fluid consequence deterministic.,minimal prompt cost; workflow cost may be high,"localized regeneration, substitution, or postproduction","May change style, timing, or already-passing regions; full regression verification required.",provider capability and adapter dependent,fallback intervention; use only after the lower level fails its paired-seed gate,"Re-run metric_causal_edge_accuracy, metric_effect_origin_error, metric_effect_decay_error, metric_material_state_consistency on paired seeds and retain per-seed outcomes.","[""metric_causal_edge_accuracy"",""metric_effect_origin_error"",""metric_effect_decay_error"",""metric_material_state_consistency""]",Restore the prior canonical score/build and preserve the failed candidate as immutable evidence.,"[""No intervention guarantees compliance on stochastic generators.""]","[""B004"",""B005"",""B006"",""B026""]",literature-and-repository-grounded; live provider qualification pending
G02,"failure://fluid, material, and vfx/fluid_treated_as_a_solid_or_noninteractive_plane/g02","Fluid, material, and VFX",Fluid treated as a solid or noninteractive plane,high,requires_visual_or_control_conditioning,1,L2,canonical event/state contract,"Declare material type, surface/depth field, support policy, penetration/submersion state, displacement response, and whether stylized surface-running is allowed.",Separates environment appearance from interaction physics.,low-to-medium,none-to-one additional candidate,May dilute other controls if added without compression.,provider capability and adapter dependent,moderate-to-strong where supported by cited benchmark/control literature; provider-specific effect size unqualified,"Re-run metric_material_state_consistency, metric_contact_distance, metric_penetration_duration, metric_support_plausibility on paired seeds and retain per-seed outcomes.","[""metric_material_state_consistency"",""metric_contact_distance"",""metric_penetration_duration"",""metric_support_plausibility""]",Restore the prior canonical score/build and preserve the failed candidate as immutable evidence.,"[""No intervention guarantees compliance on stochastic generators.""]","[""B004"",""B005"",""B026""]",literature-and-repository-grounded; live provider qualification pending
G02,"failure://fluid, material, and vfx/fluid_treated_as_a_solid_or_noninteractive_plane/g02","Fluid, material, and VFX",Fluid treated as a solid or noninteractive plane,high,requires_visual_or_control_conditioning,2,L4,"pose, mask, depth, trajectory, or control video",Provide depth/mask/control media or a simulated interaction plate for the material boundary.,Constrains the contact/submersion topology.,low prompt cost; medium asset preparation cost,additional asset preparation and/or multiple generated clips,"Can introduce boundary, compositing, reference-transfer, or motion-stiffness artifacts; verify all preserved controls.",provider capability and adapter dependent,mechanistically strong control escalation; exact benefit requires live provider tests,"Re-run metric_material_state_consistency, metric_contact_distance, metric_penetration_duration, metric_support_plausibility on paired seeds and retain per-seed outcomes.","[""metric_material_state_consistency"",""metric_contact_distance"",""metric_penetration_duration"",""metric_support_plausibility""]",Restore the prior canonical score/build and preserve the failed candidate as immutable evidence.,"[""No intervention guarantees compliance on stochastic generators.""]","[""B004"",""B005"",""B026""]",literature-and-repository-grounded; live provider qualification pending
G02,"failure://fluid, material, and vfx/fluid_treated_as_a_solid_or_noninteractive_plane/g02","Fluid, material, and VFX",Fluid treated as a solid or noninteractive plane,high,requires_visual_or_control_conditioning,3,L6,postproduction/compositing,Composite the actor with a simulated or stock material interaction layer.,Provides reliable material response when prompt-only generation plateaus.,minimal prompt cost; workflow cost may be high,"localized regeneration, substitution, or postproduction","May change style, timing, or already-passing regions; full regression verification required.",provider capability and adapter dependent,fallback intervention; use only after the lower level fails its paired-seed gate,"Re-run metric_material_state_consistency, metric_contact_distance, metric_penetration_duration, metric_support_plausibility on paired seeds and retain per-seed outcomes.","[""metric_material_state_consistency"",""metric_contact_distance"",""metric_penetration_duration"",""metric_support_plausibility""]",Restore the prior canonical score/build and preserve the failed candidate as immutable evidence.,"[""No intervention guarantees compliance on stochastic generators.""]","[""B004"",""B005"",""B026""]",literature-and-repository-grounded; live provider qualification pending
G03,"failure://fluid, material, and vfx/effect_origin_follows_the_wrong_actor_or_location/g03","Fluid, material, and VFX",Effect origin follows the wrong actor or location,high,requires_visual_or_control_conditioning,1,L2,canonical event/state contract,"Bind the effect to a causal event ID and fixed/trajectory-aware world-space origin, with onset, expansion, advection, and decay separated from the actor track.",Prevents effect ownership from following the most salient moving subject.,low-to-medium,none-to-one additional candidate,May dilute other controls if added without compression.,provider capability and adapter dependent,moderate-to-strong where supported by cited benchmark/control literature; provider-specific effect size unqualified,"Re-run metric_effect_origin_error, metric_causal_edge_accuracy, metric_camera_motion_agreement, metric_material_state_consistency on paired seeds and retain per-seed outcomes.","[""metric_effect_origin_error"",""metric_causal_edge_accuracy"",""metric_camera_motion_agreement"",""metric_material_state_consistency""]",Restore the prior canonical score/build and preserve the failed candidate as immutable evidence.,"[""No intervention guarantees compliance on stochastic generators.""]","[""B004"",""B005"",""B017"",""B021""]",literature-and-repository-grounded; live provider qualification pending
G03,"failure://fluid, material, and vfx/effect_origin_follows_the_wrong_actor_or_location/g03","Fluid, material, and VFX",Effect origin follows the wrong actor or location,high,requires_visual_or_control_conditioning,2,L4,"pose, mask, depth, trajectory, or control video","Use an origin mask/point, control video, or reference storyboard marking the causal location.",Provides direct localization.,low prompt cost; medium asset preparation cost,additional asset preparation and/or multiple generated clips,"Can introduce boundary, compositing, reference-transfer, or motion-stiffness artifacts; verify all preserved controls.",provider capability and adapter dependent,mechanistically strong control escalation; exact benefit requires live provider tests,"Re-run metric_effect_origin_error, metric_causal_edge_accuracy, metric_camera_motion_agreement, metric_material_state_consistency on paired seeds and retain per-seed outcomes.","[""metric_effect_origin_error"",""metric_causal_edge_accuracy"",""metric_camera_motion_agreement"",""metric_material_state_consistency""]",Restore the prior canonical score/build and preserve the failed candidate as immutable evidence.,"[""No intervention guarantees compliance on stochastic generators.""]","[""B004"",""B005"",""B017"",""B021""]",literature-and-repository-grounded; live provider qualification pending
G03,"failure://fluid, material, and vfx/effect_origin_follows_the_wrong_actor_or_location/g03","Fluid, material, and VFX",Effect origin follows the wrong actor or location,high,requires_visual_or_control_conditioning,3,L6,postproduction/compositing,Add the effect as a tracked world-space composite after verifying the causal point.,Guarantees effect origin and camera compensation.,minimal prompt cost; workflow cost may be high,"localized regeneration, substitution, or postproduction","May change style, timing, or already-passing regions; full regression verification required.",provider capability and adapter dependent,fallback intervention; use only after the lower level fails its paired-seed gate,"Re-run metric_effect_origin_error, metric_causal_edge_accuracy, metric_camera_motion_agreement, metric_material_state_consistency on paired seeds and retain per-seed outcomes.","[""metric_effect_origin_error"",""metric_causal_edge_accuracy"",""metric_camera_motion_agreement"",""metric_material_state_consistency""]",Restore the prior canonical score/build and preserve the failed candidate as immutable evidence.,"[""No intervention guarantees compliance on stochastic generators.""]","[""B004"",""B005"",""B017"",""B021""]",literature-and-repository-grounded; live provider qualification pending
G04,"failure://fluid, material, and vfx/effect_onset_decay_or_persistence_mismatch/g04","Fluid, material, and VFX","Effect onset, decay, or persistence mismatch",high,requires_postproduction,1,L2,canonical event/state contract,"Represent effect lifecycle as onset, peak, expansion/advection, decay, end, residual state, and relation to any edit boundary.",Makes premature or persistent effects explicitly invalid.,low-to-medium,none-to-one additional candidate,May dilute other controls if added without compression.,provider capability and adapter dependent,moderate-to-strong where supported by cited benchmark/control literature; provider-specific effect size unqualified,"Re-run metric_effect_decay_error, metric_causal_edge_accuracy, metric_edit_graphic_classification, metric_material_state_consistency on paired seeds and retain per-seed outcomes.","[""metric_effect_decay_error"",""metric_causal_edge_accuracy"",""metric_edit_graphic_classification"",""metric_material_state_consistency""]",Restore the prior canonical score/build and preserve the failed candidate as immutable evidence.,"[""No intervention guarantees compliance on stochastic generators.""]","[""B003"",""B010"",""B017""]",literature-and-repository-grounded; live provider qualification pending
G04,"failure://fluid, material, and vfx/effect_onset_decay_or_persistence_mismatch/g04","Fluid, material, and VFX","Effect onset, decay, or persistence mismatch",high,requires_postproduction,2,L6,postproduction/compositing,Generate or composite the effect separately with an authored opacity/area envelope.,Provides deterministic lifecycle timing.,low,additional asset preparation and/or multiple generated clips,"Can introduce boundary, compositing, reference-transfer, or motion-stiffness artifacts; verify all preserved controls.",provider capability and adapter dependent,mechanistically strong control escalation; exact benefit requires live provider tests,"Re-run metric_effect_decay_error, metric_causal_edge_accuracy, metric_edit_graphic_classification, metric_material_state_consistency on paired seeds and retain per-seed outcomes.","[""metric_effect_decay_error"",""metric_causal_edge_accuracy"",""metric_edit_graphic_classification"",""metric_material_state_consistency""]",Restore the prior canonical score/build and preserve the failed candidate as immutable evidence.,"[""No intervention guarantees compliance on stochastic generators.""]","[""B003"",""B010"",""B017""]",literature-and-repository-grounded; live provider qualification pending
G04,"failure://fluid, material, and vfx/effect_onset_decay_or_persistence_mismatch/g04","Fluid, material, and VFX","Effect onset, decay, or persistence mismatch",high,requires_postproduction,3,L7,regenerate only the failing interval,Replace only the failing effect interval/layer and reverify preserved body/camera motion.,Avoids full-scene resampling.,minimal prompt cost; workflow cost may be high,"localized regeneration, substitution, or postproduction","May change style, timing, or already-passing regions; full regression verification required.",provider capability and adapter dependent,fallback intervention; use only after the lower level fails its paired-seed gate,"Re-run metric_effect_decay_error, metric_causal_edge_accuracy, metric_edit_graphic_classification, metric_material_state_consistency on paired seeds and retain per-seed outcomes.","[""metric_effect_decay_error"",""metric_causal_edge_accuracy"",""metric_edit_graphic_classification"",""metric_material_state_consistency""]",Restore the prior canonical score/build and preserve the failed candidate as immutable evidence.,"[""No intervention guarantees compliance on stochastic generators.""]","[""B003"",""B010"",""B017""]",literature-and-repository-grounded; live provider qualification pending
G05,"failure://fluid, material, and vfx/cloth_or_hair_interpenetration_and_attachment_drift/g05","Fluid, material, and VFX",Cloth or hair interpenetration and attachment drift,high,requires_visual_or_control_conditioning,1,L2,canonical event/state contract,"Define material anchor regions, allowed deformation, collision exclusions, follow-through lag, maximum topology change, and recovery/settle state.",Separates attachment and secondary motion from generic style.,low-to-medium,none-to-one additional candidate,May dilute other controls if added without compression.,provider capability and adapter dependent,moderate-to-strong where supported by cited benchmark/control literature; provider-specific effect size unqualified,"Re-run metric_penetration_duration, metric_identity_continuity, metric_material_state_consistency, metric_anatomy_recovery_latency on paired seeds and retain per-seed outcomes.","[""metric_penetration_duration"",""metric_identity_continuity"",""metric_material_state_consistency"",""metric_anatomy_recovery_latency""]",Restore the prior canonical score/build and preserve the failed candidate as immutable evidence.,"[""No intervention guarantees compliance on stochastic generators.""]","[""B004"",""B016"",""B018""]",literature-and-repository-grounded; live provider qualification pending
G05,"failure://fluid, material, and vfx/cloth_or_hair_interpenetration_and_attachment_drift/g05","Fluid, material, and VFX",Cloth or hair interpenetration and attachment drift,high,requires_visual_or_control_conditioning,2,L4,"pose, mask, depth, trajectory, or control video","Use masks, pose/control video, or reference motion with clear silhouette and limited overlap.",Constrains attachment and gross trajectory.,low prompt cost; medium asset preparation cost,additional asset preparation and/or multiple generated clips,"Can introduce boundary, compositing, reference-transfer, or motion-stiffness artifacts; verify all preserved controls.",provider capability and adapter dependent,mechanistically strong control escalation; exact benefit requires live provider tests,"Re-run metric_penetration_duration, metric_identity_continuity, metric_material_state_consistency, metric_anatomy_recovery_latency on paired seeds and retain per-seed outcomes.","[""metric_penetration_duration"",""metric_identity_continuity"",""metric_material_state_consistency"",""metric_anatomy_recovery_latency""]",Restore the prior canonical score/build and preserve the failed candidate as immutable evidence.,"[""No intervention guarantees compliance on stochastic generators.""]","[""B004"",""B016"",""B018""]",literature-and-repository-grounded; live provider qualification pending
G05,"failure://fluid, material, and vfx/cloth_or_hair_interpenetration_and_attachment_drift/g05","Fluid, material, and VFX",Cloth or hair interpenetration and attachment drift,high,requires_visual_or_control_conditioning,3,L6,postproduction/compositing,Simulate/composite hair or cloth separately for hero shots with strict collision requirements.,Moves secondary dynamics to a controllable system.,minimal prompt cost; workflow cost may be high,"localized regeneration, substitution, or postproduction","May change style, timing, or already-passing regions; full regression verification required.",provider capability and adapter dependent,fallback intervention; use only after the lower level fails its paired-seed gate,"Re-run metric_penetration_duration, metric_identity_continuity, metric_material_state_consistency, metric_anatomy_recovery_latency on paired seeds and retain per-seed outcomes.","[""metric_penetration_duration"",""metric_identity_continuity"",""metric_material_state_consistency"",""metric_anatomy_recovery_latency""]",Restore the prior canonical score/build and preserve the failed candidate as immutable evidence.,"[""No intervention guarantees compliance on stochastic generators.""]","[""B004"",""B016"",""B018""]",literature-and-repository-grounded; live provider qualification pending
G06,"failure://fluid, material, and vfx/debris_trajectory_or_source_mismatch/g06","Fluid, material, and VFX",Debris trajectory or source mismatch,high,requires_postproduction,1,L2,canonical event/state contract,"Encode source object, destruction-state transition, fragment material/count range, origin region, impulse direction, lifespan, and residual state.",Links debris to conservation-like visual bookkeeping without pretending to run a simulator.,low-to-medium,none-to-one additional candidate,May dilute other controls if added without compression.,provider capability and adapter dependent,moderate-to-strong where supported by cited benchmark/control literature; provider-specific effect size unqualified,"Re-run metric_causal_edge_accuracy, metric_effect_origin_error, metric_effect_decay_error, metric_object_state_transition on paired seeds and retain per-seed outcomes.","[""metric_causal_edge_accuracy"",""metric_effect_origin_error"",""metric_effect_decay_error"",""metric_object_state_transition""]",Restore the prior canonical score/build and preserve the failed candidate as immutable evidence.,"[""No intervention guarantees compliance on stochastic generators.""]","[""B004"",""B005"",""B006"",""B026""]",literature-and-repository-grounded; live provider qualification pending
G06,"failure://fluid, material, and vfx/debris_trajectory_or_source_mismatch/g06","Fluid, material, and VFX",Debris trajectory or source mismatch,high,requires_postproduction,2,L6,postproduction/compositing,Create destruction/debris in a simulation or compositing pass using the verified collision point and camera track.,"Provides deterministic source, direction, and persistence.",low,additional asset preparation and/or multiple generated clips,"Can introduce boundary, compositing, reference-transfer, or motion-stiffness artifacts; verify all preserved controls.",provider capability and adapter dependent,mechanistically strong control escalation; exact benefit requires live provider tests,"Re-run metric_causal_edge_accuracy, metric_effect_origin_error, metric_effect_decay_error, metric_object_state_transition on paired seeds and retain per-seed outcomes.","[""metric_causal_edge_accuracy"",""metric_effect_origin_error"",""metric_effect_decay_error"",""metric_object_state_transition""]",Restore the prior canonical score/build and preserve the failed candidate as immutable evidence.,"[""No intervention guarantees compliance on stochastic generators.""]","[""B004"",""B005"",""B006"",""B026""]",literature-and-repository-grounded; live provider qualification pending
G06,"failure://fluid, material, and vfx/debris_trajectory_or_source_mismatch/g06","Fluid, material, and VFX",Debris trajectory or source mismatch,high,requires_postproduction,3,L5,shot decomposition,Cut on the destruction event and establish the post-destruction state in a separate shot.,Reduces the need to preserve source and fragment states in one sample.,minimal prompt cost; workflow cost may be high,"localized regeneration, substitution, or postproduction","May change style, timing, or already-passing regions; full regression verification required.",provider capability and adapter dependent,fallback intervention; use only after the lower level fails its paired-seed gate,"Re-run metric_causal_edge_accuracy, metric_effect_origin_error, metric_effect_decay_error, metric_object_state_transition on paired seeds and retain per-seed outcomes.","[""metric_causal_edge_accuracy"",""metric_effect_origin_error"",""metric_effect_decay_error"",""metric_object_state_transition""]",Restore the prior canonical score/build and preserve the failed candidate as immutable evidence.,"[""No intervention guarantees compliance on stochastic generators.""]","[""B004"",""B005"",""B006"",""B026""]",literature-and-repository-grounded; live provider qualification pending
G07,"failure://fluid, material, and vfx/water_level_topology_wetness_or_ripple_state_drift/g07","Fluid, material, and VFX","Water level, topology, wetness, or ripple-state drift",high,requires_visual_or_control_conditioning,1,L2,canonical event/state contract,"Store environment material state—surface plane/depth, disturbance fields, wetness, residual ripples, and legal decay—at every beat/shot boundary.",Prevents the environment from silently reverting to its initial condition.,low-to-medium,none-to-one additional candidate,May dilute other controls if added without compression.,provider capability and adapter dependent,moderate-to-strong where supported by cited benchmark/control literature; provider-specific effect size unqualified,"Re-run metric_material_state_consistency, metric_effect_decay_error, metric_camera_motion_agreement, metric_object_state_transition on paired seeds and retain per-seed outcomes.","[""metric_material_state_consistency"",""metric_effect_decay_error"",""metric_camera_motion_agreement"",""metric_object_state_transition""]",Restore the prior canonical score/build and preserve the failed candidate as immutable evidence.,"[""No intervention guarantees compliance on stochastic generators.""]","[""B003"",""B011"",""B016"",""B017""]",literature-and-repository-grounded; live provider qualification pending
G07,"failure://fluid, material, and vfx/water_level_topology_wetness_or_ripple_state_drift/g07","Fluid, material, and VFX","Water level, topology, wetness, or ripple-state drift",high,requires_visual_or_control_conditioning,2,L3,reference image or storyboard,Use state-specific environment references/keyframes and a shared background plate across shots.,Anchors topology and residual state visually.,low prompt cost; medium asset preparation cost,additional asset preparation and/or multiple generated clips,"Can introduce boundary, compositing, reference-transfer, or motion-stiffness artifacts; verify all preserved controls.",provider capability and adapter dependent,mechanistically strong control escalation; exact benefit requires live provider tests,"Re-run metric_material_state_consistency, metric_effect_decay_error, metric_camera_motion_agreement, metric_object_state_transition on paired seeds and retain per-seed outcomes.","[""metric_material_state_consistency"",""metric_effect_decay_error"",""metric_camera_motion_agreement"",""metric_object_state_transition""]",Restore the prior canonical score/build and preserve the failed candidate as immutable evidence.,"[""No intervention guarantees compliance on stochastic generators.""]","[""B003"",""B011"",""B016"",""B017""]",literature-and-repository-grounded; live provider qualification pending
G07,"failure://fluid, material, and vfx/water_level_topology_wetness_or_ripple_state_drift/g07","Fluid, material, and VFX","Water level, topology, wetness, or ripple-state drift",high,requires_visual_or_control_conditioning,3,L6,postproduction/compositing,Use a fixed environment plate or simulation/composite for persistent fluid state.,Makes material continuity deterministic across clips.,minimal prompt cost; workflow cost may be high,"localized regeneration, substitution, or postproduction","May change style, timing, or already-passing regions; full regression verification required.",provider capability and adapter dependent,fallback intervention; use only after the lower level fails its paired-seed gate,"Re-run metric_material_state_consistency, metric_effect_decay_error, metric_camera_motion_agreement, metric_object_state_transition on paired seeds and retain per-seed outcomes.","[""metric_material_state_consistency"",""metric_effect_decay_error"",""metric_camera_motion_agreement"",""metric_object_state_transition""]",Restore the prior canonical score/build and preserve the failed candidate as immutable evidence.,"[""No intervention guarantees compliance on stochastic generators.""]","[""B003"",""B011"",""B016"",""B017""]",literature-and-repository-grounded; live provider qualification pending
H01,"failure://camera, edit, and anime discontinuity/camera_pan_or_tracking_becomes_actor_world_movement/h01","Camera, edit, and anime discontinuity",Camera pan or tracking becomes actor/world movement,high,requires_visual_or_control_conditioning,1,L2,canonical event/state contract,"Compile independent world-space actor tracks, screen-space projections, camera translation/rotation/lens, background motion, and edit events.",Lets verification distinguish a correct frame composition from a wrong physical realization.,low-to-medium,none-to-one additional candidate,May dilute other controls if added without compression.,provider capability and adapter dependent,moderate-to-strong where supported by cited benchmark/control literature; provider-specific effect size unqualified,"Re-run metric_camera_motion_agreement, metric_camera_actor_entanglement, metric_screen_direction_consistency, metric_momentum_continuity on paired seeds and retain per-seed outcomes.","[""metric_camera_motion_agreement"",""metric_camera_actor_entanglement"",""metric_screen_direction_consistency"",""metric_momentum_continuity""]",Restore the prior canonical score/build and preserve the failed candidate as immutable evidence.,"[""No intervention guarantees compliance on stochastic generators.""]","[""B021"",""R004"",""R006""]",literature-and-repository-grounded; live provider qualification pending
H01,"failure://camera, edit, and anime discontinuity/camera_pan_or_tracking_becomes_actor_world_movement/h01","Camera, edit, and anime discontinuity",Camera pan or tracking becomes actor/world movement,high,requires_visual_or_control_conditioning,2,L4,"pose, mask, depth, trajectory, or control video",Provide separate camera/control trajectory or a reference/control video while holding actor motion simple.,Constrains camera motion independently.,low prompt cost; medium asset preparation cost,additional asset preparation and/or multiple generated clips,"Can introduce boundary, compositing, reference-transfer, or motion-stiffness artifacts; verify all preserved controls.",provider capability and adapter dependent,mechanistically strong control escalation; exact benefit requires live provider tests,"Re-run metric_camera_motion_agreement, metric_camera_actor_entanglement, metric_screen_direction_consistency, metric_momentum_continuity on paired seeds and retain per-seed outcomes.","[""metric_camera_motion_agreement"",""metric_camera_actor_entanglement"",""metric_screen_direction_consistency"",""metric_momentum_continuity""]",Restore the prior canonical score/build and preserve the failed candidate as immutable evidence.,"[""No intervention guarantees compliance on stochastic generators.""]","[""B021"",""R004"",""R006""]",literature-and-repository-grounded; live provider qualification pending
H01,"failure://camera, edit, and anime discontinuity/camera_pan_or_tracking_becomes_actor_world_movement/h01","Camera, edit, and anime discontinuity",Camera pan or tracking becomes actor/world movement,high,requires_visual_or_control_conditioning,3,L5,shot decomposition,"Generate actor motion with a simpler/locked camera, then add camera motion in a separate shot or postproduction transform where feasible.",Reduces entanglement at generation time.,minimal prompt cost; workflow cost may be high,"localized regeneration, substitution, or postproduction","May change style, timing, or already-passing regions; full regression verification required.",provider capability and adapter dependent,fallback intervention; use only after the lower level fails its paired-seed gate,"Re-run metric_camera_motion_agreement, metric_camera_actor_entanglement, metric_screen_direction_consistency, metric_momentum_continuity on paired seeds and retain per-seed outcomes.","[""metric_camera_motion_agreement"",""metric_camera_actor_entanglement"",""metric_screen_direction_consistency"",""metric_momentum_continuity""]",Restore the prior canonical score/build and preserve the failed candidate as immutable evidence.,"[""No intervention guarantees compliance on stochastic generators.""]","[""B021"",""R004"",""R006""]",literature-and-repository-grounded; live provider qualification pending
H02,"failure://camera, edit, and anime discontinuity/zoom_lens_change_causes_scale_or_geometry_inconsistency/h02","Camera, edit, and anime discontinuity",Zoom/lens change causes scale or geometry inconsistency,high,requires_visual_or_control_conditioning,1,L2,canonical event/state contract,"Separate optical zoom, focal-length change, dolly translation, crop, and subject/world scale; lock immutable geometry and expected perspective behavior.",Prevents framing operations from changing object identity or distance.,low-to-medium,none-to-one additional candidate,May dilute other controls if added without compression.,provider capability and adapter dependent,moderate-to-strong where supported by cited benchmark/control literature; provider-specific effect size unqualified,"Re-run metric_camera_motion_agreement, metric_identity_continuity, metric_spatial_relation_accuracy, metric_anatomy_recovery_latency on paired seeds and retain per-seed outcomes.","[""metric_camera_motion_agreement"",""metric_identity_continuity"",""metric_spatial_relation_accuracy"",""metric_anatomy_recovery_latency""]",Restore the prior canonical score/build and preserve the failed candidate as immutable evidence.,"[""No intervention guarantees compliance on stochastic generators.""]","[""B016"",""B021""]",literature-and-repository-grounded; live provider qualification pending
H02,"failure://camera, edit, and anime discontinuity/zoom_lens_change_causes_scale_or_geometry_inconsistency/h02","Camera, edit, and anime discontinuity",Zoom/lens change causes scale or geometry inconsistency,high,requires_visual_or_control_conditioning,2,L3,reference image or storyboard,Provide start/end frames with consistent subject geometry and known camera intent.,Anchors the projection endpoints.,low prompt cost; medium asset preparation cost,additional asset preparation and/or multiple generated clips,"Can introduce boundary, compositing, reference-transfer, or motion-stiffness artifacts; verify all preserved controls.",provider capability and adapter dependent,mechanistically strong control escalation; exact benefit requires live provider tests,"Re-run metric_camera_motion_agreement, metric_identity_continuity, metric_spatial_relation_accuracy, metric_anatomy_recovery_latency on paired seeds and retain per-seed outcomes.","[""metric_camera_motion_agreement"",""metric_identity_continuity"",""metric_spatial_relation_accuracy"",""metric_anatomy_recovery_latency""]",Restore the prior canonical score/build and preserve the failed candidate as immutable evidence.,"[""No intervention guarantees compliance on stochastic generators.""]","[""B016"",""B021""]",literature-and-repository-grounded; live provider qualification pending
H02,"failure://camera, edit, and anime discontinuity/zoom_lens_change_causes_scale_or_geometry_inconsistency/h02","Camera, edit, and anime discontinuity",Zoom/lens change causes scale or geometry inconsistency,high,requires_visual_or_control_conditioning,3,L6,postproduction/compositing,Perform simple crop/zoom/reframe in postproduction when no true parallax is required.,Eliminates unnecessary generative resynthesis.,minimal prompt cost; workflow cost may be high,"localized regeneration, substitution, or postproduction","May change style, timing, or already-passing regions; full regression verification required.",provider capability and adapter dependent,fallback intervention; use only after the lower level fails its paired-seed gate,"Re-run metric_camera_motion_agreement, metric_identity_continuity, metric_spatial_relation_accuracy, metric_anatomy_recovery_latency on paired seeds and retain per-seed outcomes.","[""metric_camera_motion_agreement"",""metric_identity_continuity"",""metric_spatial_relation_accuracy"",""metric_anatomy_recovery_latency""]",Restore the prior canonical score/build and preserve the failed candidate as immutable evidence.,"[""No intervention guarantees compliance on stochastic generators.""]","[""B016"",""B021""]",literature-and-repository-grounded; live provider qualification pending
H03,"failure://camera, edit, and anime discontinuity/tilt_whip_orbit_or_shake_induces_teleportation_or_axis_error/h03","Camera, edit, and anime discontinuity","Tilt, whip, orbit, or shake induces teleportation or axis error",high,requires_visual_or_control_conditioning,1,L2,canonical event/state contract,"Encode the camera transform, unchanged world-state invariants, pre/post screen projection, and whether the interval is camera motion, graphic blur, or edit.",Protects world continuity through rapid image-space change.,low-to-medium,none-to-one additional candidate,May dilute other controls if added without compression.,provider capability and adapter dependent,moderate-to-strong where supported by cited benchmark/control literature; provider-specific effect size unqualified,"Re-run metric_camera_motion_agreement, metric_reappearance_position_error, metric_axis_crossing_count, metric_edit_graphic_classification on paired seeds and retain per-seed outcomes.","[""metric_camera_motion_agreement"",""metric_reappearance_position_error"",""metric_axis_crossing_count"",""metric_edit_graphic_classification""]",Restore the prior canonical score/build and preserve the failed candidate as immutable evidence.,"[""No intervention guarantees compliance on stochastic generators.""]","[""B017"",""B021"",""R004""]",literature-and-repository-grounded; live provider qualification pending
H03,"failure://camera, edit, and anime discontinuity/tilt_whip_orbit_or_shake_induces_teleportation_or_axis_error/h03","Camera, edit, and anime discontinuity","Tilt, whip, orbit, or shake induces teleportation or axis error",high,requires_visual_or_control_conditioning,2,L3,reference image or storyboard,Use first/last frames or storyboard panels with identical world state and the intended camera transform.,Anchors both sides of the ambiguous interval.,low prompt cost; medium asset preparation cost,additional asset preparation and/or multiple generated clips,"Can introduce boundary, compositing, reference-transfer, or motion-stiffness artifacts; verify all preserved controls.",provider capability and adapter dependent,mechanistically strong control escalation; exact benefit requires live provider tests,"Re-run metric_camera_motion_agreement, metric_reappearance_position_error, metric_axis_crossing_count, metric_edit_graphic_classification on paired seeds and retain per-seed outcomes.","[""metric_camera_motion_agreement"",""metric_reappearance_position_error"",""metric_axis_crossing_count"",""metric_edit_graphic_classification""]",Restore the prior canonical score/build and preserve the failed candidate as immutable evidence.,"[""No intervention guarantees compliance on stochastic generators.""]","[""B017"",""B021"",""R004""]",literature-and-repository-grounded; live provider qualification pending
H03,"failure://camera, edit, and anime discontinuity/tilt_whip_orbit_or_shake_induces_teleportation_or_axis_error/h03","Camera, edit, and anime discontinuity","Tilt, whip, orbit, or shake induces teleportation or axis error",high,requires_visual_or_control_conditioning,3,L5,shot decomposition,Split the camera move from the role/contact-critical action or use an explicit cut with a bridge frame.,Avoids simultaneous camera and choreography reconstruction.,minimal prompt cost; workflow cost may be high,"localized regeneration, substitution, or postproduction","May change style, timing, or already-passing regions; full regression verification required.",provider capability and adapter dependent,fallback intervention; use only after the lower level fails its paired-seed gate,"Re-run metric_camera_motion_agreement, metric_reappearance_position_error, metric_axis_crossing_count, metric_edit_graphic_classification on paired seeds and retain per-seed outcomes.","[""metric_camera_motion_agreement"",""metric_reappearance_position_error"",""metric_axis_crossing_count"",""metric_edit_graphic_classification""]",Restore the prior canonical score/build and preserve the failed candidate as immutable evidence.,"[""No intervention guarantees compliance on stochastic generators.""]","[""B017"",""B021"",""R004""]",literature-and-repository-grounded; live provider qualification pending
H04,"failure://camera, edit, and anime discontinuity/motion_blur_destroys_identity_or_topology/h04","Camera, edit, and anime discontinuity",Motion blur destroys identity or topology,high,requires_visual_or_control_conditioning,1,L2,canonical event/state contract,"Treat blur/smear as a bounded visibility interval with stable entity IDs, silhouette anchors, permitted deformation, and mandatory post-blur recovery frame.",Allows temporary loss of detail without authorizing persistent identity/topology change.,low-to-medium,none-to-one additional candidate,May dilute other controls if added without compression.,provider capability and adapter dependent,moderate-to-strong where supported by cited benchmark/control literature; provider-specific effect size unqualified,"Re-run metric_identity_continuity, metric_anatomy_recovery_latency, metric_actor_count_consistency, metric_occlusion_continuity on paired seeds and retain per-seed outcomes.","[""metric_identity_continuity"",""metric_anatomy_recovery_latency"",""metric_actor_count_consistency"",""metric_occlusion_continuity""]",Restore the prior canonical score/build and preserve the failed candidate as immutable evidence.,"[""No intervention guarantees compliance on stochastic generators.""]","[""B015"",""B016"",""B017"",""B019"",""B021""]",literature-and-repository-grounded; live provider qualification pending
H04,"failure://camera, edit, and anime discontinuity/motion_blur_destroys_identity_or_topology/h04","Camera, edit, and anime discontinuity",Motion blur destroys identity or topology,high,requires_visual_or_control_conditioning,2,L3,reference image or storyboard,"Provide a clean post-blur keyframe and, when possible, a trajectory/silhouette reference through the blur.",Anchors recovery and coarse motion.,low prompt cost; medium asset preparation cost,additional asset preparation and/or multiple generated clips,"Can introduce boundary, compositing, reference-transfer, or motion-stiffness artifacts; verify all preserved controls.",provider capability and adapter dependent,mechanistically strong control escalation; exact benefit requires live provider tests,"Re-run metric_identity_continuity, metric_anatomy_recovery_latency, metric_actor_count_consistency, metric_occlusion_continuity on paired seeds and retain per-seed outcomes.","[""metric_identity_continuity"",""metric_anatomy_recovery_latency"",""metric_actor_count_consistency"",""metric_occlusion_continuity""]",Restore the prior canonical score/build and preserve the failed candidate as immutable evidence.,"[""No intervention guarantees compliance on stochastic generators.""]","[""B015"",""B016"",""B017"",""B019"",""B021""]",literature-and-repository-grounded; live provider qualification pending
H04,"failure://camera, edit, and anime discontinuity/motion_blur_destroys_identity_or_topology/h04","Camera, edit, and anime discontinuity",Motion blur destroys identity or topology,high,requires_visual_or_control_conditioning,3,L6,postproduction/compositing,Add motion blur/smear as a postproduction effect over clean accepted motion.,Separates stylistic blur from identity generation.,minimal prompt cost; workflow cost may be high,"localized regeneration, substitution, or postproduction","May change style, timing, or already-passing regions; full regression verification required.",provider capability and adapter dependent,fallback intervention; use only after the lower level fails its paired-seed gate,"Re-run metric_identity_continuity, metric_anatomy_recovery_latency, metric_actor_count_consistency, metric_occlusion_continuity on paired seeds and retain per-seed outcomes.","[""metric_identity_continuity"",""metric_anatomy_recovery_latency"",""metric_actor_count_consistency"",""metric_occlusion_continuity""]",Restore the prior canonical score/build and preserve the failed candidate as immutable evidence.,"[""No intervention guarantees compliance on stochastic generators.""]","[""B015"",""B016"",""B017"",""B019"",""B021""]",literature-and-repository-grounded; live provider qualification pending
H05,"failure://camera, edit, and anime discontinuity/flash_wipe_black_frame_or_cut_causes_scene_reset/h05","Camera, edit, and anime discontinuity","Flash, wipe, black frame, or cut causes scene reset",high,requires_visual_or_control_conditioning,1,L2,canonical event/state contract,"Classify the interval as graphic discontinuity, camera cut, world-state discontinuity, temporal hold, blur, or occlusion; enumerate state fields that must remain unchanged.",Stops an editorial effect from implicitly authorizing a world reset.,low-to-medium,none-to-one additional candidate,May dilute other controls if added without compression.,provider capability and adapter dependent,moderate-to-strong where supported by cited benchmark/control literature; provider-specific effect size unqualified,"Re-run metric_edit_graphic_classification, metric_identity_continuity, metric_object_state_transition, metric_spatial_relation_accuracy on paired seeds and retain per-seed outcomes.","[""metric_edit_graphic_classification"",""metric_identity_continuity"",""metric_object_state_transition"",""metric_spatial_relation_accuracy""]",Restore the prior canonical score/build and preserve the failed candidate as immutable evidence.,"[""No intervention guarantees compliance on stochastic generators.""]","[""B003"",""B010"",""B015"",""B017""]",literature-and-repository-grounded; live provider qualification pending
H05,"failure://camera, edit, and anime discontinuity/flash_wipe_black_frame_or_cut_causes_scene_reset/h05","Camera, edit, and anime discontinuity","Flash, wipe, black frame, or cut causes scene reset",high,requires_visual_or_control_conditioning,2,L3,reference image or storyboard,Use matched pre/post keyframes or first/last frames with unchanged identity/layout/state.,Anchors continuity across the discontinuity.,low prompt cost; medium asset preparation cost,additional asset preparation and/or multiple generated clips,"Can introduce boundary, compositing, reference-transfer, or motion-stiffness artifacts; verify all preserved controls.",provider capability and adapter dependent,mechanistically strong control escalation; exact benefit requires live provider tests,"Re-run metric_edit_graphic_classification, metric_identity_continuity, metric_object_state_transition, metric_spatial_relation_accuracy on paired seeds and retain per-seed outcomes.","[""metric_edit_graphic_classification"",""metric_identity_continuity"",""metric_object_state_transition"",""metric_spatial_relation_accuracy""]",Restore the prior canonical score/build and preserve the failed candidate as immutable evidence.,"[""No intervention guarantees compliance on stochastic generators.""]","[""B003"",""B010"",""B015"",""B017""]",literature-and-repository-grounded; live provider qualification pending
H05,"failure://camera, edit, and anime discontinuity/flash_wipe_black_frame_or_cut_causes_scene_reset/h05","Camera, edit, and anime discontinuity","Flash, wipe, black frame, or cut causes scene reset",high,requires_visual_or_control_conditioning,3,L6,postproduction/compositing,Apply the flash/wipe/black frame in editing over a continuous accepted clip or between independently continuity-locked shots.,Makes the discontinuity deterministic and nonsemantic.,minimal prompt cost; workflow cost may be high,"localized regeneration, substitution, or postproduction","May change style, timing, or already-passing regions; full regression verification required.",provider capability and adapter dependent,fallback intervention; use only after the lower level fails its paired-seed gate,"Re-run metric_edit_graphic_classification, metric_identity_continuity, metric_object_state_transition, metric_spatial_relation_accuracy on paired seeds and retain per-seed outcomes.","[""metric_edit_graphic_classification"",""metric_identity_continuity"",""metric_object_state_transition"",""metric_spatial_relation_accuracy""]",Restore the prior canonical score/build and preserve the failed candidate as immutable evidence.,"[""No intervention guarantees compliance on stochastic generators.""]","[""B003"",""B010"",""B015"",""B017""]",literature-and-repository-grounded; live provider qualification pending
H06,"failure://camera, edit, and anime discontinuity/smear_or_perspective_deformation_persists_as_anatomy/h06","Camera, edit, and anime discontinuity",Smear or perspective deformation persists as anatomy,high,requires_visual_or_control_conditioning,1,L2,canonical event/state contract,"Compile a Controlled Deformation Contract: body region, source pose, destination pose, onset/end, maximum deformation, silhouette anchors, exposure frames, and required recovery frame.",Allows authored exaggeration while defining when normal anatomy must return.,low-to-medium,none-to-one additional candidate,May dilute other controls if added without compression.,provider capability and adapter dependent,moderate-to-strong where supported by cited benchmark/control literature; provider-specific effect size unqualified,"Re-run metric_anatomy_recovery_latency, metric_identity_continuity, metric_actor_count_consistency, metric_edit_graphic_classification on paired seeds and retain per-seed outcomes.","[""metric_anatomy_recovery_latency"",""metric_identity_continuity"",""metric_actor_count_consistency"",""metric_edit_graphic_classification""]",Restore the prior canonical score/build and preserve the failed candidate as immutable evidence.,"[""No intervention guarantees compliance on stochastic generators.""]","[""B016"",""B017""]",literature-and-repository-grounded; live provider qualification pending
H06,"failure://camera, edit, and anime discontinuity/smear_or_perspective_deformation_persists_as_anatomy/h06","Camera, edit, and anime discontinuity",Smear or perspective deformation persists as anatomy,high,requires_visual_or_control_conditioning,2,L3,reference image or storyboard,Provide source and destination keyframes plus optional smear reference isolated from persistent identity.,Anchors both valid anatomical states.,low prompt cost; medium asset preparation cost,additional asset preparation and/or multiple generated clips,"Can introduce boundary, compositing, reference-transfer, or motion-stiffness artifacts; verify all preserved controls.",provider capability and adapter dependent,mechanistically strong control escalation; exact benefit requires live provider tests,"Re-run metric_anatomy_recovery_latency, metric_identity_continuity, metric_actor_count_consistency, metric_edit_graphic_classification on paired seeds and retain per-seed outcomes.","[""metric_anatomy_recovery_latency"",""metric_identity_continuity"",""metric_actor_count_consistency"",""metric_edit_graphic_classification""]",Restore the prior canonical score/build and preserve the failed candidate as immutable evidence.,"[""No intervention guarantees compliance on stochastic generators.""]","[""B016"",""B017""]",literature-and-repository-grounded; live provider qualification pending
H06,"failure://camera, edit, and anime discontinuity/smear_or_perspective_deformation_persists_as_anatomy/h06","Camera, edit, and anime discontinuity",Smear or perspective deformation persists as anatomy,high,requires_visual_or_control_conditioning,3,L6,postproduction/compositing,Create smear frames as 2D animation/postproduction overlays between clean generated poses.,Makes deformation duration and recovery deterministic.,minimal prompt cost; workflow cost may be high,"localized regeneration, substitution, or postproduction","May change style, timing, or already-passing regions; full regression verification required.",provider capability and adapter dependent,fallback intervention; use only after the lower level fails its paired-seed gate,"Re-run metric_anatomy_recovery_latency, metric_identity_continuity, metric_actor_count_consistency, metric_edit_graphic_classification on paired seeds and retain per-seed outcomes.","[""metric_anatomy_recovery_latency"",""metric_identity_continuity"",""metric_actor_count_consistency"",""metric_edit_graphic_classification""]",Restore the prior canonical score/build and preserve the failed candidate as immutable evidence.,"[""No intervention guarantees compliance on stochastic generators.""]","[""B016"",""B017""]",literature-and-repository-grounded; live provider qualification pending
H07,"failure://camera, edit, and anime discontinuity/post_effect_anatomy_identity_or_style_recovery_failure/h07","Camera, edit, and anime discontinuity","Post-effect anatomy, identity, or style recovery failure",high,requires_visual_or_control_conditioning,1,L2,canonical event/state contract,"Define a full post-effect recovery state for anatomy, identity, costume, style, count, pose, and world layout, plus a deadline and minimum stable exposure.",Converts recovery from an implication into a verifiable terminal state.,low-to-medium,none-to-one additional candidate,May dilute other controls if added without compression.,provider capability and adapter dependent,moderate-to-strong where supported by cited benchmark/control literature; provider-specific effect size unqualified,"Re-run metric_anatomy_recovery_latency, metric_identity_continuity, metric_object_state_transition, metric_human_readability on paired seeds and retain per-seed outcomes.","[""metric_anatomy_recovery_latency"",""metric_identity_continuity"",""metric_object_state_transition"",""metric_human_readability""]",Restore the prior canonical score/build and preserve the failed candidate as immutable evidence.,"[""No intervention guarantees compliance on stochastic generators.""]","[""B014"",""B015"",""B016"",""B017""]",literature-and-repository-grounded; live provider qualification pending
H07,"failure://camera, edit, and anime discontinuity/post_effect_anatomy_identity_or_style_recovery_failure/h07","Camera, edit, and anime discontinuity","Post-effect anatomy, identity, or style recovery failure",high,requires_visual_or_control_conditioning,2,L3,reference image or storyboard,Use a required recovery keyframe/last frame and preserve it long enough for verification.,Directly anchors the postcondition.,low prompt cost; medium asset preparation cost,additional asset preparation and/or multiple generated clips,"Can introduce boundary, compositing, reference-transfer, or motion-stiffness artifacts; verify all preserved controls.",provider capability and adapter dependent,mechanistically strong control escalation; exact benefit requires live provider tests,"Re-run metric_anatomy_recovery_latency, metric_identity_continuity, metric_object_state_transition, metric_human_readability on paired seeds and retain per-seed outcomes.","[""metric_anatomy_recovery_latency"",""metric_identity_continuity"",""metric_object_state_transition"",""metric_human_readability""]",Restore the prior canonical score/build and preserve the failed candidate as immutable evidence.,"[""No intervention guarantees compliance on stochastic generators.""]","[""B014"",""B015"",""B016"",""B017""]",literature-and-repository-grounded; live provider qualification pending
H07,"failure://camera, edit, and anime discontinuity/post_effect_anatomy_identity_or_style_recovery_failure/h07","Camera, edit, and anime discontinuity","Post-effect anatomy, identity, or style recovery failure",high,requires_visual_or_control_conditioning,3,L7,regenerate only the failing interval,Regenerate only the effect-to-recovery interval with fixed clean boundary frames.,Limits resampling to the failed restoration.,minimal prompt cost; workflow cost may be high,"localized regeneration, substitution, or postproduction","May change style, timing, or already-passing regions; full regression verification required.",provider capability and adapter dependent,fallback intervention; use only after the lower level fails its paired-seed gate,"Re-run metric_anatomy_recovery_latency, metric_identity_continuity, metric_object_state_transition, metric_human_readability on paired seeds and retain per-seed outcomes.","[""metric_anatomy_recovery_latency"",""metric_identity_continuity"",""metric_object_state_transition"",""metric_human_readability""]",Restore the prior canonical score/build and preserve the failed candidate as immutable evidence.,"[""No intervention guarantees compliance on stochastic generators.""]","[""B014"",""B015"",""B016"",""B017""]",literature-and-repository-grounded; live provider qualification pending
I01,failure://prompt and attention budget/constraint_overload/i01,Prompt and attention budget,Constraint overload,high,preventable_by_prompting,1,L1,structured prompt repair,"Emit one concise provider-native semantic authority ordered by hard locks, identities, event/causal spine, spatial/visibility transitions, camera, then style; remove verification-only fields and duplicate formats.",Improves adherence per character and makes priority explicit.,low-to-medium,none-to-one additional candidate,May dilute other controls if added without compression.,provider capability and adapter dependent,moderate-to-strong where supported by cited benchmark/control literature; provider-specific effect size unqualified,"Re-run metric_event_graph_agreement, metric_control_retention, metric_observability_coverage, metric_human_readability on paired seeds and retain per-seed outcomes.","[""metric_event_graph_agreement"",""metric_control_retention"",""metric_observability_coverage"",""metric_human_readability""]",Restore the prior canonical score/build and preserve the failed candidate as immutable evidence.,"[""No intervention guarantees compliance on stochastic generators.""]","[""R005"",""M002"",""M007"",""B003""]",literature-and-repository-grounded; live provider qualification pending
I01,failure://prompt and attention budget/constraint_overload/i01,Prompt and attention budget,Constraint overload,high,preventable_by_prompting,2,L2,canonical event/state contract,"Use an attention-budget compiler that estimates semantic density, detects conflicts/repetition, and decides compress/simplify/split/reference/post before provider serialization.",Prevents overload deterministically rather than reacting after failure.,low,one additional candidate,"Can introduce boundary, compositing, reference-transfer, or motion-stiffness artifacts; verify all preserved controls.",provider capability and adapter dependent,mechanistically strong control escalation; exact benefit requires live provider tests,"Re-run metric_event_graph_agreement, metric_control_retention, metric_observability_coverage, metric_human_readability on paired seeds and retain per-seed outcomes.","[""metric_event_graph_agreement"",""metric_control_retention"",""metric_observability_coverage"",""metric_human_readability""]",Restore the prior canonical score/build and preserve the failed candidate as immutable evidence.,"[""No intervention guarantees compliance on stochastic generators.""]","[""R005"",""M002"",""M007"",""B003""]",literature-and-repository-grounded; live provider qualification pending
I01,failure://prompt and attention budget/constraint_overload/i01,Prompt and attention budget,Constraint overload,high,preventable_by_prompting,3,L5,shot decomposition,Split the clip when hard controls cannot fit the provider's duration/conditioning budget without loss.,Reduces simultaneous control demand.,minimal prompt cost; workflow cost may be high,"localized regeneration, substitution, or postproduction","May change style, timing, or already-passing regions; full regression verification required.",provider capability and adapter dependent,fallback intervention; use only after the lower level fails its paired-seed gate,"Re-run metric_event_graph_agreement, metric_control_retention, metric_observability_coverage, metric_human_readability on paired seeds and retain per-seed outcomes.","[""metric_event_graph_agreement"",""metric_control_retention"",""metric_observability_coverage"",""metric_human_readability""]",Restore the prior canonical score/build and preserve the failed candidate as immutable evidence.,"[""No intervention guarantees compliance on stochastic generators.""]","[""R005"",""M002"",""M007"",""B003""]",literature-and-repository-grounded; live provider qualification pending
I02,failure://prompt and attention budget/under_specification_and_hallucinated_filler/i02,Prompt and attention budget,Under-specification and hallucinated filler,high,partially_mitigated_by_prompting,1,L2,canonical event/state contract,"Require a minimum sufficient specification: stable IDs/signatures, initial state, ordered critical events, causal edges, coordinate frame, visibility intervals/hidden path, final state, allowed variation, and explicit hard prohibitions.",Closes the highest-risk ambiguity while avoiding exhaustive microdirection.,low-to-medium,none-to-one additional candidate,May dilute other controls if added without compression.,provider capability and adapter dependent,moderate-to-strong where supported by cited benchmark/control literature; provider-specific effect size unqualified,"Re-run metric_event_graph_agreement, metric_identity_continuity, metric_object_state_transition, metric_occlusion_continuity on paired seeds and retain per-seed outcomes.","[""metric_event_graph_agreement"",""metric_identity_continuity"",""metric_object_state_transition"",""metric_occlusion_continuity""]",Restore the prior canonical score/build and preserve the failed candidate as immutable evidence.,"[""No intervention guarantees compliance on stochastic generators.""]","[""B003"",""B011"",""B014"",""B017""]",literature-and-repository-grounded; live provider qualification pending
I02,failure://prompt and attention budget/under_specification_and_hallucinated_filler/i02,Prompt and attention budget,Under-specification and hallucinated filler,high,partially_mitigated_by_prompting,2,L3,reference image or storyboard,Bake high-dimensional identity/layout/state information into references rather than expanding prose indefinitely.,Uses the appropriate carrier for visual facts.,low prompt cost; medium asset preparation cost,additional asset preparation and/or multiple generated clips,"Can introduce boundary, compositing, reference-transfer, or motion-stiffness artifacts; verify all preserved controls.",provider capability and adapter dependent,mechanistically strong control escalation; exact benefit requires live provider tests,"Re-run metric_event_graph_agreement, metric_identity_continuity, metric_object_state_transition, metric_occlusion_continuity on paired seeds and retain per-seed outcomes.","[""metric_event_graph_agreement"",""metric_identity_continuity"",""metric_object_state_transition"",""metric_occlusion_continuity""]",Restore the prior canonical score/build and preserve the failed candidate as immutable evidence.,"[""No intervention guarantees compliance on stochastic generators.""]","[""B003"",""B011"",""B014"",""B017""]",literature-and-repository-grounded; live provider qualification pending
I02,failure://prompt and attention budget/under_specification_and_hallucinated_filler/i02,Prompt and attention budget,Under-specification and hallucinated filler,high,partially_mitigated_by_prompting,3,L5,shot decomposition,Shorten/split any interval whose hidden or sequential state cannot be represented and observed reliably.,Reduces the amount of invented interpolation required.,minimal prompt cost; workflow cost may be high,"localized regeneration, substitution, or postproduction","May change style, timing, or already-passing regions; full regression verification required.",provider capability and adapter dependent,fallback intervention; use only after the lower level fails its paired-seed gate,"Re-run metric_event_graph_agreement, metric_identity_continuity, metric_object_state_transition, metric_occlusion_continuity on paired seeds and retain per-seed outcomes.","[""metric_event_graph_agreement"",""metric_identity_continuity"",""metric_object_state_transition"",""metric_occlusion_continuity""]",Restore the prior canonical score/build and preserve the failed candidate as immutable evidence.,"[""No intervention guarantees compliance on stochastic generators.""]","[""B003"",""B011"",""B014"",""B017""]",literature-and-repository-grounded; live provider qualification pending
I03,failure://prompt and attention budget/contradictory_instructions_or_impossible_constraint_set/i03,Prompt and attention budget,Contradictory instructions or impossible constraint set,high,currently_unreliable_or_unsupported,1,L2,canonical event/state contract,"Run deterministic typed-merge, contradiction, satisfiability, duration-feasibility, and provider-capability gates; stop with needs_input or explicit unsupported loss instead of compiling a contradictory prompt.",Prevents stochastic conflict resolution by the model.,low-to-medium,none-to-one additional candidate,May dilute other controls if added without compression.,provider capability and adapter dependent,moderate-to-strong where supported by cited benchmark/control literature; provider-specific effect size unqualified,"Re-run metric_observability_coverage, metric_control_retention, metric_event_graph_agreement on paired seeds and retain per-seed outcomes.","[""metric_observability_coverage"",""metric_control_retention"",""metric_event_graph_agreement""]",Restore the prior canonical score/build and preserve the failed candidate as immutable evidence.,"[""No intervention guarantees compliance on stochastic generators.""]","[""R005"",""R006"",""R007"",""M002""]",literature-and-repository-grounded; live provider qualification pending
I03,failure://prompt and attention budget/contradictory_instructions_or_impossible_constraint_set/i03,Prompt and attention budget,Contradictory instructions or impossible constraint set,high,currently_unreliable_or_unsupported,2,L8,provider/model substitution,Select a provider/workflow that can carry the required control set or revise the production design.,Avoids silently degrading nonnegotiable controls.,low,one additional candidate,"Can introduce boundary, compositing, reference-transfer, or motion-stiffness artifacts; verify all preserved controls.",provider capability and adapter dependent,mechanistically strong control escalation; exact benefit requires live provider tests,"Re-run metric_observability_coverage, metric_control_retention, metric_event_graph_agreement on paired seeds and retain per-seed outcomes.","[""metric_observability_coverage"",""metric_control_retention"",""metric_event_graph_agreement""]",Restore the prior canonical score/build and preserve the failed candidate as immutable evidence.,"[""No intervention guarantees compliance on stochastic generators.""]","[""R005"",""R006"",""R007"",""M002""]",literature-and-repository-grounded; live provider qualification pending
I03,failure://prompt and attention budget/contradictory_instructions_or_impossible_constraint_set/i03,Prompt and attention budget,Contradictory instructions or impossible constraint set,high,currently_unreliable_or_unsupported,3,L5,shot decomposition,Decompose incompatible simultaneous requirements into shots or layers with valid local constraints.,Transforms an impossible global request into satisfiable components.,minimal prompt cost; workflow cost may be high,"localized regeneration, substitution, or postproduction","May change style, timing, or already-passing regions; full regression verification required.",provider capability and adapter dependent,fallback intervention; use only after the lower level fails its paired-seed gate,"Re-run metric_observability_coverage, metric_control_retention, metric_event_graph_agreement on paired seeds and retain per-seed outcomes.","[""metric_observability_coverage"",""metric_control_retention"",""metric_event_graph_agreement""]",Restore the prior canonical score/build and preserve the failed candidate as immutable evidence.,"[""No intervention guarantees compliance on stochastic generators.""]","[""R005"",""R006"",""R007"",""M002""]",literature-and-repository-grounded; live provider qualification pending
I04,failure://prompt and attention budget/duplicate_format_semantic_competition/i04,Prompt and attention budget,Duplicate-format semantic competition,high,preventable_by_prompting,1,L1,structured prompt repair,"Maintain JSON as canonical internal authority, YAML as human authoring, optional XML as an event envelope only when justified, and compile exactly one provider-native prompt payload.",Removes contradiction and overhead while preserving internal structure.,low-to-medium,none-to-one additional candidate,May dilute other controls if added without compression.,provider capability and adapter dependent,moderate-to-strong where supported by cited benchmark/control literature; provider-specific effect size unqualified,"Re-run metric_control_retention, metric_event_graph_agreement, metric_observability_coverage, metric_human_readability on paired seeds and retain per-seed outcomes.","[""metric_control_retention"",""metric_event_graph_agreement"",""metric_observability_coverage"",""metric_human_readability""]",Restore the prior canonical score/build and preserve the failed candidate as immutable evidence.,"[""No intervention guarantees compliance on stochastic generators.""]","[""R005"",""M002"",""M007""]",literature-and-repository-grounded; live provider qualification pending
I04,failure://prompt and attention budget/duplicate_format_semantic_competition/i04,Prompt and attention budget,Duplicate-format semantic competition,high,preventable_by_prompting,2,L2,canonical event/state contract,Run identical-semantics A/B tests across formats and select by measured adherence per character for each provider/version; never generalize across providers without evidence.,Turns format choice into an empirical adapter policy.,low,one additional candidate,"Can introduce boundary, compositing, reference-transfer, or motion-stiffness artifacts; verify all preserved controls.",provider capability and adapter dependent,mechanistically strong control escalation; exact benefit requires live provider tests,"Re-run metric_control_retention, metric_event_graph_agreement, metric_observability_coverage, metric_human_readability on paired seeds and retain per-seed outcomes.","[""metric_control_retention"",""metric_event_graph_agreement"",""metric_observability_coverage"",""metric_human_readability""]",Restore the prior canonical score/build and preserve the failed candidate as immutable evidence.,"[""No intervention guarantees compliance on stochastic generators.""]","[""R005"",""M002"",""M007""]",literature-and-repository-grounded; live provider qualification pending
I04,failure://prompt and attention budget/duplicate_format_semantic_competition/i04,Prompt and attention budget,Duplicate-format semantic competition,high,preventable_by_prompting,3,L8,provider/model substitution,Use the provider's documented structured API fields or change workflow when exact structure is required but the endpoint accepts only opaque text.,Avoids pretending a text box is a structured parser.,minimal prompt cost; workflow cost may be high,"localized regeneration, substitution, or postproduction","May change style, timing, or already-passing regions; full regression verification required.",provider capability and adapter dependent,fallback intervention; use only after the lower level fails its paired-seed gate,"Re-run metric_control_retention, metric_event_graph_agreement, metric_observability_coverage, metric_human_readability on paired seeds and retain per-seed outcomes.","[""metric_control_retention"",""metric_event_graph_agreement"",""metric_observability_coverage"",""metric_human_readability""]",Restore the prior canonical score/build and preserve the failed candidate as immutable evidence.,"[""No intervention guarantees compliance on stochastic generators.""]","[""R005"",""M002"",""M007""]",literature-and-repository-grounded; live provider qualification pending
I05,failure://prompt and attention budget/negative_instruction_leakage/i05,Prompt and attention budget,Negative-instruction leakage,high,preventable_by_prompting,1,L0,wording repair,"Prefer positive invariants and mutually exclusive allowed states—'exactly two actors, one per lane'—over repeated forbidden concepts; use provider-native negative fields only where documented and tested.",Reduces lexical activation and gives the model a concrete target.,low-to-medium,none-to-one additional candidate,May dilute other controls if added without compression.,provider capability and adapter dependent,moderate-to-strong where supported by cited benchmark/control literature; provider-specific effect size unqualified,"Re-run metric_actor_count_consistency, metric_event_graph_agreement, metric_control_retention on paired seeds and retain per-seed outcomes.","[""metric_actor_count_consistency"",""metric_event_graph_agreement"",""metric_control_retention""]",Restore the prior canonical score/build and preserve the failed candidate as immutable evidence.,"[""No intervention guarantees compliance on stochastic generators.""]","[""M001"",""M003"",""R005""]",literature-and-repository-grounded; live provider qualification pending
I05,failure://prompt and attention budget/negative_instruction_leakage/i05,Prompt and attention budget,Negative-instruction leakage,high,preventable_by_prompting,2,L2,canonical event/state contract,Compile hard prohibitions into canonical validators and positive state/count contracts; serialize only the minimal provider-appropriate negative subset.,Keeps prohibition authority in verification even when prompt wording is compressed.,low,one additional candidate,"Can introduce boundary, compositing, reference-transfer, or motion-stiffness artifacts; verify all preserved controls.",provider capability and adapter dependent,mechanistically strong control escalation; exact benefit requires live provider tests,"Re-run metric_actor_count_consistency, metric_event_graph_agreement, metric_control_retention on paired seeds and retain per-seed outcomes.","[""metric_actor_count_consistency"",""metric_event_graph_agreement"",""metric_control_retention""]",Restore the prior canonical score/build and preserve the failed candidate as immutable evidence.,"[""No intervention guarantees compliance on stochastic generators.""]","[""M001"",""M003"",""R005""]",literature-and-repository-grounded; live provider qualification pending
I05,failure://prompt and attention budget/negative_instruction_leakage/i05,Prompt and attention budget,Negative-instruction leakage,high,preventable_by_prompting,3,L3,reference image or storyboard,Use a positive reference image/storyboard that excludes the forbidden state.,Provides a direct visual target rather than a lexical negation.,minimal prompt cost; workflow cost may be high,"localized regeneration, substitution, or postproduction","May change style, timing, or already-passing regions; full regression verification required.",provider capability and adapter dependent,fallback intervention; use only after the lower level fails its paired-seed gate,"Re-run metric_actor_count_consistency, metric_event_graph_agreement, metric_control_retention on paired seeds and retain per-seed outcomes.","[""metric_actor_count_consistency"",""metric_event_graph_agreement"",""metric_control_retention""]",Restore the prior canonical score/build and preserve the failed candidate as immutable evidence.,"[""No intervention guarantees compliance on stochastic generators.""]","[""M001"",""M003"",""R005""]",literature-and-repository-grounded; live provider qualification pending
I06,failure://prompt and attention budget/numeric_precision_illusion/i06,Prompt and attention budget,Numeric precision illusion,high,partially_mitigated_by_prompting,1,L2,canonical event/state contract,"Classify each numeric control as direct API parameter, control-media carrier, compressed-to-text approximation, evaluation-only target, or unsupported loss; never silently upgrade text to deterministic control.",Aligns confidence with actual carrier capability.,low-to-medium,none-to-one additional candidate,May dilute other controls if added without compression.,provider capability and adapter dependent,moderate-to-strong where supported by cited benchmark/control literature; provider-specific effect size unqualified,"Re-run metric_observability_coverage, metric_camera_motion_agreement, metric_temporal_event_error, metric_reappearance_position_error on paired seeds and retain per-seed outcomes.","[""metric_observability_coverage"",""metric_camera_motion_agreement"",""metric_temporal_event_error"",""metric_reappearance_position_error""]",Restore the prior canonical score/build and preserve the failed candidate as immutable evidence.,"[""No intervention guarantees compliance on stochastic generators.""]","[""R004"",""R005"",""R007"",""M002"",""M007""]",literature-and-repository-grounded; live provider qualification pending
I06,failure://prompt and attention budget/numeric_precision_illusion/i06,Prompt and attention budget,Numeric precision illusion,high,partially_mitigated_by_prompting,2,L4,"pose, mask, depth, trajectory, or control video",Move exact spatial/timing trajectories into control media or a workflow that exposes the relevant parameter.,Uses a carrier capable of representing the required precision.,low prompt cost; medium asset preparation cost,additional asset preparation and/or multiple generated clips,"Can introduce boundary, compositing, reference-transfer, or motion-stiffness artifacts; verify all preserved controls.",provider capability and adapter dependent,mechanistically strong control escalation; exact benefit requires live provider tests,"Re-run metric_observability_coverage, metric_camera_motion_agreement, metric_temporal_event_error, metric_reappearance_position_error on paired seeds and retain per-seed outcomes.","[""metric_observability_coverage"",""metric_camera_motion_agreement"",""metric_temporal_event_error"",""metric_reappearance_position_error""]",Restore the prior canonical score/build and preserve the failed candidate as immutable evidence.,"[""No intervention guarantees compliance on stochastic generators.""]","[""R004"",""R005"",""R007"",""M002"",""M007""]",literature-and-repository-grounded; live provider qualification pending
I06,failure://prompt and attention budget/numeric_precision_illusion/i06,Prompt and attention budget,Numeric precision illusion,high,partially_mitigated_by_prompting,3,L9,unsupported or not reliably controllable,Mark the requirement unsupported when no available provider/control/post workflow can enforce and verify the demanded precision.,Prevents false claims of exactness.,minimal prompt cost; workflow cost may be high,"localized regeneration, substitution, or postproduction","May change style, timing, or already-passing regions; full regression verification required.",provider capability and adapter dependent,fallback intervention; use only after the lower level fails its paired-seed gate,"Re-run metric_observability_coverage, metric_camera_motion_agreement, metric_temporal_event_error, metric_reappearance_position_error on paired seeds and retain per-seed outcomes.","[""metric_observability_coverage"",""metric_camera_motion_agreement"",""metric_temporal_event_error"",""metric_reappearance_position_error""]",Restore the prior canonical score/build and preserve the failed candidate as immutable evidence.,"[""No intervention guarantees compliance on stochastic generators.""]","[""R004"",""R005"",""R007"",""M002"",""M007""]",literature-and-repository-grounded; live provider qualification pending
J01,failure://audio and evaluator/audio_event_lead_or_lag/j01,Audio and evaluator,Audio event lead or lag,high,requires_postproduction,1,L2,canonical event/state contract,"Create cross-modal anchors linking each sound to a typed visual event, source entity/location, onset, allowed offset, duration, and semantic class.",Separates temporal and semantic synchronization requirements.,low-to-medium,none-to-one additional candidate,May dilute other controls if added without compression.,provider capability and adapter dependent,moderate-to-strong where supported by cited benchmark/control literature; provider-specific effect size unqualified,"Re-run metric_audio_event_alignment, metric_temporal_event_error, metric_causal_edge_accuracy on paired seeds and retain per-seed outcomes.","[""metric_audio_event_alignment"",""metric_temporal_event_error"",""metric_causal_edge_accuracy""]",Restore the prior canonical score/build and preserve the failed candidate as immutable evidence.,"[""No intervention guarantees compliance on stochastic generators.""]","[""B022"",""B023""]",literature-and-repository-grounded; live provider qualification pending
J01,failure://audio and evaluator/audio_event_lead_or_lag/j01,Audio and evaluator,Audio event lead or lag,high,requires_postproduction,2,L6,postproduction/compositing,Generate or edit audio after the visual event timing is accepted; align impacts and accents to verified event frames.,Makes synchronization deterministic.,low,additional asset preparation and/or multiple generated clips,"Can introduce boundary, compositing, reference-transfer, or motion-stiffness artifacts; verify all preserved controls.",provider capability and adapter dependent,mechanistically strong control escalation; exact benefit requires live provider tests,"Re-run metric_audio_event_alignment, metric_temporal_event_error, metric_causal_edge_accuracy on paired seeds and retain per-seed outcomes.","[""metric_audio_event_alignment"",""metric_temporal_event_error"",""metric_causal_edge_accuracy""]",Restore the prior canonical score/build and preserve the failed candidate as immutable evidence.,"[""No intervention guarantees compliance on stochastic generators.""]","[""B022"",""B023""]",literature-and-repository-grounded; live provider qualification pending
J01,failure://audio and evaluator/audio_event_lead_or_lag/j01,Audio and evaluator,Audio event lead or lag,high,requires_postproduction,3,L7,regenerate only the failing interval,Replace only the failing audio interval/stem and preserve accepted visuals.,Avoids resampling synchronized visual content.,minimal prompt cost; workflow cost may be high,"localized regeneration, substitution, or postproduction","May change style, timing, or already-passing regions; full regression verification required.",provider capability and adapter dependent,fallback intervention; use only after the lower level fails its paired-seed gate,"Re-run metric_audio_event_alignment, metric_temporal_event_error, metric_causal_edge_accuracy on paired seeds and retain per-seed outcomes.","[""metric_audio_event_alignment"",""metric_temporal_event_error"",""metric_causal_edge_accuracy""]",Restore the prior canonical score/build and preserve the failed candidate as immutable evidence.,"[""No intervention guarantees compliance on stochastic generators.""]","[""B022"",""B023""]",literature-and-repository-grounded; live provider qualification pending
J02,failure://audio and evaluator/speech_lip_synchronization_mismatch/j02,Audio and evaluator,Speech–lip synchronization mismatch,high,requires_postproduction,1,L2,canonical event/state contract,"Bind utterance text/audio, speaker ID, shot visibility, phoneme/time alignment target, and mouth-performance interval in the canonical score.",Prevents speaker and timing from being inferred independently.,low-to-medium,none-to-one additional candidate,May dilute other controls if added without compression.,provider capability and adapter dependent,moderate-to-strong where supported by cited benchmark/control literature; provider-specific effect size unqualified,"Re-run metric_lip_sync_offset, metric_role_assignment_accuracy, metric_audio_event_alignment, metric_identity_continuity on paired seeds and retain per-seed outcomes.","[""metric_lip_sync_offset"",""metric_role_assignment_accuracy"",""metric_audio_event_alignment"",""metric_identity_continuity""]",Restore the prior canonical score/build and preserve the failed candidate as immutable evidence.,"[""No intervention guarantees compliance on stochastic generators.""]","[""B023"",""B024""]",literature-and-repository-grounded; live provider qualification pending
J02,failure://audio and evaluator/speech_lip_synchronization_mismatch/j02,Audio and evaluator,Speech–lip synchronization mismatch,high,requires_postproduction,2,L6,postproduction/compositing,Use dedicated lip-sync/voice postproduction after picture lock or generate dialogue-focused shots separately.,Provides precise alignment without resampling complex action.,low,additional asset preparation and/or multiple generated clips,"Can introduce boundary, compositing, reference-transfer, or motion-stiffness artifacts; verify all preserved controls.",provider capability and adapter dependent,mechanistically strong control escalation; exact benefit requires live provider tests,"Re-run metric_lip_sync_offset, metric_role_assignment_accuracy, metric_audio_event_alignment, metric_identity_continuity on paired seeds and retain per-seed outcomes.","[""metric_lip_sync_offset"",""metric_role_assignment_accuracy"",""metric_audio_event_alignment"",""metric_identity_continuity""]",Restore the prior canonical score/build and preserve the failed candidate as immutable evidence.,"[""No intervention guarantees compliance on stochastic generators.""]","[""B023"",""B024""]",literature-and-repository-grounded; live provider qualification pending
J02,failure://audio and evaluator/speech_lip_synchronization_mismatch/j02,Audio and evaluator,Speech–lip synchronization mismatch,high,requires_postproduction,3,L5,shot decomposition,Use dialogue coverage with readable frontal/profile constraints and separate high-action shots.,Reduces simultaneous articulation and choreography demands.,minimal prompt cost; workflow cost may be high,"localized regeneration, substitution, or postproduction","May change style, timing, or already-passing regions; full regression verification required.",provider capability and adapter dependent,fallback intervention; use only after the lower level fails its paired-seed gate,"Re-run metric_lip_sync_offset, metric_role_assignment_accuracy, metric_audio_event_alignment, metric_identity_continuity on paired seeds and retain per-seed outcomes.","[""metric_lip_sync_offset"",""metric_role_assignment_accuracy"",""metric_audio_event_alignment"",""metric_identity_continuity""]",Restore the prior canonical score/build and preserve the failed candidate as immutable evidence.,"[""No intervention guarantees compliance on stochastic generators.""]","[""B023"",""B024""]",literature-and-repository-grounded; live provider qualification pending
J03,failure://audio and evaluator/sound_hallucination_omission_or_wrong_source/j03,Audio and evaluator,"Sound hallucination, omission, or wrong source",high,requires_postproduction,1,L2,canonical event/state contract,"Maintain an audio event ledger with allowed event classes, source entity/location, onset window, and explicit silence regions; every generated sound must map to an allowed event or ambience class.",Makes hallucinated or missing sound detectable.,low-to-medium,none-to-one additional candidate,May dilute other controls if added without compression.,provider capability and adapter dependent,moderate-to-strong where supported by cited benchmark/control literature; provider-specific effect size unqualified,"Re-run metric_audio_event_alignment, metric_event_graph_agreement, metric_role_assignment_accuracy on paired seeds and retain per-seed outcomes.","[""metric_audio_event_alignment"",""metric_event_graph_agreement"",""metric_role_assignment_accuracy""]",Restore the prior canonical score/build and preserve the failed candidate as immutable evidence.,"[""No intervention guarantees compliance on stochastic generators.""]","[""B022"",""B023""]",literature-and-repository-grounded; live provider qualification pending
J03,failure://audio and evaluator/sound_hallucination_omission_or_wrong_source/j03,Audio and evaluator,"Sound hallucination, omission, or wrong source",high,requires_postproduction,2,L6,postproduction/compositing,Separate sound design from video generation and build audio from verified visual events.,Provides deterministic semantic and spatial source assignment.,low,additional asset preparation and/or multiple generated clips,"Can introduce boundary, compositing, reference-transfer, or motion-stiffness artifacts; verify all preserved controls.",provider capability and adapter dependent,mechanistically strong control escalation; exact benefit requires live provider tests,"Re-run metric_audio_event_alignment, metric_event_graph_agreement, metric_role_assignment_accuracy on paired seeds and retain per-seed outcomes.","[""metric_audio_event_alignment"",""metric_event_graph_agreement"",""metric_role_assignment_accuracy""]",Restore the prior canonical score/build and preserve the failed candidate as immutable evidence.,"[""No intervention guarantees compliance on stochastic generators.""]","[""B022"",""B023""]",literature-and-repository-grounded; live provider qualification pending
J03,failure://audio and evaluator/sound_hallucination_omission_or_wrong_source/j03,Audio and evaluator,"Sound hallucination, omission, or wrong source",high,requires_postproduction,3,L8,provider/model substitution,Disable native audio or substitute a visual-only model/workflow when the provider cannot expose reliable sound control.,Avoids uneditable joint-generation errors.,minimal prompt cost; workflow cost may be high,"localized regeneration, substitution, or postproduction","May change style, timing, or already-passing regions; full regression verification required.",provider capability and adapter dependent,fallback intervention; use only after the lower level fails its paired-seed gate,"Re-run metric_audio_event_alignment, metric_event_graph_agreement, metric_role_assignment_accuracy on paired seeds and retain per-seed outcomes.","[""metric_audio_event_alignment"",""metric_event_graph_agreement"",""metric_role_assignment_accuracy""]",Restore the prior canonical score/build and preserve the failed candidate as immutable evidence.,"[""No intervention guarantees compliance on stochastic generators.""]","[""B022"",""B023""]",literature-and-repository-grounded; live provider qualification pending
J04,failure://audio and evaluator/vlm_misses_fast_action_or_invents_contact/j04,Audio and evaluator,VLM misses fast action or invents contact,high,currently_unreliable_or_unsupported,1,L2,canonical event/state contract,"Use event-targeted frame windows, neutral forced-choice questions, confidence, evaluator/version pinning, and an explicit unobservable status; never infer contact from reaction alone.",Reduces prompt bias and false certainty.,low-to-medium,none-to-one additional candidate,May dilute other controls if added without compression.,provider capability and adapter dependent,moderate-to-strong where supported by cited benchmark/control literature; provider-specific effect size unqualified,"Re-run metric_evaluator_disagreement, metric_observability_coverage, metric_contact_distance, metric_event_graph_agreement on paired seeds and retain per-seed outcomes.","[""metric_evaluator_disagreement"",""metric_observability_coverage"",""metric_contact_distance"",""metric_event_graph_agreement""]",Restore the prior canonical score/build and preserve the failed candidate as immutable evidence.,"[""No intervention guarantees compliance on stochastic generators.""]","[""B007"",""B008"",""B009"",""B017"",""B025""]",literature-and-repository-grounded; live provider qualification pending
J04,failure://audio and evaluator/vlm_misses_fast_action_or_invents_contact/j04,Audio and evaluator,VLM misses fast action or invents contact,high,currently_unreliable_or_unsupported,2,L4,"pose, mask, depth, trajectory, or control video",Add independent measurement lanes—point/pose/segmentation/flow/audio—and preserve conflicts for human adjudication.,Provides evidence that does not share the VLM's semantic failure mode.,low prompt cost; medium asset preparation cost,additional asset preparation and/or multiple generated clips,"Can introduce boundary, compositing, reference-transfer, or motion-stiffness artifacts; verify all preserved controls.",provider capability and adapter dependent,mechanistically strong control escalation; exact benefit requires live provider tests,"Re-run metric_evaluator_disagreement, metric_observability_coverage, metric_contact_distance, metric_event_graph_agreement on paired seeds and retain per-seed outcomes.","[""metric_evaluator_disagreement"",""metric_observability_coverage"",""metric_contact_distance"",""metric_event_graph_agreement""]",Restore the prior canonical score/build and preserve the failed candidate as immutable evidence.,"[""No intervention guarantees compliance on stochastic generators.""]","[""B007"",""B008"",""B009"",""B017"",""B025""]",literature-and-repository-grounded; live provider qualification pending
J04,failure://audio and evaluator/vlm_misses_fast_action_or_invents_contact/j04,Audio and evaluator,VLM misses fast action or invents contact,high,currently_unreliable_or_unsupported,3,L9,unsupported or not reliably controllable,Block automatic promotion when the critical event remains unobservable or evaluators materially disagree.,Prevents evaluator uncertainty from becoming production authority.,minimal prompt cost; workflow cost may be high,"localized regeneration, substitution, or postproduction","May change style, timing, or already-passing regions; full regression verification required.",provider capability and adapter dependent,fallback intervention; use only after the lower level fails its paired-seed gate,"Re-run metric_evaluator_disagreement, metric_observability_coverage, metric_contact_distance, metric_event_graph_agreement on paired seeds and retain per-seed outcomes.","[""metric_evaluator_disagreement"",""metric_observability_coverage"",""metric_contact_distance"",""metric_event_graph_agreement""]",Restore the prior canonical score/build and preserve the failed candidate as immutable evidence.,"[""No intervention guarantees compliance on stochastic generators.""]","[""B007"",""B008"",""B009"",""B017"",""B025""]",literature-and-repository-grounded; live provider qualification pending
J05,failure://audio and evaluator/tracker_identity_swap_or_occlusion_loss/j05,Audio and evaluator,Tracker identity swap or occlusion loss,high,currently_unreliable_or_unsupported,1,L2,canonical event/state contract,"Store tracker version/config, per-frame visibility/confidence, cut boundaries, and entity-binding evidence; terminate/reinitialize tracks explicitly rather than silently bridging uncertain gaps.",Makes track uncertainty and identity rebinding auditable.,low-to-medium,none-to-one additional candidate,May dilute other controls if added without compression.,provider capability and adapter dependent,moderate-to-strong where supported by cited benchmark/control literature; provider-specific effect size unqualified,"Re-run metric_evaluator_disagreement, metric_visibility_bridge_coverage, metric_reappearance_position_error, metric_identity_continuity on paired seeds and retain per-seed outcomes.","[""metric_evaluator_disagreement"",""metric_visibility_bridge_coverage"",""metric_reappearance_position_error"",""metric_identity_continuity""]",Restore the prior canonical score/build and preserve the failed candidate as immutable evidence.,"[""No intervention guarantees compliance on stochastic generators.""]","[""B013"",""B018"",""B019"",""B020"",""B021""]",literature-and-repository-grounded; live provider qualification pending
J05,failure://audio and evaluator/tracker_identity_swap_or_occlusion_loss/j05,Audio and evaluator,Tracker identity swap or occlusion loss,high,currently_unreliable_or_unsupported,2,L4,"pose, mask, depth, trajectory, or control video","Fuse multiple trackers/segmentation/identity cues and require human review at crossings, full occlusions, and low-confidence reattachments.",Reduces single-tool failure and false continuity claims.,low prompt cost; medium asset preparation cost,additional asset preparation and/or multiple generated clips,"Can introduce boundary, compositing, reference-transfer, or motion-stiffness artifacts; verify all preserved controls.",provider capability and adapter dependent,mechanistically strong control escalation; exact benefit requires live provider tests,"Re-run metric_evaluator_disagreement, metric_visibility_bridge_coverage, metric_reappearance_position_error, metric_identity_continuity on paired seeds and retain per-seed outcomes.","[""metric_evaluator_disagreement"",""metric_visibility_bridge_coverage"",""metric_reappearance_position_error"",""metric_identity_continuity""]",Restore the prior canonical score/build and preserve the failed candidate as immutable evidence.,"[""No intervention guarantees compliance on stochastic generators.""]","[""B013"",""B018"",""B019"",""B020"",""B021""]",literature-and-repository-grounded; live provider qualification pending
J05,failure://audio and evaluator/tracker_identity_swap_or_occlusion_loss/j05,Audio and evaluator,Tracker identity swap or occlusion loss,high,currently_unreliable_or_unsupported,3,L9,unsupported or not reliably controllable,Mark trajectory/identity metrics unobservable for intervals that cannot be reliably tracked and block automatic repair based on them.,Avoids acting on corrupted measurement evidence.,minimal prompt cost; workflow cost may be high,"localized regeneration, substitution, or postproduction","May change style, timing, or already-passing regions; full regression verification required.",provider capability and adapter dependent,fallback intervention; use only after the lower level fails its paired-seed gate,"Re-run metric_evaluator_disagreement, metric_visibility_bridge_coverage, metric_reappearance_position_error, metric_identity_continuity on paired seeds and retain per-seed outcomes.","[""metric_evaluator_disagreement"",""metric_visibility_bridge_coverage"",""metric_reappearance_position_error"",""metric_identity_continuity""]",Restore the prior canonical score/build and preserve the failed candidate as immutable evidence.,"[""No intervention guarantees compliance on stochastic generators.""]","[""B013"",""B018"",""B019"",""B020"",""B021""]",literature-and-repository-grounded; live provider qualification pending
J06,failure://audio and evaluator/shot_detector_mistakes_flash_black_frame_smear_or_wipe_for_a_cut/j06,Audio and evaluator,"Shot detector mistakes flash, black frame, smear, or wipe for a cut",high,currently_unreliable_or_unsupported,1,L2,canonical event/state contract,"Compare detected boundaries with canonical edit events and classify discontinuities as cut, flash, smear, wipe, blur, hold, or occlusion using pre/post identity/state checks.",Prevents visual discontinuity from automatically becoming an edit boundary.,low-to-medium,none-to-one additional candidate,May dilute other controls if added without compression.,provider capability and adapter dependent,moderate-to-strong where supported by cited benchmark/control literature; provider-specific effect size unqualified,"Re-run metric_edit_graphic_classification, metric_evaluator_disagreement, metric_object_state_transition, metric_identity_continuity on paired seeds and retain per-seed outcomes.","[""metric_edit_graphic_classification"",""metric_evaluator_disagreement"",""metric_object_state_transition"",""metric_identity_continuity""]",Restore the prior canonical score/build and preserve the failed candidate as immutable evidence.,"[""No intervention guarantees compliance on stochastic generators.""]","[""B009"",""B010"",""B017""]",literature-and-repository-grounded; live provider qualification pending
J06,failure://audio and evaluator/shot_detector_mistakes_flash_black_frame_smear_or_wipe_for_a_cut/j06,Audio and evaluator,"Shot detector mistakes flash, black frame, smear, or wipe for a cut",high,currently_unreliable_or_unsupported,2,L4,"pose, mask, depth, trajectory, or control video",Use multiple detectors/features and require human adjudication for one-frame/full-frame ambiguous intervals.,Reduces brittle threshold decisions.,low prompt cost; medium asset preparation cost,additional asset preparation and/or multiple generated clips,"Can introduce boundary, compositing, reference-transfer, or motion-stiffness artifacts; verify all preserved controls.",provider capability and adapter dependent,mechanistically strong control escalation; exact benefit requires live provider tests,"Re-run metric_edit_graphic_classification, metric_evaluator_disagreement, metric_object_state_transition, metric_identity_continuity on paired seeds and retain per-seed outcomes.","[""metric_edit_graphic_classification"",""metric_evaluator_disagreement"",""metric_object_state_transition"",""metric_identity_continuity""]",Restore the prior canonical score/build and preserve the failed candidate as immutable evidence.,"[""No intervention guarantees compliance on stochastic generators.""]","[""B009"",""B010"",""B017""]",literature-and-repository-grounded; live provider qualification pending
J06,failure://audio and evaluator/shot_detector_mistakes_flash_black_frame_smear_or_wipe_for_a_cut/j06,Audio and evaluator,"Shot detector mistakes flash, black frame, smear, or wipe for a cut",high,currently_unreliable_or_unsupported,3,L9,unsupported or not reliably controllable,Block interval-local repair until the edit/graphic boundary is resolved.,Prevents repair from operating on the wrong temporal scope.,minimal prompt cost; workflow cost may be high,"localized regeneration, substitution, or postproduction","May change style, timing, or already-passing regions; full regression verification required.",provider capability and adapter dependent,fallback intervention; use only after the lower level fails its paired-seed gate,"Re-run metric_edit_graphic_classification, metric_evaluator_disagreement, metric_object_state_transition, metric_identity_continuity on paired seeds and retain per-seed outcomes.","[""metric_edit_graphic_classification"",""metric_evaluator_disagreement"",""metric_object_state_transition"",""metric_identity_continuity""]",Restore the prior canonical score/build and preserve the failed candidate as immutable evidence.,"[""No intervention guarantees compliance on stochastic generators.""]","[""B009"",""B010"",""B017""]",literature-and-repository-grounded; live provider qualification pending
J07,failure://audio and evaluator/pose_or_segmentation_evaluator_fails_out_of_distribution/j07,Audio and evaluator,Pose or segmentation evaluator fails out of distribution,high,currently_unreliable_or_unsupported,1,L2,canonical event/state contract,"Declare evaluator domain/version, calibrate on matched positive/negative fixtures, carry confidence and blind spots, and exclude authored deformation windows from inappropriate realistic-anatomy metrics.",Prevents invalid measurements from masquerading as objective evidence.,low-to-medium,none-to-one additional candidate,May dilute other controls if added without compression.,provider capability and adapter dependent,moderate-to-strong where supported by cited benchmark/control literature; provider-specific effect size unqualified,"Re-run metric_evaluator_disagreement, metric_observability_coverage, metric_anatomy_recovery_latency, metric_penetration_duration on paired seeds and retain per-seed outcomes.","[""metric_evaluator_disagreement"",""metric_observability_coverage"",""metric_anatomy_recovery_latency"",""metric_penetration_duration""]",Restore the prior canonical score/build and preserve the failed candidate as immutable evidence.,"[""No intervention guarantees compliance on stochastic generators.""]","[""B016"",""B017"",""B018"",""B019"",""B020"",""B021""]",literature-and-repository-grounded; live provider qualification pending
J07,failure://audio and evaluator/pose_or_segmentation_evaluator_fails_out_of_distribution/j07,Audio and evaluator,Pose or segmentation evaluator fails out of distribution,high,currently_unreliable_or_unsupported,2,L4,"pose, mask, depth, trajectory, or control video","Use domain-specific detectors, multiple evidence lanes, and human animation review for stylized intervals.",Improves coverage while preserving uncertainty.,low prompt cost; medium asset preparation cost,additional asset preparation and/or multiple generated clips,"Can introduce boundary, compositing, reference-transfer, or motion-stiffness artifacts; verify all preserved controls.",provider capability and adapter dependent,mechanistically strong control escalation; exact benefit requires live provider tests,"Re-run metric_evaluator_disagreement, metric_observability_coverage, metric_anatomy_recovery_latency, metric_penetration_duration on paired seeds and retain per-seed outcomes.","[""metric_evaluator_disagreement"",""metric_observability_coverage"",""metric_anatomy_recovery_latency"",""metric_penetration_duration""]",Restore the prior canonical score/build and preserve the failed candidate as immutable evidence.,"[""No intervention guarantees compliance on stochastic generators.""]","[""B016"",""B017"",""B018"",""B019"",""B020"",""B021""]",literature-and-repository-grounded; live provider qualification pending
J07,failure://audio and evaluator/pose_or_segmentation_evaluator_fails_out_of_distribution/j07,Audio and evaluator,Pose or segmentation evaluator fails out of distribution,high,currently_unreliable_or_unsupported,3,L9,unsupported or not reliably controllable,Return unobservable rather than pass/fail when no calibrated evaluator can measure the required property.,Preserves epistemic integrity.,minimal prompt cost; workflow cost may be high,"localized regeneration, substitution, or postproduction","May change style, timing, or already-passing regions; full regression verification required.",provider capability and adapter dependent,fallback intervention; use only after the lower level fails its paired-seed gate,"Re-run metric_evaluator_disagreement, metric_observability_coverage, metric_anatomy_recovery_latency, metric_penetration_duration on paired seeds and retain per-seed outcomes.","[""metric_evaluator_disagreement"",""metric_observability_coverage"",""metric_anatomy_recovery_latency"",""metric_penetration_duration""]",Restore the prior canonical score/build and preserve the failed candidate as immutable evidence.,"[""No intervention guarantees compliance on stochastic generators.""]","[""B016"",""B017"",""B018"",""B019"",""B020"",""B021""]",literature-and-repository-grounded; live provider qualification pending
J08,failure://audio and evaluator/human_rating_ambiguity_or_disagreement/j08,Audio and evaluator,Human rating ambiguity or disagreement,high,currently_unreliable_or_unsupported,1,L2,canonical event/state contract,"Pre-register operational criteria and forced-choice questions, blind/randomize outputs, separate compliance from aesthetics, capture confidence/rationale, and calculate agreement.",Makes human evidence auditable and reduces post-hoc preference bias.,low-to-medium,none-to-one additional candidate,May dilute other controls if added without compression.,provider capability and adapter dependent,moderate-to-strong where supported by cited benchmark/control literature; provider-specific effect size unqualified,"Re-run metric_human_readability, metric_evaluator_disagreement, metric_observability_coverage on paired seeds and retain per-seed outcomes.","[""metric_human_readability"",""metric_evaluator_disagreement"",""metric_observability_coverage""]",Restore the prior canonical score/build and preserve the failed candidate as immutable evidence.,"[""No intervention guarantees compliance on stochastic generators.""]","[""B007"",""B008"",""B009"",""B025""]",literature-and-repository-grounded; live provider qualification pending
J08,failure://audio and evaluator/human_rating_ambiguity_or_disagreement/j08,Audio and evaluator,Human rating ambiguity or disagreement,high,currently_unreliable_or_unsupported,2,L4,"pose, mask, depth, trajectory, or control video",Use calibrated expert review for animation/physics/style-critical cases and preserve dissent rather than averaging it away.,Improves interpretation of specialized or ambiguous phenomena.,low prompt cost; medium asset preparation cost,additional asset preparation and/or multiple generated clips,"Can introduce boundary, compositing, reference-transfer, or motion-stiffness artifacts; verify all preserved controls.",provider capability and adapter dependent,mechanistically strong control escalation; exact benefit requires live provider tests,"Re-run metric_human_readability, metric_evaluator_disagreement, metric_observability_coverage on paired seeds and retain per-seed outcomes.","[""metric_human_readability"",""metric_evaluator_disagreement"",""metric_observability_coverage""]",Restore the prior canonical score/build and preserve the failed candidate as immutable evidence.,"[""No intervention guarantees compliance on stochastic generators.""]","[""B007"",""B008"",""B009"",""B025""]",literature-and-repository-grounded; live provider qualification pending
J08,failure://audio and evaluator/human_rating_ambiguity_or_disagreement/j08,Audio and evaluator,Human rating ambiguity or disagreement,high,currently_unreliable_or_unsupported,3,L9,unsupported or not reliably controllable,Do not promote a provider rule or repair action when critical human judgments remain unresolved under the pre-registered adjudication policy.,Prevents ambiguous evidence from becoming authoritative knowledge.,minimal prompt cost; workflow cost may be high,"localized regeneration, substitution, or postproduction","May change style, timing, or already-passing regions; full regression verification required.",provider capability and adapter dependent,fallback intervention; use only after the lower level fails its paired-seed gate,"Re-run metric_human_readability, metric_evaluator_disagreement, metric_observability_coverage on paired seeds and retain per-seed outcomes.","[""metric_human_readability"",""metric_evaluator_disagreement"",""metric_observability_coverage""]",Restore the prior canonical score/build and preserve the failed candidate as immutable evidence.,"[""No intervention guarantees compliance on stochastic generators.""]","[""B007"",""B008"",""B009"",""B025""]",literature-and-repository-grounded; live provider qualification pending
