failure_code,failure_id,failure_name,category,finding_classification,controllability,cpcs_surface,required_change_or_effect
A01,failure://occlusion and hidden state/hidden_state_reconstruction_hallucination/a01,Hidden-state reconstruction hallucination,Occlusion and hidden state,"[""contract_affecting"",""implementation_affecting"",""verification_affecting""]",requires_visual_or_control_conditioning,intent_normalization,Preserve the requested invariant and classify ambiguity before compilation.
A01,failure://occlusion and hidden state/hidden_state_reconstruction_hallucination/a01,Hidden-state reconstruction hallucination,Occlusion and hidden state,"[""contract_affecting"",""implementation_affecting"",""verification_affecting""]",requires_visual_or_control_conditioning,profile_routing,Route to the Occlusion and hidden state risk profile and provider capability filter.
A01,failure://occlusion and hidden state/hidden_state_reconstruction_hallucination/a01,Hidden-state reconstruction hallucination,Occlusion and hidden state,"[""contract_affecting"",""implementation_affecting"",""verification_affecting""]",requires_visual_or_control_conditioning,canonical_score,"[""continuity.visibility_intervals"",""continuity.state_ledger"",""actions"",""constraints.continuity_locks"",""verification_requirements""]"
A01,failure://occlusion and hidden state/hidden_state_reconstruction_hallucination/a01,Hidden-state reconstruction hallucination,Occlusion and hidden state,"[""contract_affecting"",""implementation_affecting"",""verification_affecting""]",requires_visual_or_control_conditioning,event_graph,"Add typed nodes/edges only when the failure involves event, causal, role, or transition semantics."
A01,failure://occlusion and hidden state/hidden_state_reconstruction_hallucination/a01,Hidden-state reconstruction hallucination,Occlusion and hidden state,"[""contract_affecting"",""implementation_affecting"",""verification_affecting""]",requires_visual_or_control_conditioning,spatial_state,Carry declared coordinate frame and transition constraints when relevant.
A01,failure://occlusion and hidden state/hidden_state_reconstruction_hallucination/a01,Hidden-state reconstruction hallucination,Occlusion and hidden state,"[""contract_affecting"",""implementation_affecting"",""verification_affecting""]",requires_visual_or_control_conditioning,identity_ledger,"Use stable entity IDs and signatures whenever actors, voices, products, or props can be rebound."
A01,failure://occlusion and hidden state/hidden_state_reconstruction_hallucination/a01,Hidden-state reconstruction hallucination,Occlusion and hidden state,"[""contract_affecting"",""implementation_affecting"",""verification_affecting""]",requires_visual_or_control_conditioning,continuity_ledger,"Record precondition, allowed transition, postcondition, visibility interval, and forbidden changes."
A01,failure://occlusion and hidden state/hidden_state_reconstruction_hallucination/a01,Hidden-state reconstruction hallucination,Occlusion and hidden state,"[""contract_affecting"",""implementation_affecting"",""verification_affecting""]",requires_visual_or_control_conditioning,provider_capability_profile,"Record whether the provider can carry text, reference, keyframe, control-media, seed, repair, and audio requirements without silent loss."
A01,failure://occlusion and hidden state/hidden_state_reconstruction_hallucination/a01,Hidden-state reconstruction hallucination,Occlusion and hidden state,"[""contract_affecting"",""implementation_affecting"",""verification_affecting""]",requires_visual_or_control_conditioning,serialization_strategy,Emit one provider-native authority representation; do not duplicate semantic authorities.
A01,failure://occlusion and hidden state/hidden_state_reconstruction_hallucination/a01,Hidden-state reconstruction hallucination,Occlusion and hidden state,"[""contract_affecting"",""implementation_affecting"",""verification_affecting""]",requires_visual_or_control_conditioning,prompt_compression,"Protect hard locks, causal edges, identities, start/end states, and visibility bridges before style adjectives."
A01,failure://occlusion and hidden state/hidden_state_reconstruction_hallucination/a01,Hidden-state reconstruction hallucination,Occlusion and hidden state,"[""contract_affecting"",""implementation_affecting"",""verification_affecting""]",requires_visual_or_control_conditioning,loss_report,"Report every unsupported, evaluation-only, compressed, or omitted control."
A01,failure://occlusion and hidden state/hidden_state_reconstruction_hallucination/a01,Hidden-state reconstruction hallucination,Occlusion and hidden state,"[""contract_affecting"",""implementation_affecting"",""verification_affecting""]",requires_visual_or_control_conditioning,verification_plan,"[""metric_occlusion_continuity"",""metric_reappearance_position_error"",""metric_identity_continuity"",""metric_event_graph_agreement""]"
A01,failure://occlusion and hidden state/hidden_state_reconstruction_hallucination/a01,Hidden-state reconstruction hallucination,Occlusion and hidden state,"[""contract_affecting"",""implementation_affecting"",""verification_affecting""]",requires_visual_or_control_conditioning,repair_planner,Repair only the smallest failing interval/shot while preserving passing control IDs.
A01,failure://occlusion and hidden state/hidden_state_reconstruction_hallucination/a01,Hidden-state reconstruction hallucination,Occlusion and hidden state,"[""contract_affecting"",""implementation_affecting"",""verification_affecting""]",requires_visual_or_control_conditioning,experiment_registry,Register matched ablations for A01 with raw artifacts and immutable manifests.
A02,failure://occlusion and hidden state/duplicate_subject_on_reappearance/a02,Duplicate subject on reappearance,Occlusion and hidden state,"[""contract_affecting"",""implementation_affecting"",""verification_affecting""]",requires_visual_or_control_conditioning,intent_normalization,Preserve the requested invariant and classify ambiguity before compilation.
A02,failure://occlusion and hidden state/duplicate_subject_on_reappearance/a02,Duplicate subject on reappearance,Occlusion and hidden state,"[""contract_affecting"",""implementation_affecting"",""verification_affecting""]",requires_visual_or_control_conditioning,profile_routing,Route to the Occlusion and hidden state risk profile and provider capability filter.
A02,failure://occlusion and hidden state/duplicate_subject_on_reappearance/a02,Duplicate subject on reappearance,Occlusion and hidden state,"[""contract_affecting"",""implementation_affecting"",""verification_affecting""]",requires_visual_or_control_conditioning,canonical_score,"[""entities"",""continuity.state_ledger"",""continuity.visibility_intervals"",""constraints.continuity_locks""]"
A02,failure://occlusion and hidden state/duplicate_subject_on_reappearance/a02,Duplicate subject on reappearance,Occlusion and hidden state,"[""contract_affecting"",""implementation_affecting"",""verification_affecting""]",requires_visual_or_control_conditioning,event_graph,"Add typed nodes/edges only when the failure involves event, causal, role, or transition semantics."
A02,failure://occlusion and hidden state/duplicate_subject_on_reappearance/a02,Duplicate subject on reappearance,Occlusion and hidden state,"[""contract_affecting"",""implementation_affecting"",""verification_affecting""]",requires_visual_or_control_conditioning,spatial_state,Carry declared coordinate frame and transition constraints when relevant.
A02,failure://occlusion and hidden state/duplicate_subject_on_reappearance/a02,Duplicate subject on reappearance,Occlusion and hidden state,"[""contract_affecting"",""implementation_affecting"",""verification_affecting""]",requires_visual_or_control_conditioning,identity_ledger,"Use stable entity IDs and signatures whenever actors, voices, products, or props can be rebound."
A02,failure://occlusion and hidden state/duplicate_subject_on_reappearance/a02,Duplicate subject on reappearance,Occlusion and hidden state,"[""contract_affecting"",""implementation_affecting"",""verification_affecting""]",requires_visual_or_control_conditioning,continuity_ledger,"Record precondition, allowed transition, postcondition, visibility interval, and forbidden changes."
A02,failure://occlusion and hidden state/duplicate_subject_on_reappearance/a02,Duplicate subject on reappearance,Occlusion and hidden state,"[""contract_affecting"",""implementation_affecting"",""verification_affecting""]",requires_visual_or_control_conditioning,provider_capability_profile,"Record whether the provider can carry text, reference, keyframe, control-media, seed, repair, and audio requirements without silent loss."
A02,failure://occlusion and hidden state/duplicate_subject_on_reappearance/a02,Duplicate subject on reappearance,Occlusion and hidden state,"[""contract_affecting"",""implementation_affecting"",""verification_affecting""]",requires_visual_or_control_conditioning,serialization_strategy,Emit one provider-native authority representation; do not duplicate semantic authorities.
A02,failure://occlusion and hidden state/duplicate_subject_on_reappearance/a02,Duplicate subject on reappearance,Occlusion and hidden state,"[""contract_affecting"",""implementation_affecting"",""verification_affecting""]",requires_visual_or_control_conditioning,prompt_compression,"Protect hard locks, causal edges, identities, start/end states, and visibility bridges before style adjectives."
A02,failure://occlusion and hidden state/duplicate_subject_on_reappearance/a02,Duplicate subject on reappearance,Occlusion and hidden state,"[""contract_affecting"",""implementation_affecting"",""verification_affecting""]",requires_visual_or_control_conditioning,loss_report,"Report every unsupported, evaluation-only, compressed, or omitted control."
A02,failure://occlusion and hidden state/duplicate_subject_on_reappearance/a02,Duplicate subject on reappearance,Occlusion and hidden state,"[""contract_affecting"",""implementation_affecting"",""verification_affecting""]",requires_visual_or_control_conditioning,verification_plan,"[""metric_actor_count_consistency"",""metric_identity_continuity"",""metric_occlusion_continuity""]"
A02,failure://occlusion and hidden state/duplicate_subject_on_reappearance/a02,Duplicate subject on reappearance,Occlusion and hidden state,"[""contract_affecting"",""implementation_affecting"",""verification_affecting""]",requires_visual_or_control_conditioning,repair_planner,Repair only the smallest failing interval/shot while preserving passing control IDs.
A02,failure://occlusion and hidden state/duplicate_subject_on_reappearance/a02,Duplicate subject on reappearance,Occlusion and hidden state,"[""contract_affecting"",""implementation_affecting"",""verification_affecting""]",requires_visual_or_control_conditioning,experiment_registry,Register matched ablations for A02 with raw artifacts and immutable manifests.
A03,failure://occlusion and hidden state/identity_mutation_behind_occlusion/a03,Identity mutation behind occlusion,Occlusion and hidden state,"[""contract_affecting"",""implementation_affecting"",""verification_affecting""]",requires_visual_or_control_conditioning,intent_normalization,Preserve the requested invariant and classify ambiguity before compilation.
A03,failure://occlusion and hidden state/identity_mutation_behind_occlusion/a03,Identity mutation behind occlusion,Occlusion and hidden state,"[""contract_affecting"",""implementation_affecting"",""verification_affecting""]",requires_visual_or_control_conditioning,profile_routing,Route to the Occlusion and hidden state risk profile and provider capability filter.
A03,failure://occlusion and hidden state/identity_mutation_behind_occlusion/a03,Identity mutation behind occlusion,Occlusion and hidden state,"[""contract_affecting"",""implementation_affecting"",""verification_affecting""]",requires_visual_or_control_conditioning,canonical_score,"[""entities"",""continuity.state_ledger"",""style"",""constraints.continuity_locks"",""assets""]"
A03,failure://occlusion and hidden state/identity_mutation_behind_occlusion/a03,Identity mutation behind occlusion,Occlusion and hidden state,"[""contract_affecting"",""implementation_affecting"",""verification_affecting""]",requires_visual_or_control_conditioning,event_graph,"Add typed nodes/edges only when the failure involves event, causal, role, or transition semantics."
A03,failure://occlusion and hidden state/identity_mutation_behind_occlusion/a03,Identity mutation behind occlusion,Occlusion and hidden state,"[""contract_affecting"",""implementation_affecting"",""verification_affecting""]",requires_visual_or_control_conditioning,spatial_state,Carry declared coordinate frame and transition constraints when relevant.
A03,failure://occlusion and hidden state/identity_mutation_behind_occlusion/a03,Identity mutation behind occlusion,Occlusion and hidden state,"[""contract_affecting"",""implementation_affecting"",""verification_affecting""]",requires_visual_or_control_conditioning,identity_ledger,"Use stable entity IDs and signatures whenever actors, voices, products, or props can be rebound."
A03,failure://occlusion and hidden state/identity_mutation_behind_occlusion/a03,Identity mutation behind occlusion,Occlusion and hidden state,"[""contract_affecting"",""implementation_affecting"",""verification_affecting""]",requires_visual_or_control_conditioning,continuity_ledger,"Record precondition, allowed transition, postcondition, visibility interval, and forbidden changes."
A03,failure://occlusion and hidden state/identity_mutation_behind_occlusion/a03,Identity mutation behind occlusion,Occlusion and hidden state,"[""contract_affecting"",""implementation_affecting"",""verification_affecting""]",requires_visual_or_control_conditioning,provider_capability_profile,"Record whether the provider can carry text, reference, keyframe, control-media, seed, repair, and audio requirements without silent loss."
A03,failure://occlusion and hidden state/identity_mutation_behind_occlusion/a03,Identity mutation behind occlusion,Occlusion and hidden state,"[""contract_affecting"",""implementation_affecting"",""verification_affecting""]",requires_visual_or_control_conditioning,serialization_strategy,Emit one provider-native authority representation; do not duplicate semantic authorities.
A03,failure://occlusion and hidden state/identity_mutation_behind_occlusion/a03,Identity mutation behind occlusion,Occlusion and hidden state,"[""contract_affecting"",""implementation_affecting"",""verification_affecting""]",requires_visual_or_control_conditioning,prompt_compression,"Protect hard locks, causal edges, identities, start/end states, and visibility bridges before style adjectives."
A03,failure://occlusion and hidden state/identity_mutation_behind_occlusion/a03,Identity mutation behind occlusion,Occlusion and hidden state,"[""contract_affecting"",""implementation_affecting"",""verification_affecting""]",requires_visual_or_control_conditioning,loss_report,"Report every unsupported, evaluation-only, compressed, or omitted control."
A03,failure://occlusion and hidden state/identity_mutation_behind_occlusion/a03,Identity mutation behind occlusion,Occlusion and hidden state,"[""contract_affecting"",""implementation_affecting"",""verification_affecting""]",requires_visual_or_control_conditioning,verification_plan,"[""metric_identity_continuity"",""metric_occlusion_continuity"",""metric_object_state_transition""]"
A03,failure://occlusion and hidden state/identity_mutation_behind_occlusion/a03,Identity mutation behind occlusion,Occlusion and hidden state,"[""contract_affecting"",""implementation_affecting"",""verification_affecting""]",requires_visual_or_control_conditioning,repair_planner,Repair only the smallest failing interval/shot while preserving passing control IDs.
A03,failure://occlusion and hidden state/identity_mutation_behind_occlusion/a03,Identity mutation behind occlusion,Occlusion and hidden state,"[""contract_affecting"",""implementation_affecting"",""verification_affecting""]",requires_visual_or_control_conditioning,experiment_registry,Register matched ablations for A03 with raw artifacts and immutable manifests.
A04,failure://occlusion and hidden state/reappearance_position_discontinuity/a04,Reappearance-position discontinuity,Occlusion and hidden state,"[""contract_affecting"",""implementation_affecting"",""verification_affecting""]",requires_visual_or_control_conditioning,intent_normalization,Preserve the requested invariant and classify ambiguity before compilation.
A04,failure://occlusion and hidden state/reappearance_position_discontinuity/a04,Reappearance-position discontinuity,Occlusion and hidden state,"[""contract_affecting"",""implementation_affecting"",""verification_affecting""]",requires_visual_or_control_conditioning,profile_routing,Route to the Occlusion and hidden state risk profile and provider capability filter.
A04,failure://occlusion and hidden state/reappearance_position_discontinuity/a04,Reappearance-position discontinuity,Occlusion and hidden state,"[""contract_affecting"",""implementation_affecting"",""verification_affecting""]",requires_visual_or_control_conditioning,canonical_score,"[""continuity.visibility_intervals"",""shots"",""camera"",""actions"",""constraints.continuity_locks""]"
A04,failure://occlusion and hidden state/reappearance_position_discontinuity/a04,Reappearance-position discontinuity,Occlusion and hidden state,"[""contract_affecting"",""implementation_affecting"",""verification_affecting""]",requires_visual_or_control_conditioning,event_graph,"Add typed nodes/edges only when the failure involves event, causal, role, or transition semantics."
A04,failure://occlusion and hidden state/reappearance_position_discontinuity/a04,Reappearance-position discontinuity,Occlusion and hidden state,"[""contract_affecting"",""implementation_affecting"",""verification_affecting""]",requires_visual_or_control_conditioning,spatial_state,Carry declared coordinate frame and transition constraints when relevant.
A04,failure://occlusion and hidden state/reappearance_position_discontinuity/a04,Reappearance-position discontinuity,Occlusion and hidden state,"[""contract_affecting"",""implementation_affecting"",""verification_affecting""]",requires_visual_or_control_conditioning,identity_ledger,"Use stable entity IDs and signatures whenever actors, voices, products, or props can be rebound."
A04,failure://occlusion and hidden state/reappearance_position_discontinuity/a04,Reappearance-position discontinuity,Occlusion and hidden state,"[""contract_affecting"",""implementation_affecting"",""verification_affecting""]",requires_visual_or_control_conditioning,continuity_ledger,"Record precondition, allowed transition, postcondition, visibility interval, and forbidden changes."
A04,failure://occlusion and hidden state/reappearance_position_discontinuity/a04,Reappearance-position discontinuity,Occlusion and hidden state,"[""contract_affecting"",""implementation_affecting"",""verification_affecting""]",requires_visual_or_control_conditioning,provider_capability_profile,"Record whether the provider can carry text, reference, keyframe, control-media, seed, repair, and audio requirements without silent loss."
A04,failure://occlusion and hidden state/reappearance_position_discontinuity/a04,Reappearance-position discontinuity,Occlusion and hidden state,"[""contract_affecting"",""implementation_affecting"",""verification_affecting""]",requires_visual_or_control_conditioning,serialization_strategy,Emit one provider-native authority representation; do not duplicate semantic authorities.
A04,failure://occlusion and hidden state/reappearance_position_discontinuity/a04,Reappearance-position discontinuity,Occlusion and hidden state,"[""contract_affecting"",""implementation_affecting"",""verification_affecting""]",requires_visual_or_control_conditioning,prompt_compression,"Protect hard locks, causal edges, identities, start/end states, and visibility bridges before style adjectives."
A04,failure://occlusion and hidden state/reappearance_position_discontinuity/a04,Reappearance-position discontinuity,Occlusion and hidden state,"[""contract_affecting"",""implementation_affecting"",""verification_affecting""]",requires_visual_or_control_conditioning,loss_report,"Report every unsupported, evaluation-only, compressed, or omitted control."
A04,failure://occlusion and hidden state/reappearance_position_discontinuity/a04,Reappearance-position discontinuity,Occlusion and hidden state,"[""contract_affecting"",""implementation_affecting"",""verification_affecting""]",requires_visual_or_control_conditioning,verification_plan,"[""metric_reappearance_position_error"",""metric_screen_direction_consistency"",""metric_spatial_relation_accuracy"",""metric_camera_motion_agreement""]"
A04,failure://occlusion and hidden state/reappearance_position_discontinuity/a04,Reappearance-position discontinuity,Occlusion and hidden state,"[""contract_affecting"",""implementation_affecting"",""verification_affecting""]",requires_visual_or_control_conditioning,repair_planner,Repair only the smallest failing interval/shot while preserving passing control IDs.
A04,failure://occlusion and hidden state/reappearance_position_discontinuity/a04,Reappearance-position discontinuity,Occlusion and hidden state,"[""contract_affecting"",""implementation_affecting"",""verification_affecting""]",requires_visual_or_control_conditioning,experiment_registry,Register matched ablations for A04 with raw artifacts and immutable manifests.
A05,failure://occlusion and hidden state/subject_occluder_fusion/a05,Subject–occluder fusion,Occlusion and hidden state,"[""contract_affecting"",""implementation_affecting"",""verification_affecting""]",requires_visual_or_control_conditioning,intent_normalization,Preserve the requested invariant and classify ambiguity before compilation.
A05,failure://occlusion and hidden state/subject_occluder_fusion/a05,Subject–occluder fusion,Occlusion and hidden state,"[""contract_affecting"",""implementation_affecting"",""verification_affecting""]",requires_visual_or_control_conditioning,profile_routing,Route to the Occlusion and hidden state risk profile and provider capability filter.
A05,failure://occlusion and hidden state/subject_occluder_fusion/a05,Subject–occluder fusion,Occlusion and hidden state,"[""contract_affecting"",""implementation_affecting"",""verification_affecting""]",requires_visual_or_control_conditioning,canonical_score,"[""entities"",""interactions"",""continuity.visibility_intervals"",""style"",""constraints.continuity_locks""]"
A05,failure://occlusion and hidden state/subject_occluder_fusion/a05,Subject–occluder fusion,Occlusion and hidden state,"[""contract_affecting"",""implementation_affecting"",""verification_affecting""]",requires_visual_or_control_conditioning,event_graph,"Add typed nodes/edges only when the failure involves event, causal, role, or transition semantics."
A05,failure://occlusion and hidden state/subject_occluder_fusion/a05,Subject–occluder fusion,Occlusion and hidden state,"[""contract_affecting"",""implementation_affecting"",""verification_affecting""]",requires_visual_or_control_conditioning,spatial_state,Carry declared coordinate frame and transition constraints when relevant.
A05,failure://occlusion and hidden state/subject_occluder_fusion/a05,Subject–occluder fusion,Occlusion and hidden state,"[""contract_affecting"",""implementation_affecting"",""verification_affecting""]",requires_visual_or_control_conditioning,identity_ledger,"Use stable entity IDs and signatures whenever actors, voices, products, or props can be rebound."
A05,failure://occlusion and hidden state/subject_occluder_fusion/a05,Subject–occluder fusion,Occlusion and hidden state,"[""contract_affecting"",""implementation_affecting"",""verification_affecting""]",requires_visual_or_control_conditioning,continuity_ledger,"Record precondition, allowed transition, postcondition, visibility interval, and forbidden changes."
A05,failure://occlusion and hidden state/subject_occluder_fusion/a05,Subject–occluder fusion,Occlusion and hidden state,"[""contract_affecting"",""implementation_affecting"",""verification_affecting""]",requires_visual_or_control_conditioning,provider_capability_profile,"Record whether the provider can carry text, reference, keyframe, control-media, seed, repair, and audio requirements without silent loss."
A05,failure://occlusion and hidden state/subject_occluder_fusion/a05,Subject–occluder fusion,Occlusion and hidden state,"[""contract_affecting"",""implementation_affecting"",""verification_affecting""]",requires_visual_or_control_conditioning,serialization_strategy,Emit one provider-native authority representation; do not duplicate semantic authorities.
A05,failure://occlusion and hidden state/subject_occluder_fusion/a05,Subject–occluder fusion,Occlusion and hidden state,"[""contract_affecting"",""implementation_affecting"",""verification_affecting""]",requires_visual_or_control_conditioning,prompt_compression,"Protect hard locks, causal edges, identities, start/end states, and visibility bridges before style adjectives."
A05,failure://occlusion and hidden state/subject_occluder_fusion/a05,Subject–occluder fusion,Occlusion and hidden state,"[""contract_affecting"",""implementation_affecting"",""verification_affecting""]",requires_visual_or_control_conditioning,loss_report,"Report every unsupported, evaluation-only, compressed, or omitted control."
A05,failure://occlusion and hidden state/subject_occluder_fusion/a05,Subject–occluder fusion,Occlusion and hidden state,"[""contract_affecting"",""implementation_affecting"",""verification_affecting""]",requires_visual_or_control_conditioning,verification_plan,"[""metric_identity_continuity"",""metric_penetration_duration"",""metric_material_state_consistency"",""metric_actor_count_consistency""]"
A05,failure://occlusion and hidden state/subject_occluder_fusion/a05,Subject–occluder fusion,Occlusion and hidden state,"[""contract_affecting"",""implementation_affecting"",""verification_affecting""]",requires_visual_or_control_conditioning,repair_planner,Repair only the smallest failing interval/shot while preserving passing control IDs.
A05,failure://occlusion and hidden state/subject_occluder_fusion/a05,Subject–occluder fusion,Occlusion and hidden state,"[""contract_affecting"",""implementation_affecting"",""verification_affecting""]",requires_visual_or_control_conditioning,experiment_registry,Register matched ablations for A05 with raw artifacts and immutable manifests.
A06,failure://occlusion and hidden state/submerged_or_hidden_subject_deletion/a06,Submerged or hidden subject deletion,Occlusion and hidden state,"[""contract_affecting"",""implementation_affecting"",""verification_affecting""]",partially_mitigated_by_prompting,intent_normalization,Preserve the requested invariant and classify ambiguity before compilation.
A06,failure://occlusion and hidden state/submerged_or_hidden_subject_deletion/a06,Submerged or hidden subject deletion,Occlusion and hidden state,"[""contract_affecting"",""implementation_affecting"",""verification_affecting""]",partially_mitigated_by_prompting,profile_routing,Route to the Occlusion and hidden state risk profile and provider capability filter.
A06,failure://occlusion and hidden state/submerged_or_hidden_subject_deletion/a06,Submerged or hidden subject deletion,Occlusion and hidden state,"[""contract_affecting"",""implementation_affecting"",""verification_affecting""]",partially_mitigated_by_prompting,canonical_score,"[""entities"",""continuity.state_ledger"",""continuity.visibility_intervals"",""actions"",""constraints.continuity_locks""]"
A06,failure://occlusion and hidden state/submerged_or_hidden_subject_deletion/a06,Submerged or hidden subject deletion,Occlusion and hidden state,"[""contract_affecting"",""implementation_affecting"",""verification_affecting""]",partially_mitigated_by_prompting,event_graph,"Add typed nodes/edges only when the failure involves event, causal, role, or transition semantics."
A06,failure://occlusion and hidden state/submerged_or_hidden_subject_deletion/a06,Submerged or hidden subject deletion,Occlusion and hidden state,"[""contract_affecting"",""implementation_affecting"",""verification_affecting""]",partially_mitigated_by_prompting,spatial_state,Carry declared coordinate frame and transition constraints when relevant.
A06,failure://occlusion and hidden state/submerged_or_hidden_subject_deletion/a06,Submerged or hidden subject deletion,Occlusion and hidden state,"[""contract_affecting"",""implementation_affecting"",""verification_affecting""]",partially_mitigated_by_prompting,identity_ledger,"Use stable entity IDs and signatures whenever actors, voices, products, or props can be rebound."
A06,failure://occlusion and hidden state/submerged_or_hidden_subject_deletion/a06,Submerged or hidden subject deletion,Occlusion and hidden state,"[""contract_affecting"",""implementation_affecting"",""verification_affecting""]",partially_mitigated_by_prompting,continuity_ledger,"Record precondition, allowed transition, postcondition, visibility interval, and forbidden changes."
A06,failure://occlusion and hidden state/submerged_or_hidden_subject_deletion/a06,Submerged or hidden subject deletion,Occlusion and hidden state,"[""contract_affecting"",""implementation_affecting"",""verification_affecting""]",partially_mitigated_by_prompting,provider_capability_profile,"Record whether the provider can carry text, reference, keyframe, control-media, seed, repair, and audio requirements without silent loss."
A06,failure://occlusion and hidden state/submerged_or_hidden_subject_deletion/a06,Submerged or hidden subject deletion,Occlusion and hidden state,"[""contract_affecting"",""implementation_affecting"",""verification_affecting""]",partially_mitigated_by_prompting,serialization_strategy,Emit one provider-native authority representation; do not duplicate semantic authorities.
A06,failure://occlusion and hidden state/submerged_or_hidden_subject_deletion/a06,Submerged or hidden subject deletion,Occlusion and hidden state,"[""contract_affecting"",""implementation_affecting"",""verification_affecting""]",partially_mitigated_by_prompting,prompt_compression,"Protect hard locks, causal edges, identities, start/end states, and visibility bridges before style adjectives."
A06,failure://occlusion and hidden state/submerged_or_hidden_subject_deletion/a06,Submerged or hidden subject deletion,Occlusion and hidden state,"[""contract_affecting"",""implementation_affecting"",""verification_affecting""]",partially_mitigated_by_prompting,loss_report,"Report every unsupported, evaluation-only, compressed, or omitted control."
A06,failure://occlusion and hidden state/submerged_or_hidden_subject_deletion/a06,Submerged or hidden subject deletion,Occlusion and hidden state,"[""contract_affecting"",""implementation_affecting"",""verification_affecting""]",partially_mitigated_by_prompting,verification_plan,"[""metric_actor_count_consistency"",""metric_object_count_persistence"",""metric_event_graph_agreement"",""metric_occlusion_continuity""]"
A06,failure://occlusion and hidden state/submerged_or_hidden_subject_deletion/a06,Submerged or hidden subject deletion,Occlusion and hidden state,"[""contract_affecting"",""implementation_affecting"",""verification_affecting""]",partially_mitigated_by_prompting,repair_planner,Repair only the smallest failing interval/shot while preserving passing control IDs.
A06,failure://occlusion and hidden state/submerged_or_hidden_subject_deletion/a06,Submerged or hidden subject deletion,Occlusion and hidden state,"[""contract_affecting"",""implementation_affecting"",""verification_affecting""]",partially_mitigated_by_prompting,experiment_registry,Register matched ablations for A06 with raw artifacts and immutable manifests.
A07,failure://occlusion and hidden state/visibility_bridge_attachment_loss/a07,Visibility-bridge attachment loss,Occlusion and hidden state,"[""contract_affecting"",""implementation_affecting"",""verification_affecting""]",requires_visual_or_control_conditioning,intent_normalization,Preserve the requested invariant and classify ambiguity before compilation.
A07,failure://occlusion and hidden state/visibility_bridge_attachment_loss/a07,Visibility-bridge attachment loss,Occlusion and hidden state,"[""contract_affecting"",""implementation_affecting"",""verification_affecting""]",requires_visual_or_control_conditioning,profile_routing,Route to the Occlusion and hidden state risk profile and provider capability filter.
A07,failure://occlusion and hidden state/visibility_bridge_attachment_loss/a07,Visibility-bridge attachment loss,Occlusion and hidden state,"[""contract_affecting"",""implementation_affecting"",""verification_affecting""]",requires_visual_or_control_conditioning,canonical_score,"[""entities"",""continuity.visibility_intervals"",""provider_neutral_controls"",""verification_requirements""]"
A07,failure://occlusion and hidden state/visibility_bridge_attachment_loss/a07,Visibility-bridge attachment loss,Occlusion and hidden state,"[""contract_affecting"",""implementation_affecting"",""verification_affecting""]",requires_visual_or_control_conditioning,event_graph,"Add typed nodes/edges only when the failure involves event, causal, role, or transition semantics."
A07,failure://occlusion and hidden state/visibility_bridge_attachment_loss/a07,Visibility-bridge attachment loss,Occlusion and hidden state,"[""contract_affecting"",""implementation_affecting"",""verification_affecting""]",requires_visual_or_control_conditioning,spatial_state,Carry declared coordinate frame and transition constraints when relevant.
A07,failure://occlusion and hidden state/visibility_bridge_attachment_loss/a07,Visibility-bridge attachment loss,Occlusion and hidden state,"[""contract_affecting"",""implementation_affecting"",""verification_affecting""]",requires_visual_or_control_conditioning,identity_ledger,"Use stable entity IDs and signatures whenever actors, voices, products, or props can be rebound."
A07,failure://occlusion and hidden state/visibility_bridge_attachment_loss/a07,Visibility-bridge attachment loss,Occlusion and hidden state,"[""contract_affecting"",""implementation_affecting"",""verification_affecting""]",requires_visual_or_control_conditioning,continuity_ledger,"Record precondition, allowed transition, postcondition, visibility interval, and forbidden changes."
A07,failure://occlusion and hidden state/visibility_bridge_attachment_loss/a07,Visibility-bridge attachment loss,Occlusion and hidden state,"[""contract_affecting"",""implementation_affecting"",""verification_affecting""]",requires_visual_or_control_conditioning,provider_capability_profile,"Record whether the provider can carry text, reference, keyframe, control-media, seed, repair, and audio requirements without silent loss."
A07,failure://occlusion and hidden state/visibility_bridge_attachment_loss/a07,Visibility-bridge attachment loss,Occlusion and hidden state,"[""contract_affecting"",""implementation_affecting"",""verification_affecting""]",requires_visual_or_control_conditioning,serialization_strategy,Emit one provider-native authority representation; do not duplicate semantic authorities.
A07,failure://occlusion and hidden state/visibility_bridge_attachment_loss/a07,Visibility-bridge attachment loss,Occlusion and hidden state,"[""contract_affecting"",""implementation_affecting"",""verification_affecting""]",requires_visual_or_control_conditioning,prompt_compression,"Protect hard locks, causal edges, identities, start/end states, and visibility bridges before style adjectives."
A07,failure://occlusion and hidden state/visibility_bridge_attachment_loss/a07,Visibility-bridge attachment loss,Occlusion and hidden state,"[""contract_affecting"",""implementation_affecting"",""verification_affecting""]",requires_visual_or_control_conditioning,loss_report,"Report every unsupported, evaluation-only, compressed, or omitted control."
A07,failure://occlusion and hidden state/visibility_bridge_attachment_loss/a07,Visibility-bridge attachment loss,Occlusion and hidden state,"[""contract_affecting"",""implementation_affecting"",""verification_affecting""]",requires_visual_or_control_conditioning,verification_plan,"[""metric_visibility_bridge_coverage"",""metric_reappearance_position_error"",""metric_identity_continuity"",""metric_evaluator_disagreement""]"
A07,failure://occlusion and hidden state/visibility_bridge_attachment_loss/a07,Visibility-bridge attachment loss,Occlusion and hidden state,"[""contract_affecting"",""implementation_affecting"",""verification_affecting""]",requires_visual_or_control_conditioning,repair_planner,Repair only the smallest failing interval/shot while preserving passing control IDs.
A07,failure://occlusion and hidden state/visibility_bridge_attachment_loss/a07,Visibility-bridge attachment loss,Occlusion and hidden state,"[""contract_affecting"",""implementation_affecting"",""verification_affecting""]",requires_visual_or_control_conditioning,experiment_registry,Register matched ablations for A07 with raw artifacts and immutable manifests.
B01,failure://object permanence and state/object_disappearance/b01,Object disappearance,Object permanence and state,"[""contract_affecting"",""implementation_affecting"",""verification_affecting""]",requires_visual_or_control_conditioning,intent_normalization,Preserve the requested invariant and classify ambiguity before compilation.
B01,failure://object permanence and state/object_disappearance/b01,Object disappearance,Object permanence and state,"[""contract_affecting"",""implementation_affecting"",""verification_affecting""]",requires_visual_or_control_conditioning,profile_routing,Route to the Object permanence and state risk profile and provider capability filter.
B01,failure://object permanence and state/object_disappearance/b01,Object disappearance,Object permanence and state,"[""contract_affecting"",""implementation_affecting"",""verification_affecting""]",requires_visual_or_control_conditioning,canonical_score,"[""entities"",""assets"",""continuity.state_ledger"",""interactions"",""constraints.continuity_locks""]"
B01,failure://object permanence and state/object_disappearance/b01,Object disappearance,Object permanence and state,"[""contract_affecting"",""implementation_affecting"",""verification_affecting""]",requires_visual_or_control_conditioning,event_graph,"Add typed nodes/edges only when the failure involves event, causal, role, or transition semantics."
B01,failure://object permanence and state/object_disappearance/b01,Object disappearance,Object permanence and state,"[""contract_affecting"",""implementation_affecting"",""verification_affecting""]",requires_visual_or_control_conditioning,spatial_state,Carry declared coordinate frame and transition constraints when relevant.
B01,failure://object permanence and state/object_disappearance/b01,Object disappearance,Object permanence and state,"[""contract_affecting"",""implementation_affecting"",""verification_affecting""]",requires_visual_or_control_conditioning,identity_ledger,"Use stable entity IDs and signatures whenever actors, voices, products, or props can be rebound."
B01,failure://object permanence and state/object_disappearance/b01,Object disappearance,Object permanence and state,"[""contract_affecting"",""implementation_affecting"",""verification_affecting""]",requires_visual_or_control_conditioning,continuity_ledger,"Record precondition, allowed transition, postcondition, visibility interval, and forbidden changes."
B01,failure://object permanence and state/object_disappearance/b01,Object disappearance,Object permanence and state,"[""contract_affecting"",""implementation_affecting"",""verification_affecting""]",requires_visual_or_control_conditioning,provider_capability_profile,"Record whether the provider can carry text, reference, keyframe, control-media, seed, repair, and audio requirements without silent loss."
B01,failure://object permanence and state/object_disappearance/b01,Object disappearance,Object permanence and state,"[""contract_affecting"",""implementation_affecting"",""verification_affecting""]",requires_visual_or_control_conditioning,serialization_strategy,Emit one provider-native authority representation; do not duplicate semantic authorities.
B01,failure://object permanence and state/object_disappearance/b01,Object disappearance,Object permanence and state,"[""contract_affecting"",""implementation_affecting"",""verification_affecting""]",requires_visual_or_control_conditioning,prompt_compression,"Protect hard locks, causal edges, identities, start/end states, and visibility bridges before style adjectives."
B01,failure://object permanence and state/object_disappearance/b01,Object disappearance,Object permanence and state,"[""contract_affecting"",""implementation_affecting"",""verification_affecting""]",requires_visual_or_control_conditioning,loss_report,"Report every unsupported, evaluation-only, compressed, or omitted control."
B01,failure://object permanence and state/object_disappearance/b01,Object disappearance,Object permanence and state,"[""contract_affecting"",""implementation_affecting"",""verification_affecting""]",requires_visual_or_control_conditioning,verification_plan,"[""metric_object_count_persistence"",""metric_object_state_transition"",""metric_identity_continuity""]"
B01,failure://object permanence and state/object_disappearance/b01,Object disappearance,Object permanence and state,"[""contract_affecting"",""implementation_affecting"",""verification_affecting""]",requires_visual_or_control_conditioning,repair_planner,Repair only the smallest failing interval/shot while preserving passing control IDs.
B01,failure://object permanence and state/object_disappearance/b01,Object disappearance,Object permanence and state,"[""contract_affecting"",""implementation_affecting"",""verification_affecting""]",requires_visual_or_control_conditioning,experiment_registry,Register matched ablations for B01 with raw artifacts and immutable manifests.
B02,failure://object permanence and state/spontaneous_object_duplication/b02,Spontaneous object duplication,Object permanence and state,"[""contract_affecting"",""implementation_affecting"",""verification_affecting""]",requires_visual_or_control_conditioning,intent_normalization,Preserve the requested invariant and classify ambiguity before compilation.
B02,failure://object permanence and state/spontaneous_object_duplication/b02,Spontaneous object duplication,Object permanence and state,"[""contract_affecting"",""implementation_affecting"",""verification_affecting""]",requires_visual_or_control_conditioning,profile_routing,Route to the Object permanence and state risk profile and provider capability filter.
B02,failure://object permanence and state/spontaneous_object_duplication/b02,Spontaneous object duplication,Object permanence and state,"[""contract_affecting"",""implementation_affecting"",""verification_affecting""]",requires_visual_or_control_conditioning,canonical_score,"[""entities"",""continuity.state_ledger"",""interactions"",""constraints.continuity_locks""]"
B02,failure://object permanence and state/spontaneous_object_duplication/b02,Spontaneous object duplication,Object permanence and state,"[""contract_affecting"",""implementation_affecting"",""verification_affecting""]",requires_visual_or_control_conditioning,event_graph,"Add typed nodes/edges only when the failure involves event, causal, role, or transition semantics."
B02,failure://object permanence and state/spontaneous_object_duplication/b02,Spontaneous object duplication,Object permanence and state,"[""contract_affecting"",""implementation_affecting"",""verification_affecting""]",requires_visual_or_control_conditioning,spatial_state,Carry declared coordinate frame and transition constraints when relevant.
B02,failure://object permanence and state/spontaneous_object_duplication/b02,Spontaneous object duplication,Object permanence and state,"[""contract_affecting"",""implementation_affecting"",""verification_affecting""]",requires_visual_or_control_conditioning,identity_ledger,"Use stable entity IDs and signatures whenever actors, voices, products, or props can be rebound."
B02,failure://object permanence and state/spontaneous_object_duplication/b02,Spontaneous object duplication,Object permanence and state,"[""contract_affecting"",""implementation_affecting"",""verification_affecting""]",requires_visual_or_control_conditioning,continuity_ledger,"Record precondition, allowed transition, postcondition, visibility interval, and forbidden changes."
B02,failure://object permanence and state/spontaneous_object_duplication/b02,Spontaneous object duplication,Object permanence and state,"[""contract_affecting"",""implementation_affecting"",""verification_affecting""]",requires_visual_or_control_conditioning,provider_capability_profile,"Record whether the provider can carry text, reference, keyframe, control-media, seed, repair, and audio requirements without silent loss."
B02,failure://object permanence and state/spontaneous_object_duplication/b02,Spontaneous object duplication,Object permanence and state,"[""contract_affecting"",""implementation_affecting"",""verification_affecting""]",requires_visual_or_control_conditioning,serialization_strategy,Emit one provider-native authority representation; do not duplicate semantic authorities.
B02,failure://object permanence and state/spontaneous_object_duplication/b02,Spontaneous object duplication,Object permanence and state,"[""contract_affecting"",""implementation_affecting"",""verification_affecting""]",requires_visual_or_control_conditioning,prompt_compression,"Protect hard locks, causal edges, identities, start/end states, and visibility bridges before style adjectives."
B02,failure://object permanence and state/spontaneous_object_duplication/b02,Spontaneous object duplication,Object permanence and state,"[""contract_affecting"",""implementation_affecting"",""verification_affecting""]",requires_visual_or_control_conditioning,loss_report,"Report every unsupported, evaluation-only, compressed, or omitted control."
B02,failure://object permanence and state/spontaneous_object_duplication/b02,Spontaneous object duplication,Object permanence and state,"[""contract_affecting"",""implementation_affecting"",""verification_affecting""]",requires_visual_or_control_conditioning,verification_plan,"[""metric_object_count_persistence"",""metric_object_state_transition"",""metric_contact_distance""]"
B02,failure://object permanence and state/spontaneous_object_duplication/b02,Spontaneous object duplication,Object permanence and state,"[""contract_affecting"",""implementation_affecting"",""verification_affecting""]",requires_visual_or_control_conditioning,repair_planner,Repair only the smallest failing interval/shot while preserving passing control IDs.
B02,failure://object permanence and state/spontaneous_object_duplication/b02,Spontaneous object duplication,Object permanence and state,"[""contract_affecting"",""implementation_affecting"",""verification_affecting""]",requires_visual_or_control_conditioning,experiment_registry,Register matched ablations for B02 with raw artifacts and immutable manifests.
B03,failure://object permanence and state/prop_replacement/b03,Prop replacement,Object permanence and state,"[""contract_affecting"",""implementation_affecting"",""verification_affecting""]",requires_visual_or_control_conditioning,intent_normalization,Preserve the requested invariant and classify ambiguity before compilation.
B03,failure://object permanence and state/prop_replacement/b03,Prop replacement,Object permanence and state,"[""contract_affecting"",""implementation_affecting"",""verification_affecting""]",requires_visual_or_control_conditioning,profile_routing,Route to the Object permanence and state risk profile and provider capability filter.
B03,failure://object permanence and state/prop_replacement/b03,Prop replacement,Object permanence and state,"[""contract_affecting"",""implementation_affecting"",""verification_affecting""]",requires_visual_or_control_conditioning,canonical_score,"[""entities"",""assets"",""continuity.state_ledger"",""interactions"",""constraints.continuity_locks""]"
B03,failure://object permanence and state/prop_replacement/b03,Prop replacement,Object permanence and state,"[""contract_affecting"",""implementation_affecting"",""verification_affecting""]",requires_visual_or_control_conditioning,event_graph,"Add typed nodes/edges only when the failure involves event, causal, role, or transition semantics."
B03,failure://object permanence and state/prop_replacement/b03,Prop replacement,Object permanence and state,"[""contract_affecting"",""implementation_affecting"",""verification_affecting""]",requires_visual_or_control_conditioning,spatial_state,Carry declared coordinate frame and transition constraints when relevant.
B03,failure://object permanence and state/prop_replacement/b03,Prop replacement,Object permanence and state,"[""contract_affecting"",""implementation_affecting"",""verification_affecting""]",requires_visual_or_control_conditioning,identity_ledger,"Use stable entity IDs and signatures whenever actors, voices, products, or props can be rebound."
B03,failure://object permanence and state/prop_replacement/b03,Prop replacement,Object permanence and state,"[""contract_affecting"",""implementation_affecting"",""verification_affecting""]",requires_visual_or_control_conditioning,continuity_ledger,"Record precondition, allowed transition, postcondition, visibility interval, and forbidden changes."
B03,failure://object permanence and state/prop_replacement/b03,Prop replacement,Object permanence and state,"[""contract_affecting"",""implementation_affecting"",""verification_affecting""]",requires_visual_or_control_conditioning,provider_capability_profile,"Record whether the provider can carry text, reference, keyframe, control-media, seed, repair, and audio requirements without silent loss."
B03,failure://object permanence and state/prop_replacement/b03,Prop replacement,Object permanence and state,"[""contract_affecting"",""implementation_affecting"",""verification_affecting""]",requires_visual_or_control_conditioning,serialization_strategy,Emit one provider-native authority representation; do not duplicate semantic authorities.
B03,failure://object permanence and state/prop_replacement/b03,Prop replacement,Object permanence and state,"[""contract_affecting"",""implementation_affecting"",""verification_affecting""]",requires_visual_or_control_conditioning,prompt_compression,"Protect hard locks, causal edges, identities, start/end states, and visibility bridges before style adjectives."
B03,failure://object permanence and state/prop_replacement/b03,Prop replacement,Object permanence and state,"[""contract_affecting"",""implementation_affecting"",""verification_affecting""]",requires_visual_or_control_conditioning,loss_report,"Report every unsupported, evaluation-only, compressed, or omitted control."
B03,failure://object permanence and state/prop_replacement/b03,Prop replacement,Object permanence and state,"[""contract_affecting"",""implementation_affecting"",""verification_affecting""]",requires_visual_or_control_conditioning,verification_plan,"[""metric_identity_continuity"",""metric_object_state_transition"",""metric_human_readability""]"
B03,failure://object permanence and state/prop_replacement/b03,Prop replacement,Object permanence and state,"[""contract_affecting"",""implementation_affecting"",""verification_affecting""]",requires_visual_or_control_conditioning,repair_planner,Repair only the smallest failing interval/shot while preserving passing control IDs.
B03,failure://object permanence and state/prop_replacement/b03,Prop replacement,Object permanence and state,"[""contract_affecting"",""implementation_affecting"",""verification_affecting""]",requires_visual_or_control_conditioning,experiment_registry,Register matched ablations for B03 with raw artifacts and immutable manifests.
B04,failure://object permanence and state/unauthorized_object_state_reset/b04,Unauthorized object-state reset,Object permanence and state,"[""contract_affecting"",""implementation_affecting"",""verification_affecting""]",requires_visual_or_control_conditioning,intent_normalization,Preserve the requested invariant and classify ambiguity before compilation.
B04,failure://object permanence and state/unauthorized_object_state_reset/b04,Unauthorized object-state reset,Object permanence and state,"[""contract_affecting"",""implementation_affecting"",""verification_affecting""]",requires_visual_or_control_conditioning,profile_routing,Route to the Object permanence and state risk profile and provider capability filter.
B04,failure://object permanence and state/unauthorized_object_state_reset/b04,Unauthorized object-state reset,Object permanence and state,"[""contract_affecting"",""implementation_affecting"",""verification_affecting""]",requires_visual_or_control_conditioning,canonical_score,"[""continuity.state_ledger"",""editing"",""beats"",""actions"",""constraints.continuity_locks""]"
B04,failure://object permanence and state/unauthorized_object_state_reset/b04,Unauthorized object-state reset,Object permanence and state,"[""contract_affecting"",""implementation_affecting"",""verification_affecting""]",requires_visual_or_control_conditioning,event_graph,"Add typed nodes/edges only when the failure involves event, causal, role, or transition semantics."
B04,failure://object permanence and state/unauthorized_object_state_reset/b04,Unauthorized object-state reset,Object permanence and state,"[""contract_affecting"",""implementation_affecting"",""verification_affecting""]",requires_visual_or_control_conditioning,spatial_state,Carry declared coordinate frame and transition constraints when relevant.
B04,failure://object permanence and state/unauthorized_object_state_reset/b04,Unauthorized object-state reset,Object permanence and state,"[""contract_affecting"",""implementation_affecting"",""verification_affecting""]",requires_visual_or_control_conditioning,identity_ledger,"Use stable entity IDs and signatures whenever actors, voices, products, or props can be rebound."
B04,failure://object permanence and state/unauthorized_object_state_reset/b04,Unauthorized object-state reset,Object permanence and state,"[""contract_affecting"",""implementation_affecting"",""verification_affecting""]",requires_visual_or_control_conditioning,continuity_ledger,"Record precondition, allowed transition, postcondition, visibility interval, and forbidden changes."
B04,failure://object permanence and state/unauthorized_object_state_reset/b04,Unauthorized object-state reset,Object permanence and state,"[""contract_affecting"",""implementation_affecting"",""verification_affecting""]",requires_visual_or_control_conditioning,provider_capability_profile,"Record whether the provider can carry text, reference, keyframe, control-media, seed, repair, and audio requirements without silent loss."
B04,failure://object permanence and state/unauthorized_object_state_reset/b04,Unauthorized object-state reset,Object permanence and state,"[""contract_affecting"",""implementation_affecting"",""verification_affecting""]",requires_visual_or_control_conditioning,serialization_strategy,Emit one provider-native authority representation; do not duplicate semantic authorities.
B04,failure://object permanence and state/unauthorized_object_state_reset/b04,Unauthorized object-state reset,Object permanence and state,"[""contract_affecting"",""implementation_affecting"",""verification_affecting""]",requires_visual_or_control_conditioning,prompt_compression,"Protect hard locks, causal edges, identities, start/end states, and visibility bridges before style adjectives."
B04,failure://object permanence and state/unauthorized_object_state_reset/b04,Unauthorized object-state reset,Object permanence and state,"[""contract_affecting"",""implementation_affecting"",""verification_affecting""]",requires_visual_or_control_conditioning,loss_report,"Report every unsupported, evaluation-only, compressed, or omitted control."
B04,failure://object permanence and state/unauthorized_object_state_reset/b04,Unauthorized object-state reset,Object permanence and state,"[""contract_affecting"",""implementation_affecting"",""verification_affecting""]",requires_visual_or_control_conditioning,verification_plan,"[""metric_object_state_transition"",""metric_object_count_persistence"",""metric_event_graph_agreement""]"
B04,failure://object permanence and state/unauthorized_object_state_reset/b04,Unauthorized object-state reset,Object permanence and state,"[""contract_affecting"",""implementation_affecting"",""verification_affecting""]",requires_visual_or_control_conditioning,repair_planner,Repair only the smallest failing interval/shot while preserving passing control IDs.
B04,failure://object permanence and state/unauthorized_object_state_reset/b04,Unauthorized object-state reset,Object permanence and state,"[""contract_affecting"",""implementation_affecting"",""verification_affecting""]",requires_visual_or_control_conditioning,experiment_registry,Register matched ablations for B04 with raw artifacts and immutable manifests.
B05,failure://object permanence and state/dimension_color_or_material_drift/b05,"Dimension, color, or material drift",Object permanence and state,"[""contract_affecting"",""implementation_affecting"",""verification_affecting""]",requires_visual_or_control_conditioning,intent_normalization,Preserve the requested invariant and classify ambiguity before compilation.
B05,failure://object permanence and state/dimension_color_or_material_drift/b05,"Dimension, color, or material drift",Object permanence and state,"[""contract_affecting"",""implementation_affecting"",""verification_affecting""]",requires_visual_or_control_conditioning,profile_routing,Route to the Object permanence and state risk profile and provider capability filter.
B05,failure://object permanence and state/dimension_color_or_material_drift/b05,"Dimension, color, or material drift",Object permanence and state,"[""contract_affecting"",""implementation_affecting"",""verification_affecting""]",requires_visual_or_control_conditioning,canonical_score,"[""entities"",""assets"",""camera"",""continuity.state_ledger"",""style""]"
B05,failure://object permanence and state/dimension_color_or_material_drift/b05,"Dimension, color, or material drift",Object permanence and state,"[""contract_affecting"",""implementation_affecting"",""verification_affecting""]",requires_visual_or_control_conditioning,event_graph,"Add typed nodes/edges only when the failure involves event, causal, role, or transition semantics."
B05,failure://object permanence and state/dimension_color_or_material_drift/b05,"Dimension, color, or material drift",Object permanence and state,"[""contract_affecting"",""implementation_affecting"",""verification_affecting""]",requires_visual_or_control_conditioning,spatial_state,Carry declared coordinate frame and transition constraints when relevant.
B05,failure://object permanence and state/dimension_color_or_material_drift/b05,"Dimension, color, or material drift",Object permanence and state,"[""contract_affecting"",""implementation_affecting"",""verification_affecting""]",requires_visual_or_control_conditioning,identity_ledger,"Use stable entity IDs and signatures whenever actors, voices, products, or props can be rebound."
B05,failure://object permanence and state/dimension_color_or_material_drift/b05,"Dimension, color, or material drift",Object permanence and state,"[""contract_affecting"",""implementation_affecting"",""verification_affecting""]",requires_visual_or_control_conditioning,continuity_ledger,"Record precondition, allowed transition, postcondition, visibility interval, and forbidden changes."
B05,failure://object permanence and state/dimension_color_or_material_drift/b05,"Dimension, color, or material drift",Object permanence and state,"[""contract_affecting"",""implementation_affecting"",""verification_affecting""]",requires_visual_or_control_conditioning,provider_capability_profile,"Record whether the provider can carry text, reference, keyframe, control-media, seed, repair, and audio requirements without silent loss."
B05,failure://object permanence and state/dimension_color_or_material_drift/b05,"Dimension, color, or material drift",Object permanence and state,"[""contract_affecting"",""implementation_affecting"",""verification_affecting""]",requires_visual_or_control_conditioning,serialization_strategy,Emit one provider-native authority representation; do not duplicate semantic authorities.
B05,failure://object permanence and state/dimension_color_or_material_drift/b05,"Dimension, color, or material drift",Object permanence and state,"[""contract_affecting"",""implementation_affecting"",""verification_affecting""]",requires_visual_or_control_conditioning,prompt_compression,"Protect hard locks, causal edges, identities, start/end states, and visibility bridges before style adjectives."
B05,failure://object permanence and state/dimension_color_or_material_drift/b05,"Dimension, color, or material drift",Object permanence and state,"[""contract_affecting"",""implementation_affecting"",""verification_affecting""]",requires_visual_or_control_conditioning,loss_report,"Report every unsupported, evaluation-only, compressed, or omitted control."
B05,failure://object permanence and state/dimension_color_or_material_drift/b05,"Dimension, color, or material drift",Object permanence and state,"[""contract_affecting"",""implementation_affecting"",""verification_affecting""]",requires_visual_or_control_conditioning,verification_plan,"[""metric_identity_continuity"",""metric_material_state_consistency"",""metric_camera_motion_agreement""]"
B05,failure://object permanence and state/dimension_color_or_material_drift/b05,"Dimension, color, or material drift",Object permanence and state,"[""contract_affecting"",""implementation_affecting"",""verification_affecting""]",requires_visual_or_control_conditioning,repair_planner,Repair only the smallest failing interval/shot while preserving passing control IDs.
B05,failure://object permanence and state/dimension_color_or_material_drift/b05,"Dimension, color, or material drift",Object permanence and state,"[""contract_affecting"",""implementation_affecting"",""verification_affecting""]",requires_visual_or_control_conditioning,experiment_registry,Register matched ablations for B05 with raw artifacts and immutable manifests.
B06,failure://object permanence and state/hand_object_detachment/b06,Hand–object detachment,Object permanence and state,"[""contract_affecting"",""implementation_affecting"",""verification_affecting""]",requires_visual_or_control_conditioning,intent_normalization,Preserve the requested invariant and classify ambiguity before compilation.
B06,failure://object permanence and state/hand_object_detachment/b06,Hand–object detachment,Object permanence and state,"[""contract_affecting"",""implementation_affecting"",""verification_affecting""]",requires_visual_or_control_conditioning,profile_routing,Route to the Object permanence and state risk profile and provider capability filter.
B06,failure://object permanence and state/hand_object_detachment/b06,Hand–object detachment,Object permanence and state,"[""contract_affecting"",""implementation_affecting"",""verification_affecting""]",requires_visual_or_control_conditioning,canonical_score,"[""interactions"",""entities"",""motion"",""continuity.state_ledger"",""verification_requirements""]"
B06,failure://object permanence and state/hand_object_detachment/b06,Hand–object detachment,Object permanence and state,"[""contract_affecting"",""implementation_affecting"",""verification_affecting""]",requires_visual_or_control_conditioning,event_graph,"Add typed nodes/edges only when the failure involves event, causal, role, or transition semantics."
B06,failure://object permanence and state/hand_object_detachment/b06,Hand–object detachment,Object permanence and state,"[""contract_affecting"",""implementation_affecting"",""verification_affecting""]",requires_visual_or_control_conditioning,spatial_state,Carry declared coordinate frame and transition constraints when relevant.
B06,failure://object permanence and state/hand_object_detachment/b06,Hand–object detachment,Object permanence and state,"[""contract_affecting"",""implementation_affecting"",""verification_affecting""]",requires_visual_or_control_conditioning,identity_ledger,"Use stable entity IDs and signatures whenever actors, voices, products, or props can be rebound."
B06,failure://object permanence and state/hand_object_detachment/b06,Hand–object detachment,Object permanence and state,"[""contract_affecting"",""implementation_affecting"",""verification_affecting""]",requires_visual_or_control_conditioning,continuity_ledger,"Record precondition, allowed transition, postcondition, visibility interval, and forbidden changes."
B06,failure://object permanence and state/hand_object_detachment/b06,Hand–object detachment,Object permanence and state,"[""contract_affecting"",""implementation_affecting"",""verification_affecting""]",requires_visual_or_control_conditioning,provider_capability_profile,"Record whether the provider can carry text, reference, keyframe, control-media, seed, repair, and audio requirements without silent loss."
B06,failure://object permanence and state/hand_object_detachment/b06,Hand–object detachment,Object permanence and state,"[""contract_affecting"",""implementation_affecting"",""verification_affecting""]",requires_visual_or_control_conditioning,serialization_strategy,Emit one provider-native authority representation; do not duplicate semantic authorities.
B06,failure://object permanence and state/hand_object_detachment/b06,Hand–object detachment,Object permanence and state,"[""contract_affecting"",""implementation_affecting"",""verification_affecting""]",requires_visual_or_control_conditioning,prompt_compression,"Protect hard locks, causal edges, identities, start/end states, and visibility bridges before style adjectives."
B06,failure://object permanence and state/hand_object_detachment/b06,Hand–object detachment,Object permanence and state,"[""contract_affecting"",""implementation_affecting"",""verification_affecting""]",requires_visual_or_control_conditioning,loss_report,"Report every unsupported, evaluation-only, compressed, or omitted control."
B06,failure://object permanence and state/hand_object_detachment/b06,Hand–object detachment,Object permanence and state,"[""contract_affecting"",""implementation_affecting"",""verification_affecting""]",requires_visual_or_control_conditioning,verification_plan,"[""metric_contact_distance"",""metric_object_state_transition"",""metric_penetration_duration"",""metric_event_graph_agreement""]"
B06,failure://object permanence and state/hand_object_detachment/b06,Hand–object detachment,Object permanence and state,"[""contract_affecting"",""implementation_affecting"",""verification_affecting""]",requires_visual_or_control_conditioning,repair_planner,Repair only the smallest failing interval/shot while preserving passing control IDs.
B06,failure://object permanence and state/hand_object_detachment/b06,Hand–object detachment,Object permanence and state,"[""contract_affecting"",""implementation_affecting"",""verification_affecting""]",requires_visual_or_control_conditioning,experiment_registry,Register matched ablations for B06 with raw artifacts and immutable manifests.
B07,failure://object permanence and state/reflection_becomes_a_physical_duplicate/b07,Reflection becomes a physical duplicate,Object permanence and state,"[""contract_affecting"",""implementation_affecting"",""verification_affecting""]",requires_visual_or_control_conditioning,intent_normalization,Preserve the requested invariant and classify ambiguity before compilation.
B07,failure://object permanence and state/reflection_becomes_a_physical_duplicate/b07,Reflection becomes a physical duplicate,Object permanence and state,"[""contract_affecting"",""implementation_affecting"",""verification_affecting""]",requires_visual_or_control_conditioning,profile_routing,Route to the Object permanence and state risk profile and provider capability filter.
B07,failure://object permanence and state/reflection_becomes_a_physical_duplicate/b07,Reflection becomes a physical duplicate,Object permanence and state,"[""contract_affecting"",""implementation_affecting"",""verification_affecting""]",requires_visual_or_control_conditioning,canonical_score,"[""entities"",""scenes"",""continuity.state_ledger"",""constraints.continuity_locks"",""verification_requirements""]"
B07,failure://object permanence and state/reflection_becomes_a_physical_duplicate/b07,Reflection becomes a physical duplicate,Object permanence and state,"[""contract_affecting"",""implementation_affecting"",""verification_affecting""]",requires_visual_or_control_conditioning,event_graph,"Add typed nodes/edges only when the failure involves event, causal, role, or transition semantics."
B07,failure://object permanence and state/reflection_becomes_a_physical_duplicate/b07,Reflection becomes a physical duplicate,Object permanence and state,"[""contract_affecting"",""implementation_affecting"",""verification_affecting""]",requires_visual_or_control_conditioning,spatial_state,Carry declared coordinate frame and transition constraints when relevant.
B07,failure://object permanence and state/reflection_becomes_a_physical_duplicate/b07,Reflection becomes a physical duplicate,Object permanence and state,"[""contract_affecting"",""implementation_affecting"",""verification_affecting""]",requires_visual_or_control_conditioning,identity_ledger,"Use stable entity IDs and signatures whenever actors, voices, products, or props can be rebound."
B07,failure://object permanence and state/reflection_becomes_a_physical_duplicate/b07,Reflection becomes a physical duplicate,Object permanence and state,"[""contract_affecting"",""implementation_affecting"",""verification_affecting""]",requires_visual_or_control_conditioning,continuity_ledger,"Record precondition, allowed transition, postcondition, visibility interval, and forbidden changes."
B07,failure://object permanence and state/reflection_becomes_a_physical_duplicate/b07,Reflection becomes a physical duplicate,Object permanence and state,"[""contract_affecting"",""implementation_affecting"",""verification_affecting""]",requires_visual_or_control_conditioning,provider_capability_profile,"Record whether the provider can carry text, reference, keyframe, control-media, seed, repair, and audio requirements without silent loss."
B07,failure://object permanence and state/reflection_becomes_a_physical_duplicate/b07,Reflection becomes a physical duplicate,Object permanence and state,"[""contract_affecting"",""implementation_affecting"",""verification_affecting""]",requires_visual_or_control_conditioning,serialization_strategy,Emit one provider-native authority representation; do not duplicate semantic authorities.
B07,failure://object permanence and state/reflection_becomes_a_physical_duplicate/b07,Reflection becomes a physical duplicate,Object permanence and state,"[""contract_affecting"",""implementation_affecting"",""verification_affecting""]",requires_visual_or_control_conditioning,prompt_compression,"Protect hard locks, causal edges, identities, start/end states, and visibility bridges before style adjectives."
B07,failure://object permanence and state/reflection_becomes_a_physical_duplicate/b07,Reflection becomes a physical duplicate,Object permanence and state,"[""contract_affecting"",""implementation_affecting"",""verification_affecting""]",requires_visual_or_control_conditioning,loss_report,"Report every unsupported, evaluation-only, compressed, or omitted control."
B07,failure://object permanence and state/reflection_becomes_a_physical_duplicate/b07,Reflection becomes a physical duplicate,Object permanence and state,"[""contract_affecting"",""implementation_affecting"",""verification_affecting""]",requires_visual_or_control_conditioning,verification_plan,"[""metric_actor_count_consistency"",""metric_object_count_persistence"",""metric_evaluator_disagreement""]"
B07,failure://object permanence and state/reflection_becomes_a_physical_duplicate/b07,Reflection becomes a physical duplicate,Object permanence and state,"[""contract_affecting"",""implementation_affecting"",""verification_affecting""]",requires_visual_or_control_conditioning,repair_planner,Repair only the smallest failing interval/shot while preserving passing control IDs.
B07,failure://object permanence and state/reflection_becomes_a_physical_duplicate/b07,Reflection becomes a physical duplicate,Object permanence and state,"[""contract_affecting"",""implementation_affecting"",""verification_affecting""]",requires_visual_or_control_conditioning,experiment_registry,Register matched ablations for B07 with raw artifacts and immutable manifests.
C01,failure://identity and role/face_body_hair_or_costume_drift/c01,"Face, body, hair, or costume drift",Identity and role,"[""contract_affecting"",""implementation_affecting"",""verification_affecting""]",requires_visual_or_control_conditioning,intent_normalization,Preserve the requested invariant and classify ambiguity before compilation.
C01,failure://identity and role/face_body_hair_or_costume_drift/c01,"Face, body, hair, or costume drift",Identity and role,"[""contract_affecting"",""implementation_affecting"",""verification_affecting""]",requires_visual_or_control_conditioning,profile_routing,Route to the Identity and role risk profile and provider capability filter.
C01,failure://identity and role/face_body_hair_or_costume_drift/c01,"Face, body, hair, or costume drift",Identity and role,"[""contract_affecting"",""implementation_affecting"",""verification_affecting""]",requires_visual_or_control_conditioning,canonical_score,"[""entities"",""assets"",""continuity.state_ledger"",""style"",""constraints.continuity_locks""]"
C01,failure://identity and role/face_body_hair_or_costume_drift/c01,"Face, body, hair, or costume drift",Identity and role,"[""contract_affecting"",""implementation_affecting"",""verification_affecting""]",requires_visual_or_control_conditioning,event_graph,"Add typed nodes/edges only when the failure involves event, causal, role, or transition semantics."
C01,failure://identity and role/face_body_hair_or_costume_drift/c01,"Face, body, hair, or costume drift",Identity and role,"[""contract_affecting"",""implementation_affecting"",""verification_affecting""]",requires_visual_or_control_conditioning,spatial_state,Carry declared coordinate frame and transition constraints when relevant.
C01,failure://identity and role/face_body_hair_or_costume_drift/c01,"Face, body, hair, or costume drift",Identity and role,"[""contract_affecting"",""implementation_affecting"",""verification_affecting""]",requires_visual_or_control_conditioning,identity_ledger,"Use stable entity IDs and signatures whenever actors, voices, products, or props can be rebound."
C01,failure://identity and role/face_body_hair_or_costume_drift/c01,"Face, body, hair, or costume drift",Identity and role,"[""contract_affecting"",""implementation_affecting"",""verification_affecting""]",requires_visual_or_control_conditioning,continuity_ledger,"Record precondition, allowed transition, postcondition, visibility interval, and forbidden changes."
C01,failure://identity and role/face_body_hair_or_costume_drift/c01,"Face, body, hair, or costume drift",Identity and role,"[""contract_affecting"",""implementation_affecting"",""verification_affecting""]",requires_visual_or_control_conditioning,provider_capability_profile,"Record whether the provider can carry text, reference, keyframe, control-media, seed, repair, and audio requirements without silent loss."
C01,failure://identity and role/face_body_hair_or_costume_drift/c01,"Face, body, hair, or costume drift",Identity and role,"[""contract_affecting"",""implementation_affecting"",""verification_affecting""]",requires_visual_or_control_conditioning,serialization_strategy,Emit one provider-native authority representation; do not duplicate semantic authorities.
C01,failure://identity and role/face_body_hair_or_costume_drift/c01,"Face, body, hair, or costume drift",Identity and role,"[""contract_affecting"",""implementation_affecting"",""verification_affecting""]",requires_visual_or_control_conditioning,prompt_compression,"Protect hard locks, causal edges, identities, start/end states, and visibility bridges before style adjectives."
C01,failure://identity and role/face_body_hair_or_costume_drift/c01,"Face, body, hair, or costume drift",Identity and role,"[""contract_affecting"",""implementation_affecting"",""verification_affecting""]",requires_visual_or_control_conditioning,loss_report,"Report every unsupported, evaluation-only, compressed, or omitted control."
C01,failure://identity and role/face_body_hair_or_costume_drift/c01,"Face, body, hair, or costume drift",Identity and role,"[""contract_affecting"",""implementation_affecting"",""verification_affecting""]",requires_visual_or_control_conditioning,verification_plan,"[""metric_identity_continuity"",""metric_actor_count_consistency"",""metric_human_readability""]"
C01,failure://identity and role/face_body_hair_or_costume_drift/c01,"Face, body, hair, or costume drift",Identity and role,"[""contract_affecting"",""implementation_affecting"",""verification_affecting""]",requires_visual_or_control_conditioning,repair_planner,Repair only the smallest failing interval/shot while preserving passing control IDs.
C01,failure://identity and role/face_body_hair_or_costume_drift/c01,"Face, body, hair, or costume drift",Identity and role,"[""contract_affecting"",""implementation_affecting"",""verification_affecting""]",requires_visual_or_control_conditioning,experiment_registry,Register matched ablations for C01 with raw artifacts and immutable manifests.
C02,failure://identity and role/actor_fusion_during_interaction/c02,Actor fusion during interaction,Identity and role,"[""contract_affecting"",""implementation_affecting"",""verification_affecting""]",requires_visual_or_control_conditioning,intent_normalization,Preserve the requested invariant and classify ambiguity before compilation.
C02,failure://identity and role/actor_fusion_during_interaction/c02,Actor fusion during interaction,Identity and role,"[""contract_affecting"",""implementation_affecting"",""verification_affecting""]",requires_visual_or_control_conditioning,profile_routing,Route to the Identity and role risk profile and provider capability filter.
C02,failure://identity and role/actor_fusion_during_interaction/c02,Actor fusion during interaction,Identity and role,"[""contract_affecting"",""implementation_affecting"",""verification_affecting""]",requires_visual_or_control_conditioning,canonical_score,"[""entities"",""interactions"",""motion"",""continuity.state_ledger"",""constraints.continuity_locks""]"
C02,failure://identity and role/actor_fusion_during_interaction/c02,Actor fusion during interaction,Identity and role,"[""contract_affecting"",""implementation_affecting"",""verification_affecting""]",requires_visual_or_control_conditioning,event_graph,"Add typed nodes/edges only when the failure involves event, causal, role, or transition semantics."
C02,failure://identity and role/actor_fusion_during_interaction/c02,Actor fusion during interaction,Identity and role,"[""contract_affecting"",""implementation_affecting"",""verification_affecting""]",requires_visual_or_control_conditioning,spatial_state,Carry declared coordinate frame and transition constraints when relevant.
C02,failure://identity and role/actor_fusion_during_interaction/c02,Actor fusion during interaction,Identity and role,"[""contract_affecting"",""implementation_affecting"",""verification_affecting""]",requires_visual_or_control_conditioning,identity_ledger,"Use stable entity IDs and signatures whenever actors, voices, products, or props can be rebound."
C02,failure://identity and role/actor_fusion_during_interaction/c02,Actor fusion during interaction,Identity and role,"[""contract_affecting"",""implementation_affecting"",""verification_affecting""]",requires_visual_or_control_conditioning,continuity_ledger,"Record precondition, allowed transition, postcondition, visibility interval, and forbidden changes."
C02,failure://identity and role/actor_fusion_during_interaction/c02,Actor fusion during interaction,Identity and role,"[""contract_affecting"",""implementation_affecting"",""verification_affecting""]",requires_visual_or_control_conditioning,provider_capability_profile,"Record whether the provider can carry text, reference, keyframe, control-media, seed, repair, and audio requirements without silent loss."
C02,failure://identity and role/actor_fusion_during_interaction/c02,Actor fusion during interaction,Identity and role,"[""contract_affecting"",""implementation_affecting"",""verification_affecting""]",requires_visual_or_control_conditioning,serialization_strategy,Emit one provider-native authority representation; do not duplicate semantic authorities.
C02,failure://identity and role/actor_fusion_during_interaction/c02,Actor fusion during interaction,Identity and role,"[""contract_affecting"",""implementation_affecting"",""verification_affecting""]",requires_visual_or_control_conditioning,prompt_compression,"Protect hard locks, causal edges, identities, start/end states, and visibility bridges before style adjectives."
C02,failure://identity and role/actor_fusion_during_interaction/c02,Actor fusion during interaction,Identity and role,"[""contract_affecting"",""implementation_affecting"",""verification_affecting""]",requires_visual_or_control_conditioning,loss_report,"Report every unsupported, evaluation-only, compressed, or omitted control."
C02,failure://identity and role/actor_fusion_during_interaction/c02,Actor fusion during interaction,Identity and role,"[""contract_affecting"",""implementation_affecting"",""verification_affecting""]",requires_visual_or_control_conditioning,verification_plan,"[""metric_actor_count_consistency"",""metric_identity_continuity"",""metric_penetration_duration"",""metric_contact_distance""]"
C02,failure://identity and role/actor_fusion_during_interaction/c02,Actor fusion during interaction,Identity and role,"[""contract_affecting"",""implementation_affecting"",""verification_affecting""]",requires_visual_or_control_conditioning,repair_planner,Repair only the smallest failing interval/shot while preserving passing control IDs.
C02,failure://identity and role/actor_fusion_during_interaction/c02,Actor fusion during interaction,Identity and role,"[""contract_affecting"",""implementation_affecting"",""verification_affecting""]",requires_visual_or_control_conditioning,experiment_registry,Register matched ablations for C02 with raw artifacts and immutable manifests.
C03,failure://identity and role/actor_duplication_outside_occlusion/c03,Actor duplication outside occlusion,Identity and role,"[""contract_affecting"",""implementation_affecting"",""verification_affecting""]",requires_visual_or_control_conditioning,intent_normalization,Preserve the requested invariant and classify ambiguity before compilation.
C03,failure://identity and role/actor_duplication_outside_occlusion/c03,Actor duplication outside occlusion,Identity and role,"[""contract_affecting"",""implementation_affecting"",""verification_affecting""]",requires_visual_or_control_conditioning,profile_routing,Route to the Identity and role risk profile and provider capability filter.
C03,failure://identity and role/actor_duplication_outside_occlusion/c03,Actor duplication outside occlusion,Identity and role,"[""contract_affecting"",""implementation_affecting"",""verification_affecting""]",requires_visual_or_control_conditioning,canonical_score,"[""entities"",""editing"",""style"",""continuity.state_ledger"",""constraints.continuity_locks""]"
C03,failure://identity and role/actor_duplication_outside_occlusion/c03,Actor duplication outside occlusion,Identity and role,"[""contract_affecting"",""implementation_affecting"",""verification_affecting""]",requires_visual_or_control_conditioning,event_graph,"Add typed nodes/edges only when the failure involves event, causal, role, or transition semantics."
C03,failure://identity and role/actor_duplication_outside_occlusion/c03,Actor duplication outside occlusion,Identity and role,"[""contract_affecting"",""implementation_affecting"",""verification_affecting""]",requires_visual_or_control_conditioning,spatial_state,Carry declared coordinate frame and transition constraints when relevant.
C03,failure://identity and role/actor_duplication_outside_occlusion/c03,Actor duplication outside occlusion,Identity and role,"[""contract_affecting"",""implementation_affecting"",""verification_affecting""]",requires_visual_or_control_conditioning,identity_ledger,"Use stable entity IDs and signatures whenever actors, voices, products, or props can be rebound."
C03,failure://identity and role/actor_duplication_outside_occlusion/c03,Actor duplication outside occlusion,Identity and role,"[""contract_affecting"",""implementation_affecting"",""verification_affecting""]",requires_visual_or_control_conditioning,continuity_ledger,"Record precondition, allowed transition, postcondition, visibility interval, and forbidden changes."
C03,failure://identity and role/actor_duplication_outside_occlusion/c03,Actor duplication outside occlusion,Identity and role,"[""contract_affecting"",""implementation_affecting"",""verification_affecting""]",requires_visual_or_control_conditioning,provider_capability_profile,"Record whether the provider can carry text, reference, keyframe, control-media, seed, repair, and audio requirements without silent loss."
C03,failure://identity and role/actor_duplication_outside_occlusion/c03,Actor duplication outside occlusion,Identity and role,"[""contract_affecting"",""implementation_affecting"",""verification_affecting""]",requires_visual_or_control_conditioning,serialization_strategy,Emit one provider-native authority representation; do not duplicate semantic authorities.
C03,failure://identity and role/actor_duplication_outside_occlusion/c03,Actor duplication outside occlusion,Identity and role,"[""contract_affecting"",""implementation_affecting"",""verification_affecting""]",requires_visual_or_control_conditioning,prompt_compression,"Protect hard locks, causal edges, identities, start/end states, and visibility bridges before style adjectives."
C03,failure://identity and role/actor_duplication_outside_occlusion/c03,Actor duplication outside occlusion,Identity and role,"[""contract_affecting"",""implementation_affecting"",""verification_affecting""]",requires_visual_or_control_conditioning,loss_report,"Report every unsupported, evaluation-only, compressed, or omitted control."
C03,failure://identity and role/actor_duplication_outside_occlusion/c03,Actor duplication outside occlusion,Identity and role,"[""contract_affecting"",""implementation_affecting"",""verification_affecting""]",requires_visual_or_control_conditioning,verification_plan,"[""metric_actor_count_consistency"",""metric_edit_graphic_classification"",""metric_anatomy_recovery_latency""]"
C03,failure://identity and role/actor_duplication_outside_occlusion/c03,Actor duplication outside occlusion,Identity and role,"[""contract_affecting"",""implementation_affecting"",""verification_affecting""]",requires_visual_or_control_conditioning,repair_planner,Repair only the smallest failing interval/shot while preserving passing control IDs.
C03,failure://identity and role/actor_duplication_outside_occlusion/c03,Actor duplication outside occlusion,Identity and role,"[""contract_affecting"",""implementation_affecting"",""verification_affecting""]",requires_visual_or_control_conditioning,experiment_registry,Register matched ablations for C03 with raw artifacts and immutable manifests.
C04,failure://identity and role/initiator_target_or_attacker_defender_role_swap/c04,Initiator/target or attacker/defender role swap,Identity and role,"[""contract_affecting"",""implementation_affecting"",""verification_affecting""]",partially_mitigated_by_prompting,intent_normalization,Preserve the requested invariant and classify ambiguity before compilation.
C04,failure://identity and role/initiator_target_or_attacker_defender_role_swap/c04,Initiator/target or attacker/defender role swap,Identity and role,"[""contract_affecting"",""implementation_affecting"",""verification_affecting""]",partially_mitigated_by_prompting,profile_routing,Route to the Identity and role risk profile and provider capability filter.
C04,failure://identity and role/initiator_target_or_attacker_defender_role_swap/c04,Initiator/target or attacker/defender role swap,Identity and role,"[""contract_affecting"",""implementation_affecting"",""verification_affecting""]",partially_mitigated_by_prompting,canonical_score,"[""entities"",""actions"",""interactions"",""beats"",""constraints.continuity_locks""]"
C04,failure://identity and role/initiator_target_or_attacker_defender_role_swap/c04,Initiator/target or attacker/defender role swap,Identity and role,"[""contract_affecting"",""implementation_affecting"",""verification_affecting""]",partially_mitigated_by_prompting,event_graph,"Add typed nodes/edges only when the failure involves event, causal, role, or transition semantics."
C04,failure://identity and role/initiator_target_or_attacker_defender_role_swap/c04,Initiator/target or attacker/defender role swap,Identity and role,"[""contract_affecting"",""implementation_affecting"",""verification_affecting""]",partially_mitigated_by_prompting,spatial_state,Carry declared coordinate frame and transition constraints when relevant.
C04,failure://identity and role/initiator_target_or_attacker_defender_role_swap/c04,Initiator/target or attacker/defender role swap,Identity and role,"[""contract_affecting"",""implementation_affecting"",""verification_affecting""]",partially_mitigated_by_prompting,identity_ledger,"Use stable entity IDs and signatures whenever actors, voices, products, or props can be rebound."
C04,failure://identity and role/initiator_target_or_attacker_defender_role_swap/c04,Initiator/target or attacker/defender role swap,Identity and role,"[""contract_affecting"",""implementation_affecting"",""verification_affecting""]",partially_mitigated_by_prompting,continuity_ledger,"Record precondition, allowed transition, postcondition, visibility interval, and forbidden changes."
C04,failure://identity and role/initiator_target_or_attacker_defender_role_swap/c04,Initiator/target or attacker/defender role swap,Identity and role,"[""contract_affecting"",""implementation_affecting"",""verification_affecting""]",partially_mitigated_by_prompting,provider_capability_profile,"Record whether the provider can carry text, reference, keyframe, control-media, seed, repair, and audio requirements without silent loss."
C04,failure://identity and role/initiator_target_or_attacker_defender_role_swap/c04,Initiator/target or attacker/defender role swap,Identity and role,"[""contract_affecting"",""implementation_affecting"",""verification_affecting""]",partially_mitigated_by_prompting,serialization_strategy,Emit one provider-native authority representation; do not duplicate semantic authorities.
C04,failure://identity and role/initiator_target_or_attacker_defender_role_swap/c04,Initiator/target or attacker/defender role swap,Identity and role,"[""contract_affecting"",""implementation_affecting"",""verification_affecting""]",partially_mitigated_by_prompting,prompt_compression,"Protect hard locks, causal edges, identities, start/end states, and visibility bridges before style adjectives."
C04,failure://identity and role/initiator_target_or_attacker_defender_role_swap/c04,Initiator/target or attacker/defender role swap,Identity and role,"[""contract_affecting"",""implementation_affecting"",""verification_affecting""]",partially_mitigated_by_prompting,loss_report,"Report every unsupported, evaluation-only, compressed, or omitted control."
C04,failure://identity and role/initiator_target_or_attacker_defender_role_swap/c04,Initiator/target or attacker/defender role swap,Identity and role,"[""contract_affecting"",""implementation_affecting"",""verification_affecting""]",partially_mitigated_by_prompting,verification_plan,"[""metric_role_assignment_accuracy"",""metric_event_graph_agreement"",""metric_causal_edge_accuracy"",""metric_identity_continuity""]"
C04,failure://identity and role/initiator_target_or_attacker_defender_role_swap/c04,Initiator/target or attacker/defender role swap,Identity and role,"[""contract_affecting"",""implementation_affecting"",""verification_affecting""]",partially_mitigated_by_prompting,repair_planner,Repair only the smallest failing interval/shot while preserving passing control IDs.
C04,failure://identity and role/initiator_target_or_attacker_defender_role_swap/c04,Initiator/target or attacker/defender role swap,Identity and role,"[""contract_affecting"",""implementation_affecting"",""verification_affecting""]",partially_mitigated_by_prompting,experiment_registry,Register matched ablations for C04 with raw artifacts and immutable manifests.
C05,failure://identity and role/target_assignment_confusion/c05,Target assignment confusion,Identity and role,"[""contract_affecting"",""implementation_affecting"",""verification_affecting""]",partially_mitigated_by_prompting,intent_normalization,Preserve the requested invariant and classify ambiguity before compilation.
C05,failure://identity and role/target_assignment_confusion/c05,Target assignment confusion,Identity and role,"[""contract_affecting"",""implementation_affecting"",""verification_affecting""]",partially_mitigated_by_prompting,profile_routing,Route to the Identity and role risk profile and provider capability filter.
C05,failure://identity and role/target_assignment_confusion/c05,Target assignment confusion,Identity and role,"[""contract_affecting"",""implementation_affecting"",""verification_affecting""]",partially_mitigated_by_prompting,canonical_score,"[""entities"",""actions"",""interactions"",""camera"",""audio""]"
C05,failure://identity and role/target_assignment_confusion/c05,Target assignment confusion,Identity and role,"[""contract_affecting"",""implementation_affecting"",""verification_affecting""]",partially_mitigated_by_prompting,event_graph,"Add typed nodes/edges only when the failure involves event, causal, role, or transition semantics."
C05,failure://identity and role/target_assignment_confusion/c05,Target assignment confusion,Identity and role,"[""contract_affecting"",""implementation_affecting"",""verification_affecting""]",partially_mitigated_by_prompting,spatial_state,Carry declared coordinate frame and transition constraints when relevant.
C05,failure://identity and role/target_assignment_confusion/c05,Target assignment confusion,Identity and role,"[""contract_affecting"",""implementation_affecting"",""verification_affecting""]",partially_mitigated_by_prompting,identity_ledger,"Use stable entity IDs and signatures whenever actors, voices, products, or props can be rebound."
C05,failure://identity and role/target_assignment_confusion/c05,Target assignment confusion,Identity and role,"[""contract_affecting"",""implementation_affecting"",""verification_affecting""]",partially_mitigated_by_prompting,continuity_ledger,"Record precondition, allowed transition, postcondition, visibility interval, and forbidden changes."
C05,failure://identity and role/target_assignment_confusion/c05,Target assignment confusion,Identity and role,"[""contract_affecting"",""implementation_affecting"",""verification_affecting""]",partially_mitigated_by_prompting,provider_capability_profile,"Record whether the provider can carry text, reference, keyframe, control-media, seed, repair, and audio requirements without silent loss."
C05,failure://identity and role/target_assignment_confusion/c05,Target assignment confusion,Identity and role,"[""contract_affecting"",""implementation_affecting"",""verification_affecting""]",partially_mitigated_by_prompting,serialization_strategy,Emit one provider-native authority representation; do not duplicate semantic authorities.
C05,failure://identity and role/target_assignment_confusion/c05,Target assignment confusion,Identity and role,"[""contract_affecting"",""implementation_affecting"",""verification_affecting""]",partially_mitigated_by_prompting,prompt_compression,"Protect hard locks, causal edges, identities, start/end states, and visibility bridges before style adjectives."
C05,failure://identity and role/target_assignment_confusion/c05,Target assignment confusion,Identity and role,"[""contract_affecting"",""implementation_affecting"",""verification_affecting""]",partially_mitigated_by_prompting,loss_report,"Report every unsupported, evaluation-only, compressed, or omitted control."
C05,failure://identity and role/target_assignment_confusion/c05,Target assignment confusion,Identity and role,"[""contract_affecting"",""implementation_affecting"",""verification_affecting""]",partially_mitigated_by_prompting,verification_plan,"[""metric_role_assignment_accuracy"",""metric_spatial_relation_accuracy"",""metric_effect_origin_error"",""metric_event_graph_agreement""]"
C05,failure://identity and role/target_assignment_confusion/c05,Target assignment confusion,Identity and role,"[""contract_affecting"",""implementation_affecting"",""verification_affecting""]",partially_mitigated_by_prompting,repair_planner,Repair only the smallest failing interval/shot while preserving passing control IDs.
C05,failure://identity and role/target_assignment_confusion/c05,Target assignment confusion,Identity and role,"[""contract_affecting"",""implementation_affecting"",""verification_affecting""]",partially_mitigated_by_prompting,experiment_registry,Register matched ablations for C05 with raw artifacts and immutable manifests.
C06,failure://identity and role/screen_side_actor_swap/c06,Screen-side actor swap,Identity and role,"[""contract_affecting"",""implementation_affecting"",""verification_affecting""]",requires_visual_or_control_conditioning,intent_normalization,Preserve the requested invariant and classify ambiguity before compilation.
C06,failure://identity and role/screen_side_actor_swap/c06,Screen-side actor swap,Identity and role,"[""contract_affecting"",""implementation_affecting"",""verification_affecting""]",requires_visual_or_control_conditioning,profile_routing,Route to the Identity and role risk profile and provider capability filter.
C06,failure://identity and role/screen_side_actor_swap/c06,Screen-side actor swap,Identity and role,"[""contract_affecting"",""implementation_affecting"",""verification_affecting""]",requires_visual_or_control_conditioning,canonical_score,"[""entities"",""shots"",""camera"",""continuity.state_ledger"",""constraints.continuity_locks""]"
C06,failure://identity and role/screen_side_actor_swap/c06,Screen-side actor swap,Identity and role,"[""contract_affecting"",""implementation_affecting"",""verification_affecting""]",requires_visual_or_control_conditioning,event_graph,"Add typed nodes/edges only when the failure involves event, causal, role, or transition semantics."
C06,failure://identity and role/screen_side_actor_swap/c06,Screen-side actor swap,Identity and role,"[""contract_affecting"",""implementation_affecting"",""verification_affecting""]",requires_visual_or_control_conditioning,spatial_state,Carry declared coordinate frame and transition constraints when relevant.
C06,failure://identity and role/screen_side_actor_swap/c06,Screen-side actor swap,Identity and role,"[""contract_affecting"",""implementation_affecting"",""verification_affecting""]",requires_visual_or_control_conditioning,identity_ledger,"Use stable entity IDs and signatures whenever actors, voices, products, or props can be rebound."
C06,failure://identity and role/screen_side_actor_swap/c06,Screen-side actor swap,Identity and role,"[""contract_affecting"",""implementation_affecting"",""verification_affecting""]",requires_visual_or_control_conditioning,continuity_ledger,"Record precondition, allowed transition, postcondition, visibility interval, and forbidden changes."
C06,failure://identity and role/screen_side_actor_swap/c06,Screen-side actor swap,Identity and role,"[""contract_affecting"",""implementation_affecting"",""verification_affecting""]",requires_visual_or_control_conditioning,provider_capability_profile,"Record whether the provider can carry text, reference, keyframe, control-media, seed, repair, and audio requirements without silent loss."
C06,failure://identity and role/screen_side_actor_swap/c06,Screen-side actor swap,Identity and role,"[""contract_affecting"",""implementation_affecting"",""verification_affecting""]",requires_visual_or_control_conditioning,serialization_strategy,Emit one provider-native authority representation; do not duplicate semantic authorities.
C06,failure://identity and role/screen_side_actor_swap/c06,Screen-side actor swap,Identity and role,"[""contract_affecting"",""implementation_affecting"",""verification_affecting""]",requires_visual_or_control_conditioning,prompt_compression,"Protect hard locks, causal edges, identities, start/end states, and visibility bridges before style adjectives."
C06,failure://identity and role/screen_side_actor_swap/c06,Screen-side actor swap,Identity and role,"[""contract_affecting"",""implementation_affecting"",""verification_affecting""]",requires_visual_or_control_conditioning,loss_report,"Report every unsupported, evaluation-only, compressed, or omitted control."
C06,failure://identity and role/screen_side_actor_swap/c06,Screen-side actor swap,Identity and role,"[""contract_affecting"",""implementation_affecting"",""verification_affecting""]",requires_visual_or_control_conditioning,verification_plan,"[""metric_identity_continuity"",""metric_screen_direction_consistency"",""metric_spatial_relation_accuracy"",""metric_axis_crossing_count""]"
C06,failure://identity and role/screen_side_actor_swap/c06,Screen-side actor swap,Identity and role,"[""contract_affecting"",""implementation_affecting"",""verification_affecting""]",requires_visual_or_control_conditioning,repair_planner,Repair only the smallest failing interval/shot while preserving passing control IDs.
C06,failure://identity and role/screen_side_actor_swap/c06,Screen-side actor swap,Identity and role,"[""contract_affecting"",""implementation_affecting"",""verification_affecting""]",requires_visual_or_control_conditioning,experiment_registry,Register matched ablations for C06 with raw artifacts and immutable manifests.
C07,failure://identity and role/voice_or_mannerism_identity_drift/c07,Voice or mannerism identity drift,Identity and role,"[""contract_affecting"",""implementation_affecting"",""verification_affecting""]",requires_visual_or_control_conditioning,intent_normalization,Preserve the requested invariant and classify ambiguity before compilation.
C07,failure://identity and role/voice_or_mannerism_identity_drift/c07,Voice or mannerism identity drift,Identity and role,"[""contract_affecting"",""implementation_affecting"",""verification_affecting""]",requires_visual_or_control_conditioning,profile_routing,Route to the Identity and role risk profile and provider capability filter.
C07,failure://identity and role/voice_or_mannerism_identity_drift/c07,Voice or mannerism identity drift,Identity and role,"[""contract_affecting"",""implementation_affecting"",""verification_affecting""]",requires_visual_or_control_conditioning,canonical_score,"[""entities"",""audio"",""performance"",""continuity.state_ledger"",""assets""]"
C07,failure://identity and role/voice_or_mannerism_identity_drift/c07,Voice or mannerism identity drift,Identity and role,"[""contract_affecting"",""implementation_affecting"",""verification_affecting""]",requires_visual_or_control_conditioning,event_graph,"Add typed nodes/edges only when the failure involves event, causal, role, or transition semantics."
C07,failure://identity and role/voice_or_mannerism_identity_drift/c07,Voice or mannerism identity drift,Identity and role,"[""contract_affecting"",""implementation_affecting"",""verification_affecting""]",requires_visual_or_control_conditioning,spatial_state,Carry declared coordinate frame and transition constraints when relevant.
C07,failure://identity and role/voice_or_mannerism_identity_drift/c07,Voice or mannerism identity drift,Identity and role,"[""contract_affecting"",""implementation_affecting"",""verification_affecting""]",requires_visual_or_control_conditioning,identity_ledger,"Use stable entity IDs and signatures whenever actors, voices, products, or props can be rebound."
C07,failure://identity and role/voice_or_mannerism_identity_drift/c07,Voice or mannerism identity drift,Identity and role,"[""contract_affecting"",""implementation_affecting"",""verification_affecting""]",requires_visual_or_control_conditioning,continuity_ledger,"Record precondition, allowed transition, postcondition, visibility interval, and forbidden changes."
C07,failure://identity and role/voice_or_mannerism_identity_drift/c07,Voice or mannerism identity drift,Identity and role,"[""contract_affecting"",""implementation_affecting"",""verification_affecting""]",requires_visual_or_control_conditioning,provider_capability_profile,"Record whether the provider can carry text, reference, keyframe, control-media, seed, repair, and audio requirements without silent loss."
C07,failure://identity and role/voice_or_mannerism_identity_drift/c07,Voice or mannerism identity drift,Identity and role,"[""contract_affecting"",""implementation_affecting"",""verification_affecting""]",requires_visual_or_control_conditioning,serialization_strategy,Emit one provider-native authority representation; do not duplicate semantic authorities.
C07,failure://identity and role/voice_or_mannerism_identity_drift/c07,Voice or mannerism identity drift,Identity and role,"[""contract_affecting"",""implementation_affecting"",""verification_affecting""]",requires_visual_or_control_conditioning,prompt_compression,"Protect hard locks, causal edges, identities, start/end states, and visibility bridges before style adjectives."
C07,failure://identity and role/voice_or_mannerism_identity_drift/c07,Voice or mannerism identity drift,Identity and role,"[""contract_affecting"",""implementation_affecting"",""verification_affecting""]",requires_visual_or_control_conditioning,loss_report,"Report every unsupported, evaluation-only, compressed, or omitted control."
C07,failure://identity and role/voice_or_mannerism_identity_drift/c07,Voice or mannerism identity drift,Identity and role,"[""contract_affecting"",""implementation_affecting"",""verification_affecting""]",requires_visual_or_control_conditioning,verification_plan,"[""metric_role_assignment_accuracy"",""metric_lip_sync_offset"",""metric_audio_event_alignment"",""metric_identity_continuity""]"
C07,failure://identity and role/voice_or_mannerism_identity_drift/c07,Voice or mannerism identity drift,Identity and role,"[""contract_affecting"",""implementation_affecting"",""verification_affecting""]",requires_visual_or_control_conditioning,repair_planner,Repair only the smallest failing interval/shot while preserving passing control IDs.
C07,failure://identity and role/voice_or_mannerism_identity_drift/c07,Voice or mannerism identity drift,Identity and role,"[""contract_affecting"",""implementation_affecting"",""verification_affecting""]",requires_visual_or_control_conditioning,experiment_registry,Register matched ablations for C07 with raw artifacts and immutable manifests.
D01,failure://spatial and screen geography/screen_world_actor_direction_confusion/d01,Screen/world/actor direction confusion,Spatial and screen geography,"[""contract_affecting"",""implementation_affecting"",""verification_affecting""]",preventable_by_prompting,intent_normalization,Preserve the requested invariant and classify ambiguity before compilation.
D01,failure://spatial and screen geography/screen_world_actor_direction_confusion/d01,Screen/world/actor direction confusion,Spatial and screen geography,"[""contract_affecting"",""implementation_affecting"",""verification_affecting""]",preventable_by_prompting,profile_routing,Route to the Spatial and screen geography risk profile and provider capability filter.
D01,failure://spatial and screen geography/screen_world_actor_direction_confusion/d01,Screen/world/actor direction confusion,Spatial and screen geography,"[""contract_affecting"",""implementation_affecting"",""verification_affecting""]",preventable_by_prompting,canonical_score,"[""shots"",""camera"",""actions"",""motion"",""constraints.continuity_locks""]"
D01,failure://spatial and screen geography/screen_world_actor_direction_confusion/d01,Screen/world/actor direction confusion,Spatial and screen geography,"[""contract_affecting"",""implementation_affecting"",""verification_affecting""]",preventable_by_prompting,event_graph,"Add typed nodes/edges only when the failure involves event, causal, role, or transition semantics."
D01,failure://spatial and screen geography/screen_world_actor_direction_confusion/d01,Screen/world/actor direction confusion,Spatial and screen geography,"[""contract_affecting"",""implementation_affecting"",""verification_affecting""]",preventable_by_prompting,spatial_state,Carry declared coordinate frame and transition constraints when relevant.
D01,failure://spatial and screen geography/screen_world_actor_direction_confusion/d01,Screen/world/actor direction confusion,Spatial and screen geography,"[""contract_affecting"",""implementation_affecting"",""verification_affecting""]",preventable_by_prompting,identity_ledger,"Use stable entity IDs and signatures whenever actors, voices, products, or props can be rebound."
D01,failure://spatial and screen geography/screen_world_actor_direction_confusion/d01,Screen/world/actor direction confusion,Spatial and screen geography,"[""contract_affecting"",""implementation_affecting"",""verification_affecting""]",preventable_by_prompting,continuity_ledger,"Record precondition, allowed transition, postcondition, visibility interval, and forbidden changes."
D01,failure://spatial and screen geography/screen_world_actor_direction_confusion/d01,Screen/world/actor direction confusion,Spatial and screen geography,"[""contract_affecting"",""implementation_affecting"",""verification_affecting""]",preventable_by_prompting,provider_capability_profile,"Record whether the provider can carry text, reference, keyframe, control-media, seed, repair, and audio requirements without silent loss."
D01,failure://spatial and screen geography/screen_world_actor_direction_confusion/d01,Screen/world/actor direction confusion,Spatial and screen geography,"[""contract_affecting"",""implementation_affecting"",""verification_affecting""]",preventable_by_prompting,serialization_strategy,Emit one provider-native authority representation; do not duplicate semantic authorities.
D01,failure://spatial and screen geography/screen_world_actor_direction_confusion/d01,Screen/world/actor direction confusion,Spatial and screen geography,"[""contract_affecting"",""implementation_affecting"",""verification_affecting""]",preventable_by_prompting,prompt_compression,"Protect hard locks, causal edges, identities, start/end states, and visibility bridges before style adjectives."
D01,failure://spatial and screen geography/screen_world_actor_direction_confusion/d01,Screen/world/actor direction confusion,Spatial and screen geography,"[""contract_affecting"",""implementation_affecting"",""verification_affecting""]",preventable_by_prompting,loss_report,"Report every unsupported, evaluation-only, compressed, or omitted control."
D01,failure://spatial and screen geography/screen_world_actor_direction_confusion/d01,Screen/world/actor direction confusion,Spatial and screen geography,"[""contract_affecting"",""implementation_affecting"",""verification_affecting""]",preventable_by_prompting,verification_plan,"[""metric_screen_direction_consistency"",""metric_spatial_relation_accuracy"",""metric_camera_motion_agreement""]"
D01,failure://spatial and screen geography/screen_world_actor_direction_confusion/d01,Screen/world/actor direction confusion,Spatial and screen geography,"[""contract_affecting"",""implementation_affecting"",""verification_affecting""]",preventable_by_prompting,repair_planner,Repair only the smallest failing interval/shot while preserving passing control IDs.
D01,failure://spatial and screen geography/screen_world_actor_direction_confusion/d01,Screen/world/actor direction confusion,Spatial and screen geography,"[""contract_affecting"",""implementation_affecting"",""verification_affecting""]",preventable_by_prompting,experiment_registry,Register matched ablations for D01 with raw artifacts and immutable manifests.
D02,failure://spatial and screen geography/depth_order_inversion/d02,Depth-order inversion,Spatial and screen geography,"[""contract_affecting"",""implementation_affecting"",""verification_affecting""]",requires_visual_or_control_conditioning,intent_normalization,Preserve the requested invariant and classify ambiguity before compilation.
D02,failure://spatial and screen geography/depth_order_inversion/d02,Depth-order inversion,Spatial and screen geography,"[""contract_affecting"",""implementation_affecting"",""verification_affecting""]",requires_visual_or_control_conditioning,profile_routing,Route to the Spatial and screen geography risk profile and provider capability filter.
D02,failure://spatial and screen geography/depth_order_inversion/d02,Depth-order inversion,Spatial and screen geography,"[""contract_affecting"",""implementation_affecting"",""verification_affecting""]",requires_visual_or_control_conditioning,canonical_score,"[""scenes"",""shots"",""camera"",""interactions"",""continuity.state_ledger""]"
D02,failure://spatial and screen geography/depth_order_inversion/d02,Depth-order inversion,Spatial and screen geography,"[""contract_affecting"",""implementation_affecting"",""verification_affecting""]",requires_visual_or_control_conditioning,event_graph,"Add typed nodes/edges only when the failure involves event, causal, role, or transition semantics."
D02,failure://spatial and screen geography/depth_order_inversion/d02,Depth-order inversion,Spatial and screen geography,"[""contract_affecting"",""implementation_affecting"",""verification_affecting""]",requires_visual_or_control_conditioning,spatial_state,Carry declared coordinate frame and transition constraints when relevant.
D02,failure://spatial and screen geography/depth_order_inversion/d02,Depth-order inversion,Spatial and screen geography,"[""contract_affecting"",""implementation_affecting"",""verification_affecting""]",requires_visual_or_control_conditioning,identity_ledger,"Use stable entity IDs and signatures whenever actors, voices, products, or props can be rebound."
D02,failure://spatial and screen geography/depth_order_inversion/d02,Depth-order inversion,Spatial and screen geography,"[""contract_affecting"",""implementation_affecting"",""verification_affecting""]",requires_visual_or_control_conditioning,continuity_ledger,"Record precondition, allowed transition, postcondition, visibility interval, and forbidden changes."
D02,failure://spatial and screen geography/depth_order_inversion/d02,Depth-order inversion,Spatial and screen geography,"[""contract_affecting"",""implementation_affecting"",""verification_affecting""]",requires_visual_or_control_conditioning,provider_capability_profile,"Record whether the provider can carry text, reference, keyframe, control-media, seed, repair, and audio requirements without silent loss."
D02,failure://spatial and screen geography/depth_order_inversion/d02,Depth-order inversion,Spatial and screen geography,"[""contract_affecting"",""implementation_affecting"",""verification_affecting""]",requires_visual_or_control_conditioning,serialization_strategy,Emit one provider-native authority representation; do not duplicate semantic authorities.
D02,failure://spatial and screen geography/depth_order_inversion/d02,Depth-order inversion,Spatial and screen geography,"[""contract_affecting"",""implementation_affecting"",""verification_affecting""]",requires_visual_or_control_conditioning,prompt_compression,"Protect hard locks, causal edges, identities, start/end states, and visibility bridges before style adjectives."
D02,failure://spatial and screen geography/depth_order_inversion/d02,Depth-order inversion,Spatial and screen geography,"[""contract_affecting"",""implementation_affecting"",""verification_affecting""]",requires_visual_or_control_conditioning,loss_report,"Report every unsupported, evaluation-only, compressed, or omitted control."
D02,failure://spatial and screen geography/depth_order_inversion/d02,Depth-order inversion,Spatial and screen geography,"[""contract_affecting"",""implementation_affecting"",""verification_affecting""]",requires_visual_or_control_conditioning,verification_plan,"[""metric_depth_order_accuracy"",""metric_spatial_relation_accuracy"",""metric_penetration_duration""]"
D02,failure://spatial and screen geography/depth_order_inversion/d02,Depth-order inversion,Spatial and screen geography,"[""contract_affecting"",""implementation_affecting"",""verification_affecting""]",requires_visual_or_control_conditioning,repair_planner,Repair only the smallest failing interval/shot while preserving passing control IDs.
D02,failure://spatial and screen geography/depth_order_inversion/d02,Depth-order inversion,Spatial and screen geography,"[""contract_affecting"",""implementation_affecting"",""verification_affecting""]",requires_visual_or_control_conditioning,experiment_registry,Register matched ablations for D02 with raw artifacts and immutable manifests.
D03,failure://spatial and screen geography/axis_reversal_after_cut_or_orbit/d03,Axis reversal after cut or orbit,Spatial and screen geography,"[""contract_affecting"",""implementation_affecting"",""verification_affecting""]",partially_mitigated_by_prompting,intent_normalization,Preserve the requested invariant and classify ambiguity before compilation.
D03,failure://spatial and screen geography/axis_reversal_after_cut_or_orbit/d03,Axis reversal after cut or orbit,Spatial and screen geography,"[""contract_affecting"",""implementation_affecting"",""verification_affecting""]",partially_mitigated_by_prompting,profile_routing,Route to the Spatial and screen geography risk profile and provider capability filter.
D03,failure://spatial and screen geography/axis_reversal_after_cut_or_orbit/d03,Axis reversal after cut or orbit,Spatial and screen geography,"[""contract_affecting"",""implementation_affecting"",""verification_affecting""]",partially_mitigated_by_prompting,canonical_score,"[""shots"",""camera"",""editing"",""continuity.state_ledger"",""constraints.continuity_locks""]"
D03,failure://spatial and screen geography/axis_reversal_after_cut_or_orbit/d03,Axis reversal after cut or orbit,Spatial and screen geography,"[""contract_affecting"",""implementation_affecting"",""verification_affecting""]",partially_mitigated_by_prompting,event_graph,"Add typed nodes/edges only when the failure involves event, causal, role, or transition semantics."
D03,failure://spatial and screen geography/axis_reversal_after_cut_or_orbit/d03,Axis reversal after cut or orbit,Spatial and screen geography,"[""contract_affecting"",""implementation_affecting"",""verification_affecting""]",partially_mitigated_by_prompting,spatial_state,Carry declared coordinate frame and transition constraints when relevant.
D03,failure://spatial and screen geography/axis_reversal_after_cut_or_orbit/d03,Axis reversal after cut or orbit,Spatial and screen geography,"[""contract_affecting"",""implementation_affecting"",""verification_affecting""]",partially_mitigated_by_prompting,identity_ledger,"Use stable entity IDs and signatures whenever actors, voices, products, or props can be rebound."
D03,failure://spatial and screen geography/axis_reversal_after_cut_or_orbit/d03,Axis reversal after cut or orbit,Spatial and screen geography,"[""contract_affecting"",""implementation_affecting"",""verification_affecting""]",partially_mitigated_by_prompting,continuity_ledger,"Record precondition, allowed transition, postcondition, visibility interval, and forbidden changes."
D03,failure://spatial and screen geography/axis_reversal_after_cut_or_orbit/d03,Axis reversal after cut or orbit,Spatial and screen geography,"[""contract_affecting"",""implementation_affecting"",""verification_affecting""]",partially_mitigated_by_prompting,provider_capability_profile,"Record whether the provider can carry text, reference, keyframe, control-media, seed, repair, and audio requirements without silent loss."
D03,failure://spatial and screen geography/axis_reversal_after_cut_or_orbit/d03,Axis reversal after cut or orbit,Spatial and screen geography,"[""contract_affecting"",""implementation_affecting"",""verification_affecting""]",partially_mitigated_by_prompting,serialization_strategy,Emit one provider-native authority representation; do not duplicate semantic authorities.
D03,failure://spatial and screen geography/axis_reversal_after_cut_or_orbit/d03,Axis reversal after cut or orbit,Spatial and screen geography,"[""contract_affecting"",""implementation_affecting"",""verification_affecting""]",partially_mitigated_by_prompting,prompt_compression,"Protect hard locks, causal edges, identities, start/end states, and visibility bridges before style adjectives."
D03,failure://spatial and screen geography/axis_reversal_after_cut_or_orbit/d03,Axis reversal after cut or orbit,Spatial and screen geography,"[""contract_affecting"",""implementation_affecting"",""verification_affecting""]",partially_mitigated_by_prompting,loss_report,"Report every unsupported, evaluation-only, compressed, or omitted control."
D03,failure://spatial and screen geography/axis_reversal_after_cut_or_orbit/d03,Axis reversal after cut or orbit,Spatial and screen geography,"[""contract_affecting"",""implementation_affecting"",""verification_affecting""]",partially_mitigated_by_prompting,verification_plan,"[""metric_axis_crossing_count"",""metric_screen_direction_consistency"",""metric_spatial_relation_accuracy"",""metric_edit_graphic_classification""]"
D03,failure://spatial and screen geography/axis_reversal_after_cut_or_orbit/d03,Axis reversal after cut or orbit,Spatial and screen geography,"[""contract_affecting"",""implementation_affecting"",""verification_affecting""]",partially_mitigated_by_prompting,repair_planner,Repair only the smallest failing interval/shot while preserving passing control IDs.
D03,failure://spatial and screen geography/axis_reversal_after_cut_or_orbit/d03,Axis reversal after cut or orbit,Spatial and screen geography,"[""contract_affecting"",""implementation_affecting"",""verification_affecting""]",partially_mitigated_by_prompting,experiment_registry,Register matched ablations for D03 with raw artifacts and immutable manifests.
D04,failure://spatial and screen geography/entrance_exit_and_off_screen_continuity_mismatch/d04,Entrance/exit and off-screen continuity mismatch,Spatial and screen geography,"[""contract_affecting"",""implementation_affecting"",""verification_affecting""]",requires_visual_or_control_conditioning,intent_normalization,Preserve the requested invariant and classify ambiguity before compilation.
D04,failure://spatial and screen geography/entrance_exit_and_off_screen_continuity_mismatch/d04,Entrance/exit and off-screen continuity mismatch,Spatial and screen geography,"[""contract_affecting"",""implementation_affecting"",""verification_affecting""]",requires_visual_or_control_conditioning,profile_routing,Route to the Spatial and screen geography risk profile and provider capability filter.
D04,failure://spatial and screen geography/entrance_exit_and_off_screen_continuity_mismatch/d04,Entrance/exit and off-screen continuity mismatch,Spatial and screen geography,"[""contract_affecting"",""implementation_affecting"",""verification_affecting""]",requires_visual_or_control_conditioning,canonical_score,"[""scenes"",""shots"",""actions"",""continuity.visibility_intervals"",""continuity.state_ledger""]"
D04,failure://spatial and screen geography/entrance_exit_and_off_screen_continuity_mismatch/d04,Entrance/exit and off-screen continuity mismatch,Spatial and screen geography,"[""contract_affecting"",""implementation_affecting"",""verification_affecting""]",requires_visual_or_control_conditioning,event_graph,"Add typed nodes/edges only when the failure involves event, causal, role, or transition semantics."
D04,failure://spatial and screen geography/entrance_exit_and_off_screen_continuity_mismatch/d04,Entrance/exit and off-screen continuity mismatch,Spatial and screen geography,"[""contract_affecting"",""implementation_affecting"",""verification_affecting""]",requires_visual_or_control_conditioning,spatial_state,Carry declared coordinate frame and transition constraints when relevant.
D04,failure://spatial and screen geography/entrance_exit_and_off_screen_continuity_mismatch/d04,Entrance/exit and off-screen continuity mismatch,Spatial and screen geography,"[""contract_affecting"",""implementation_affecting"",""verification_affecting""]",requires_visual_or_control_conditioning,identity_ledger,"Use stable entity IDs and signatures whenever actors, voices, products, or props can be rebound."
D04,failure://spatial and screen geography/entrance_exit_and_off_screen_continuity_mismatch/d04,Entrance/exit and off-screen continuity mismatch,Spatial and screen geography,"[""contract_affecting"",""implementation_affecting"",""verification_affecting""]",requires_visual_or_control_conditioning,continuity_ledger,"Record precondition, allowed transition, postcondition, visibility interval, and forbidden changes."
D04,failure://spatial and screen geography/entrance_exit_and_off_screen_continuity_mismatch/d04,Entrance/exit and off-screen continuity mismatch,Spatial and screen geography,"[""contract_affecting"",""implementation_affecting"",""verification_affecting""]",requires_visual_or_control_conditioning,provider_capability_profile,"Record whether the provider can carry text, reference, keyframe, control-media, seed, repair, and audio requirements without silent loss."
D04,failure://spatial and screen geography/entrance_exit_and_off_screen_continuity_mismatch/d04,Entrance/exit and off-screen continuity mismatch,Spatial and screen geography,"[""contract_affecting"",""implementation_affecting"",""verification_affecting""]",requires_visual_or_control_conditioning,serialization_strategy,Emit one provider-native authority representation; do not duplicate semantic authorities.
D04,failure://spatial and screen geography/entrance_exit_and_off_screen_continuity_mismatch/d04,Entrance/exit and off-screen continuity mismatch,Spatial and screen geography,"[""contract_affecting"",""implementation_affecting"",""verification_affecting""]",requires_visual_or_control_conditioning,prompt_compression,"Protect hard locks, causal edges, identities, start/end states, and visibility bridges before style adjectives."
D04,failure://spatial and screen geography/entrance_exit_and_off_screen_continuity_mismatch/d04,Entrance/exit and off-screen continuity mismatch,Spatial and screen geography,"[""contract_affecting"",""implementation_affecting"",""verification_affecting""]",requires_visual_or_control_conditioning,loss_report,"Report every unsupported, evaluation-only, compressed, or omitted control."
D04,failure://spatial and screen geography/entrance_exit_and_off_screen_continuity_mismatch/d04,Entrance/exit and off-screen continuity mismatch,Spatial and screen geography,"[""contract_affecting"",""implementation_affecting"",""verification_affecting""]",requires_visual_or_control_conditioning,verification_plan,"[""metric_reappearance_position_error"",""metric_spatial_relation_accuracy"",""metric_event_graph_agreement""]"
D04,failure://spatial and screen geography/entrance_exit_and_off_screen_continuity_mismatch/d04,Entrance/exit and off-screen continuity mismatch,Spatial and screen geography,"[""contract_affecting"",""implementation_affecting"",""verification_affecting""]",requires_visual_or_control_conditioning,repair_planner,Repair only the smallest failing interval/shot while preserving passing control IDs.
D04,failure://spatial and screen geography/entrance_exit_and_off_screen_continuity_mismatch/d04,Entrance/exit and off-screen continuity mismatch,Spatial and screen geography,"[""contract_affecting"",""implementation_affecting"",""verification_affecting""]",requires_visual_or_control_conditioning,experiment_registry,Register matched ablations for D04 with raw artifacts and immutable manifests.
D05,failure://spatial and screen geography/actor_distance_drift/d05,Actor-distance drift,Spatial and screen geography,"[""contract_affecting"",""implementation_affecting"",""verification_affecting""]",requires_visual_or_control_conditioning,intent_normalization,Preserve the requested invariant and classify ambiguity before compilation.
D05,failure://spatial and screen geography/actor_distance_drift/d05,Actor-distance drift,Spatial and screen geography,"[""contract_affecting"",""implementation_affecting"",""verification_affecting""]",requires_visual_or_control_conditioning,profile_routing,Route to the Spatial and screen geography risk profile and provider capability filter.
D05,failure://spatial and screen geography/actor_distance_drift/d05,Actor-distance drift,Spatial and screen geography,"[""contract_affecting"",""implementation_affecting"",""verification_affecting""]",requires_visual_or_control_conditioning,canonical_score,"[""shots"",""camera"",""interactions"",""motion"",""continuity.state_ledger""]"
D05,failure://spatial and screen geography/actor_distance_drift/d05,Actor-distance drift,Spatial and screen geography,"[""contract_affecting"",""implementation_affecting"",""verification_affecting""]",requires_visual_or_control_conditioning,event_graph,"Add typed nodes/edges only when the failure involves event, causal, role, or transition semantics."
D05,failure://spatial and screen geography/actor_distance_drift/d05,Actor-distance drift,Spatial and screen geography,"[""contract_affecting"",""implementation_affecting"",""verification_affecting""]",requires_visual_or_control_conditioning,spatial_state,Carry declared coordinate frame and transition constraints when relevant.
D05,failure://spatial and screen geography/actor_distance_drift/d05,Actor-distance drift,Spatial and screen geography,"[""contract_affecting"",""implementation_affecting"",""verification_affecting""]",requires_visual_or_control_conditioning,identity_ledger,"Use stable entity IDs and signatures whenever actors, voices, products, or props can be rebound."
D05,failure://spatial and screen geography/actor_distance_drift/d05,Actor-distance drift,Spatial and screen geography,"[""contract_affecting"",""implementation_affecting"",""verification_affecting""]",requires_visual_or_control_conditioning,continuity_ledger,"Record precondition, allowed transition, postcondition, visibility interval, and forbidden changes."
D05,failure://spatial and screen geography/actor_distance_drift/d05,Actor-distance drift,Spatial and screen geography,"[""contract_affecting"",""implementation_affecting"",""verification_affecting""]",requires_visual_or_control_conditioning,provider_capability_profile,"Record whether the provider can carry text, reference, keyframe, control-media, seed, repair, and audio requirements without silent loss."
D05,failure://spatial and screen geography/actor_distance_drift/d05,Actor-distance drift,Spatial and screen geography,"[""contract_affecting"",""implementation_affecting"",""verification_affecting""]",requires_visual_or_control_conditioning,serialization_strategy,Emit one provider-native authority representation; do not duplicate semantic authorities.
D05,failure://spatial and screen geography/actor_distance_drift/d05,Actor-distance drift,Spatial and screen geography,"[""contract_affecting"",""implementation_affecting"",""verification_affecting""]",requires_visual_or_control_conditioning,prompt_compression,"Protect hard locks, causal edges, identities, start/end states, and visibility bridges before style adjectives."
D05,failure://spatial and screen geography/actor_distance_drift/d05,Actor-distance drift,Spatial and screen geography,"[""contract_affecting"",""implementation_affecting"",""verification_affecting""]",requires_visual_or_control_conditioning,loss_report,"Report every unsupported, evaluation-only, compressed, or omitted control."
D05,failure://spatial and screen geography/actor_distance_drift/d05,Actor-distance drift,Spatial and screen geography,"[""contract_affecting"",""implementation_affecting"",""verification_affecting""]",requires_visual_or_control_conditioning,verification_plan,"[""metric_contact_distance"",""metric_spatial_relation_accuracy"",""metric_camera_motion_agreement"",""metric_camera_actor_entanglement""]"
D05,failure://spatial and screen geography/actor_distance_drift/d05,Actor-distance drift,Spatial and screen geography,"[""contract_affecting"",""implementation_affecting"",""verification_affecting""]",requires_visual_or_control_conditioning,repair_planner,Repair only the smallest failing interval/shot while preserving passing control IDs.
D05,failure://spatial and screen geography/actor_distance_drift/d05,Actor-distance drift,Spatial and screen geography,"[""contract_affecting"",""implementation_affecting"",""verification_affecting""]",requires_visual_or_control_conditioning,experiment_registry,Register matched ablations for D05 with raw artifacts and immutable manifests.
D06,failure://spatial and screen geography/target_region_miss/d06,Target-region miss,Spatial and screen geography,"[""contract_affecting"",""implementation_affecting"",""verification_affecting""]",requires_visual_or_control_conditioning,intent_normalization,Preserve the requested invariant and classify ambiguity before compilation.
D06,failure://spatial and screen geography/target_region_miss/d06,Target-region miss,Spatial and screen geography,"[""contract_affecting"",""implementation_affecting"",""verification_affecting""]",requires_visual_or_control_conditioning,profile_routing,Route to the Spatial and screen geography risk profile and provider capability filter.
D06,failure://spatial and screen geography/target_region_miss/d06,Target-region miss,Spatial and screen geography,"[""contract_affecting"",""implementation_affecting"",""verification_affecting""]",requires_visual_or_control_conditioning,canonical_score,"[""actions"",""interactions"",""entities"",""shots"",""verification_requirements""]"
D06,failure://spatial and screen geography/target_region_miss/d06,Target-region miss,Spatial and screen geography,"[""contract_affecting"",""implementation_affecting"",""verification_affecting""]",requires_visual_or_control_conditioning,event_graph,"Add typed nodes/edges only when the failure involves event, causal, role, or transition semantics."
D06,failure://spatial and screen geography/target_region_miss/d06,Target-region miss,Spatial and screen geography,"[""contract_affecting"",""implementation_affecting"",""verification_affecting""]",requires_visual_or_control_conditioning,spatial_state,Carry declared coordinate frame and transition constraints when relevant.
D06,failure://spatial and screen geography/target_region_miss/d06,Target-region miss,Spatial and screen geography,"[""contract_affecting"",""implementation_affecting"",""verification_affecting""]",requires_visual_or_control_conditioning,identity_ledger,"Use stable entity IDs and signatures whenever actors, voices, products, or props can be rebound."
D06,failure://spatial and screen geography/target_region_miss/d06,Target-region miss,Spatial and screen geography,"[""contract_affecting"",""implementation_affecting"",""verification_affecting""]",requires_visual_or_control_conditioning,continuity_ledger,"Record precondition, allowed transition, postcondition, visibility interval, and forbidden changes."
D06,failure://spatial and screen geography/target_region_miss/d06,Target-region miss,Spatial and screen geography,"[""contract_affecting"",""implementation_affecting"",""verification_affecting""]",requires_visual_or_control_conditioning,provider_capability_profile,"Record whether the provider can carry text, reference, keyframe, control-media, seed, repair, and audio requirements without silent loss."
D06,failure://spatial and screen geography/target_region_miss/d06,Target-region miss,Spatial and screen geography,"[""contract_affecting"",""implementation_affecting"",""verification_affecting""]",requires_visual_or_control_conditioning,serialization_strategy,Emit one provider-native authority representation; do not duplicate semantic authorities.
D06,failure://spatial and screen geography/target_region_miss/d06,Target-region miss,Spatial and screen geography,"[""contract_affecting"",""implementation_affecting"",""verification_affecting""]",requires_visual_or_control_conditioning,prompt_compression,"Protect hard locks, causal edges, identities, start/end states, and visibility bridges before style adjectives."
D06,failure://spatial and screen geography/target_region_miss/d06,Target-region miss,Spatial and screen geography,"[""contract_affecting"",""implementation_affecting"",""verification_affecting""]",requires_visual_or_control_conditioning,loss_report,"Report every unsupported, evaluation-only, compressed, or omitted control."
D06,failure://spatial and screen geography/target_region_miss/d06,Target-region miss,Spatial and screen geography,"[""contract_affecting"",""implementation_affecting"",""verification_affecting""]",requires_visual_or_control_conditioning,verification_plan,"[""metric_contact_distance"",""metric_effect_origin_error"",""metric_role_assignment_accuracy"",""metric_spatial_relation_accuracy""]"
D06,failure://spatial and screen geography/target_region_miss/d06,Target-region miss,Spatial and screen geography,"[""contract_affecting"",""implementation_affecting"",""verification_affecting""]",requires_visual_or_control_conditioning,repair_planner,Repair only the smallest failing interval/shot while preserving passing control IDs.
D06,failure://spatial and screen geography/target_region_miss/d06,Target-region miss,Spatial and screen geography,"[""contract_affecting"",""implementation_affecting"",""verification_affecting""]",requires_visual_or_control_conditioning,experiment_registry,Register matched ablations for D06 with raw artifacts and immutable manifests.
E01,failure://temporal action and causality/action_omission/e01,Action omission,Temporal action and causality,"[""contract_affecting"",""implementation_affecting"",""verification_affecting""]",requires_shot_decomposition,intent_normalization,Preserve the requested invariant and classify ambiguity before compilation.
E01,failure://temporal action and causality/action_omission/e01,Action omission,Temporal action and causality,"[""contract_affecting"",""implementation_affecting"",""verification_affecting""]",requires_shot_decomposition,profile_routing,Route to the Temporal action and causality risk profile and provider capability filter.
E01,failure://temporal action and causality/action_omission/e01,Action omission,Temporal action and causality,"[""contract_affecting"",""implementation_affecting"",""verification_affecting""]",requires_shot_decomposition,canonical_score,"[""beats"",""actions"",""interactions"",""project.duration_seconds"",""verification_requirements""]"
E01,failure://temporal action and causality/action_omission/e01,Action omission,Temporal action and causality,"[""contract_affecting"",""implementation_affecting"",""verification_affecting""]",requires_shot_decomposition,event_graph,"Add typed nodes/edges only when the failure involves event, causal, role, or transition semantics."
E01,failure://temporal action and causality/action_omission/e01,Action omission,Temporal action and causality,"[""contract_affecting"",""implementation_affecting"",""verification_affecting""]",requires_shot_decomposition,spatial_state,Carry declared coordinate frame and transition constraints when relevant.
E01,failure://temporal action and causality/action_omission/e01,Action omission,Temporal action and causality,"[""contract_affecting"",""implementation_affecting"",""verification_affecting""]",requires_shot_decomposition,identity_ledger,"Use stable entity IDs and signatures whenever actors, voices, products, or props can be rebound."
E01,failure://temporal action and causality/action_omission/e01,Action omission,Temporal action and causality,"[""contract_affecting"",""implementation_affecting"",""verification_affecting""]",requires_shot_decomposition,continuity_ledger,"Record precondition, allowed transition, postcondition, visibility interval, and forbidden changes."
E01,failure://temporal action and causality/action_omission/e01,Action omission,Temporal action and causality,"[""contract_affecting"",""implementation_affecting"",""verification_affecting""]",requires_shot_decomposition,provider_capability_profile,"Record whether the provider can carry text, reference, keyframe, control-media, seed, repair, and audio requirements without silent loss."
E01,failure://temporal action and causality/action_omission/e01,Action omission,Temporal action and causality,"[""contract_affecting"",""implementation_affecting"",""verification_affecting""]",requires_shot_decomposition,serialization_strategy,Emit one provider-native authority representation; do not duplicate semantic authorities.
E01,failure://temporal action and causality/action_omission/e01,Action omission,Temporal action and causality,"[""contract_affecting"",""implementation_affecting"",""verification_affecting""]",requires_shot_decomposition,prompt_compression,"Protect hard locks, causal edges, identities, start/end states, and visibility bridges before style adjectives."
E01,failure://temporal action and causality/action_omission/e01,Action omission,Temporal action and causality,"[""contract_affecting"",""implementation_affecting"",""verification_affecting""]",requires_shot_decomposition,loss_report,"Report every unsupported, evaluation-only, compressed, or omitted control."
E01,failure://temporal action and causality/action_omission/e01,Action omission,Temporal action and causality,"[""contract_affecting"",""implementation_affecting"",""verification_affecting""]",requires_shot_decomposition,verification_plan,"[""metric_event_graph_agreement"",""metric_temporal_event_error"",""metric_human_readability""]"
E01,failure://temporal action and causality/action_omission/e01,Action omission,Temporal action and causality,"[""contract_affecting"",""implementation_affecting"",""verification_affecting""]",requires_shot_decomposition,repair_planner,Repair only the smallest failing interval/shot while preserving passing control IDs.
E01,failure://temporal action and causality/action_omission/e01,Action omission,Temporal action and causality,"[""contract_affecting"",""implementation_affecting"",""verification_affecting""]",requires_shot_decomposition,experiment_registry,Register matched ablations for E01 with raw artifacts and immutable manifests.
E02,failure://temporal action and causality/action_merge_or_compression/e02,Action merge or compression,Temporal action and causality,"[""contract_affecting"",""implementation_affecting"",""verification_affecting""]",partially_mitigated_by_prompting,intent_normalization,Preserve the requested invariant and classify ambiguity before compilation.
E02,failure://temporal action and causality/action_merge_or_compression/e02,Action merge or compression,Temporal action and causality,"[""contract_affecting"",""implementation_affecting"",""verification_affecting""]",partially_mitigated_by_prompting,profile_routing,Route to the Temporal action and causality risk profile and provider capability filter.
E02,failure://temporal action and causality/action_merge_or_compression/e02,Action merge or compression,Temporal action and causality,"[""contract_affecting"",""implementation_affecting"",""verification_affecting""]",partially_mitigated_by_prompting,canonical_score,"[""beats"",""actions"",""interactions"",""editing"",""verification_requirements""]"
E02,failure://temporal action and causality/action_merge_or_compression/e02,Action merge or compression,Temporal action and causality,"[""contract_affecting"",""implementation_affecting"",""verification_affecting""]",partially_mitigated_by_prompting,event_graph,"Add typed nodes/edges only when the failure involves event, causal, role, or transition semantics."
E02,failure://temporal action and causality/action_merge_or_compression/e02,Action merge or compression,Temporal action and causality,"[""contract_affecting"",""implementation_affecting"",""verification_affecting""]",partially_mitigated_by_prompting,spatial_state,Carry declared coordinate frame and transition constraints when relevant.
E02,failure://temporal action and causality/action_merge_or_compression/e02,Action merge or compression,Temporal action and causality,"[""contract_affecting"",""implementation_affecting"",""verification_affecting""]",partially_mitigated_by_prompting,identity_ledger,"Use stable entity IDs and signatures whenever actors, voices, products, or props can be rebound."
E02,failure://temporal action and causality/action_merge_or_compression/e02,Action merge or compression,Temporal action and causality,"[""contract_affecting"",""implementation_affecting"",""verification_affecting""]",partially_mitigated_by_prompting,continuity_ledger,"Record precondition, allowed transition, postcondition, visibility interval, and forbidden changes."
E02,failure://temporal action and causality/action_merge_or_compression/e02,Action merge or compression,Temporal action and causality,"[""contract_affecting"",""implementation_affecting"",""verification_affecting""]",partially_mitigated_by_prompting,provider_capability_profile,"Record whether the provider can carry text, reference, keyframe, control-media, seed, repair, and audio requirements without silent loss."
E02,failure://temporal action and causality/action_merge_or_compression/e02,Action merge or compression,Temporal action and causality,"[""contract_affecting"",""implementation_affecting"",""verification_affecting""]",partially_mitigated_by_prompting,serialization_strategy,Emit one provider-native authority representation; do not duplicate semantic authorities.
E02,failure://temporal action and causality/action_merge_or_compression/e02,Action merge or compression,Temporal action and causality,"[""contract_affecting"",""implementation_affecting"",""verification_affecting""]",partially_mitigated_by_prompting,prompt_compression,"Protect hard locks, causal edges, identities, start/end states, and visibility bridges before style adjectives."
E02,failure://temporal action and causality/action_merge_or_compression/e02,Action merge or compression,Temporal action and causality,"[""contract_affecting"",""implementation_affecting"",""verification_affecting""]",partially_mitigated_by_prompting,loss_report,"Report every unsupported, evaluation-only, compressed, or omitted control."
E02,failure://temporal action and causality/action_merge_or_compression/e02,Action merge or compression,Temporal action and causality,"[""contract_affecting"",""implementation_affecting"",""verification_affecting""]",partially_mitigated_by_prompting,verification_plan,"[""metric_event_graph_agreement"",""metric_temporal_event_error"",""metric_causal_edge_accuracy""]"
E02,failure://temporal action and causality/action_merge_or_compression/e02,Action merge or compression,Temporal action and causality,"[""contract_affecting"",""implementation_affecting"",""verification_affecting""]",partially_mitigated_by_prompting,repair_planner,Repair only the smallest failing interval/shot while preserving passing control IDs.
E02,failure://temporal action and causality/action_merge_or_compression/e02,Action merge or compression,Temporal action and causality,"[""contract_affecting"",""implementation_affecting"",""verification_affecting""]",partially_mitigated_by_prompting,experiment_registry,Register matched ablations for E02 with raw artifacts and immutable manifests.
E03,failure://temporal action and causality/action_repetition_or_invented_filler/e03,Action repetition or invented filler,Temporal action and causality,"[""contract_affecting"",""implementation_affecting"",""verification_affecting""]",partially_mitigated_by_prompting,intent_normalization,Preserve the requested invariant and classify ambiguity before compilation.
E03,failure://temporal action and causality/action_repetition_or_invented_filler/e03,Action repetition or invented filler,Temporal action and causality,"[""contract_affecting"",""implementation_affecting"",""verification_affecting""]",partially_mitigated_by_prompting,profile_routing,Route to the Temporal action and causality risk profile and provider capability filter.
E03,failure://temporal action and causality/action_repetition_or_invented_filler/e03,Action repetition or invented filler,Temporal action and causality,"[""contract_affecting"",""implementation_affecting"",""verification_affecting""]",partially_mitigated_by_prompting,canonical_score,"[""beats"",""actions"",""constraints"",""project.duration_seconds"",""verification_requirements""]"
E03,failure://temporal action and causality/action_repetition_or_invented_filler/e03,Action repetition or invented filler,Temporal action and causality,"[""contract_affecting"",""implementation_affecting"",""verification_affecting""]",partially_mitigated_by_prompting,event_graph,"Add typed nodes/edges only when the failure involves event, causal, role, or transition semantics."
E03,failure://temporal action and causality/action_repetition_or_invented_filler/e03,Action repetition or invented filler,Temporal action and causality,"[""contract_affecting"",""implementation_affecting"",""verification_affecting""]",partially_mitigated_by_prompting,spatial_state,Carry declared coordinate frame and transition constraints when relevant.
E03,failure://temporal action and causality/action_repetition_or_invented_filler/e03,Action repetition or invented filler,Temporal action and causality,"[""contract_affecting"",""implementation_affecting"",""verification_affecting""]",partially_mitigated_by_prompting,identity_ledger,"Use stable entity IDs and signatures whenever actors, voices, products, or props can be rebound."
E03,failure://temporal action and causality/action_repetition_or_invented_filler/e03,Action repetition or invented filler,Temporal action and causality,"[""contract_affecting"",""implementation_affecting"",""verification_affecting""]",partially_mitigated_by_prompting,continuity_ledger,"Record precondition, allowed transition, postcondition, visibility interval, and forbidden changes."
E03,failure://temporal action and causality/action_repetition_or_invented_filler/e03,Action repetition or invented filler,Temporal action and causality,"[""contract_affecting"",""implementation_affecting"",""verification_affecting""]",partially_mitigated_by_prompting,provider_capability_profile,"Record whether the provider can carry text, reference, keyframe, control-media, seed, repair, and audio requirements without silent loss."
E03,failure://temporal action and causality/action_repetition_or_invented_filler/e03,Action repetition or invented filler,Temporal action and causality,"[""contract_affecting"",""implementation_affecting"",""verification_affecting""]",partially_mitigated_by_prompting,serialization_strategy,Emit one provider-native authority representation; do not duplicate semantic authorities.
E03,failure://temporal action and causality/action_repetition_or_invented_filler/e03,Action repetition or invented filler,Temporal action and causality,"[""contract_affecting"",""implementation_affecting"",""verification_affecting""]",partially_mitigated_by_prompting,prompt_compression,"Protect hard locks, causal edges, identities, start/end states, and visibility bridges before style adjectives."
E03,failure://temporal action and causality/action_repetition_or_invented_filler/e03,Action repetition or invented filler,Temporal action and causality,"[""contract_affecting"",""implementation_affecting"",""verification_affecting""]",partially_mitigated_by_prompting,loss_report,"Report every unsupported, evaluation-only, compressed, or omitted control."
E03,failure://temporal action and causality/action_repetition_or_invented_filler/e03,Action repetition or invented filler,Temporal action and causality,"[""contract_affecting"",""implementation_affecting"",""verification_affecting""]",partially_mitigated_by_prompting,verification_plan,"[""metric_event_graph_agreement"",""metric_temporal_event_error"",""metric_control_retention""]"
E03,failure://temporal action and causality/action_repetition_or_invented_filler/e03,Action repetition or invented filler,Temporal action and causality,"[""contract_affecting"",""implementation_affecting"",""verification_affecting""]",partially_mitigated_by_prompting,repair_planner,Repair only the smallest failing interval/shot while preserving passing control IDs.
E03,failure://temporal action and causality/action_repetition_or_invented_filler/e03,Action repetition or invented filler,Temporal action and causality,"[""contract_affecting"",""implementation_affecting"",""verification_affecting""]",partially_mitigated_by_prompting,experiment_registry,Register matched ablations for E03 with raw artifacts and immutable manifests.
E04,failure://temporal action and causality/event_order_reversal/e04,Event-order reversal,Temporal action and causality,"[""contract_affecting"",""implementation_affecting"",""verification_affecting""]",preventable_by_prompting,intent_normalization,Preserve the requested invariant and classify ambiguity before compilation.
E04,failure://temporal action and causality/event_order_reversal/e04,Event-order reversal,Temporal action and causality,"[""contract_affecting"",""implementation_affecting"",""verification_affecting""]",preventable_by_prompting,profile_routing,Route to the Temporal action and causality risk profile and provider capability filter.
E04,failure://temporal action and causality/event_order_reversal/e04,Event-order reversal,Temporal action and causality,"[""contract_affecting"",""implementation_affecting"",""verification_affecting""]",preventable_by_prompting,canonical_score,"[""beats"",""actions"",""interactions"",""audio"",""editing""]"
E04,failure://temporal action and causality/event_order_reversal/e04,Event-order reversal,Temporal action and causality,"[""contract_affecting"",""implementation_affecting"",""verification_affecting""]",preventable_by_prompting,event_graph,"Add typed nodes/edges only when the failure involves event, causal, role, or transition semantics."
E04,failure://temporal action and causality/event_order_reversal/e04,Event-order reversal,Temporal action and causality,"[""contract_affecting"",""implementation_affecting"",""verification_affecting""]",preventable_by_prompting,spatial_state,Carry declared coordinate frame and transition constraints when relevant.
E04,failure://temporal action and causality/event_order_reversal/e04,Event-order reversal,Temporal action and causality,"[""contract_affecting"",""implementation_affecting"",""verification_affecting""]",preventable_by_prompting,identity_ledger,"Use stable entity IDs and signatures whenever actors, voices, products, or props can be rebound."
E04,failure://temporal action and causality/event_order_reversal/e04,Event-order reversal,Temporal action and causality,"[""contract_affecting"",""implementation_affecting"",""verification_affecting""]",preventable_by_prompting,continuity_ledger,"Record precondition, allowed transition, postcondition, visibility interval, and forbidden changes."
E04,failure://temporal action and causality/event_order_reversal/e04,Event-order reversal,Temporal action and causality,"[""contract_affecting"",""implementation_affecting"",""verification_affecting""]",preventable_by_prompting,provider_capability_profile,"Record whether the provider can carry text, reference, keyframe, control-media, seed, repair, and audio requirements without silent loss."
E04,failure://temporal action and causality/event_order_reversal/e04,Event-order reversal,Temporal action and causality,"[""contract_affecting"",""implementation_affecting"",""verification_affecting""]",preventable_by_prompting,serialization_strategy,Emit one provider-native authority representation; do not duplicate semantic authorities.
E04,failure://temporal action and causality/event_order_reversal/e04,Event-order reversal,Temporal action and causality,"[""contract_affecting"",""implementation_affecting"",""verification_affecting""]",preventable_by_prompting,prompt_compression,"Protect hard locks, causal edges, identities, start/end states, and visibility bridges before style adjectives."
E04,failure://temporal action and causality/event_order_reversal/e04,Event-order reversal,Temporal action and causality,"[""contract_affecting"",""implementation_affecting"",""verification_affecting""]",preventable_by_prompting,loss_report,"Report every unsupported, evaluation-only, compressed, or omitted control."
E04,failure://temporal action and causality/event_order_reversal/e04,Event-order reversal,Temporal action and causality,"[""contract_affecting"",""implementation_affecting"",""verification_affecting""]",preventable_by_prompting,verification_plan,"[""metric_temporal_event_error"",""metric_event_graph_agreement"",""metric_causal_edge_accuracy""]"
E04,failure://temporal action and causality/event_order_reversal/e04,Event-order reversal,Temporal action and causality,"[""contract_affecting"",""implementation_affecting"",""verification_affecting""]",preventable_by_prompting,repair_planner,Repair only the smallest failing interval/shot while preserving passing control IDs.
E04,failure://temporal action and causality/event_order_reversal/e04,Event-order reversal,Temporal action and causality,"[""contract_affecting"",""implementation_affecting"",""verification_affecting""]",preventable_by_prompting,experiment_registry,Register matched ablations for E04 with raw artifacts and immutable manifests.
E05,failure://temporal action and causality/premature_reaction_or_anticipation/e05,Premature reaction or anticipation,Temporal action and causality,"[""contract_affecting"",""implementation_affecting"",""verification_affecting""]",requires_visual_or_control_conditioning,intent_normalization,Preserve the requested invariant and classify ambiguity before compilation.
E05,failure://temporal action and causality/premature_reaction_or_anticipation/e05,Premature reaction or anticipation,Temporal action and causality,"[""contract_affecting"",""implementation_affecting"",""verification_affecting""]",requires_visual_or_control_conditioning,profile_routing,Route to the Temporal action and causality risk profile and provider capability filter.
E05,failure://temporal action and causality/premature_reaction_or_anticipation/e05,Premature reaction or anticipation,Temporal action and causality,"[""contract_affecting"",""implementation_affecting"",""verification_affecting""]",requires_visual_or_control_conditioning,canonical_score,"[""actions"",""interactions"",""audio"",""camera"",""verification_requirements""]"
E05,failure://temporal action and causality/premature_reaction_or_anticipation/e05,Premature reaction or anticipation,Temporal action and causality,"[""contract_affecting"",""implementation_affecting"",""verification_affecting""]",requires_visual_or_control_conditioning,event_graph,"Add typed nodes/edges only when the failure involves event, causal, role, or transition semantics."
E05,failure://temporal action and causality/premature_reaction_or_anticipation/e05,Premature reaction or anticipation,Temporal action and causality,"[""contract_affecting"",""implementation_affecting"",""verification_affecting""]",requires_visual_or_control_conditioning,spatial_state,Carry declared coordinate frame and transition constraints when relevant.
E05,failure://temporal action and causality/premature_reaction_or_anticipation/e05,Premature reaction or anticipation,Temporal action and causality,"[""contract_affecting"",""implementation_affecting"",""verification_affecting""]",requires_visual_or_control_conditioning,identity_ledger,"Use stable entity IDs and signatures whenever actors, voices, products, or props can be rebound."
E05,failure://temporal action and causality/premature_reaction_or_anticipation/e05,Premature reaction or anticipation,Temporal action and causality,"[""contract_affecting"",""implementation_affecting"",""verification_affecting""]",requires_visual_or_control_conditioning,continuity_ledger,"Record precondition, allowed transition, postcondition, visibility interval, and forbidden changes."
E05,failure://temporal action and causality/premature_reaction_or_anticipation/e05,Premature reaction or anticipation,Temporal action and causality,"[""contract_affecting"",""implementation_affecting"",""verification_affecting""]",requires_visual_or_control_conditioning,provider_capability_profile,"Record whether the provider can carry text, reference, keyframe, control-media, seed, repair, and audio requirements without silent loss."
E05,failure://temporal action and causality/premature_reaction_or_anticipation/e05,Premature reaction or anticipation,Temporal action and causality,"[""contract_affecting"",""implementation_affecting"",""verification_affecting""]",requires_visual_or_control_conditioning,serialization_strategy,Emit one provider-native authority representation; do not duplicate semantic authorities.
E05,failure://temporal action and causality/premature_reaction_or_anticipation/e05,Premature reaction or anticipation,Temporal action and causality,"[""contract_affecting"",""implementation_affecting"",""verification_affecting""]",requires_visual_or_control_conditioning,prompt_compression,"Protect hard locks, causal edges, identities, start/end states, and visibility bridges before style adjectives."
E05,failure://temporal action and causality/premature_reaction_or_anticipation/e05,Premature reaction or anticipation,Temporal action and causality,"[""contract_affecting"",""implementation_affecting"",""verification_affecting""]",requires_visual_or_control_conditioning,loss_report,"Report every unsupported, evaluation-only, compressed, or omitted control."
E05,failure://temporal action and causality/premature_reaction_or_anticipation/e05,Premature reaction or anticipation,Temporal action and causality,"[""contract_affecting"",""implementation_affecting"",""verification_affecting""]",requires_visual_or_control_conditioning,verification_plan,"[""metric_reaction_latency_error"",""metric_causal_edge_accuracy"",""metric_temporal_event_error"",""metric_audio_event_alignment""]"
E05,failure://temporal action and causality/premature_reaction_or_anticipation/e05,Premature reaction or anticipation,Temporal action and causality,"[""contract_affecting"",""implementation_affecting"",""verification_affecting""]",requires_visual_or_control_conditioning,repair_planner,Repair only the smallest failing interval/shot while preserving passing control IDs.
E05,failure://temporal action and causality/premature_reaction_or_anticipation/e05,Premature reaction or anticipation,Temporal action and causality,"[""contract_affecting"",""implementation_affecting"",""verification_affecting""]",requires_visual_or_control_conditioning,experiment_registry,Register matched ablations for E05 with raw artifacts and immutable manifests.
E06,failure://temporal action and causality/cause_consequence_decoupling/e06,Cause–consequence decoupling,Temporal action and causality,"[""contract_affecting"",""implementation_affecting"",""verification_affecting""]",requires_shot_decomposition,intent_normalization,Preserve the requested invariant and classify ambiguity before compilation.
E06,failure://temporal action and causality/cause_consequence_decoupling/e06,Cause–consequence decoupling,Temporal action and causality,"[""contract_affecting"",""implementation_affecting"",""verification_affecting""]",requires_shot_decomposition,profile_routing,Route to the Temporal action and causality risk profile and provider capability filter.
E06,failure://temporal action and causality/cause_consequence_decoupling/e06,Cause–consequence decoupling,Temporal action and causality,"[""contract_affecting"",""implementation_affecting"",""verification_affecting""]",requires_shot_decomposition,canonical_score,"[""actions"",""interactions"",""motion"",""camera"",""audio"",""verification_requirements""]"
E06,failure://temporal action and causality/cause_consequence_decoupling/e06,Cause–consequence decoupling,Temporal action and causality,"[""contract_affecting"",""implementation_affecting"",""verification_affecting""]",requires_shot_decomposition,event_graph,"Add typed nodes/edges only when the failure involves event, causal, role, or transition semantics."
E06,failure://temporal action and causality/cause_consequence_decoupling/e06,Cause–consequence decoupling,Temporal action and causality,"[""contract_affecting"",""implementation_affecting"",""verification_affecting""]",requires_shot_decomposition,spatial_state,Carry declared coordinate frame and transition constraints when relevant.
E06,failure://temporal action and causality/cause_consequence_decoupling/e06,Cause–consequence decoupling,Temporal action and causality,"[""contract_affecting"",""implementation_affecting"",""verification_affecting""]",requires_shot_decomposition,identity_ledger,"Use stable entity IDs and signatures whenever actors, voices, products, or props can be rebound."
E06,failure://temporal action and causality/cause_consequence_decoupling/e06,Cause–consequence decoupling,Temporal action and causality,"[""contract_affecting"",""implementation_affecting"",""verification_affecting""]",requires_shot_decomposition,continuity_ledger,"Record precondition, allowed transition, postcondition, visibility interval, and forbidden changes."
E06,failure://temporal action and causality/cause_consequence_decoupling/e06,Cause–consequence decoupling,Temporal action and causality,"[""contract_affecting"",""implementation_affecting"",""verification_affecting""]",requires_shot_decomposition,provider_capability_profile,"Record whether the provider can carry text, reference, keyframe, control-media, seed, repair, and audio requirements without silent loss."
E06,failure://temporal action and causality/cause_consequence_decoupling/e06,Cause–consequence decoupling,Temporal action and causality,"[""contract_affecting"",""implementation_affecting"",""verification_affecting""]",requires_shot_decomposition,serialization_strategy,Emit one provider-native authority representation; do not duplicate semantic authorities.
E06,failure://temporal action and causality/cause_consequence_decoupling/e06,Cause–consequence decoupling,Temporal action and causality,"[""contract_affecting"",""implementation_affecting"",""verification_affecting""]",requires_shot_decomposition,prompt_compression,"Protect hard locks, causal edges, identities, start/end states, and visibility bridges before style adjectives."
E06,failure://temporal action and causality/cause_consequence_decoupling/e06,Cause–consequence decoupling,Temporal action and causality,"[""contract_affecting"",""implementation_affecting"",""verification_affecting""]",requires_shot_decomposition,loss_report,"Report every unsupported, evaluation-only, compressed, or omitted control."
E06,failure://temporal action and causality/cause_consequence_decoupling/e06,Cause–consequence decoupling,Temporal action and causality,"[""contract_affecting"",""implementation_affecting"",""verification_affecting""]",requires_shot_decomposition,verification_plan,"[""metric_causal_edge_accuracy"",""metric_effect_origin_error"",""metric_reaction_latency_error"",""metric_event_graph_agreement""]"
E06,failure://temporal action and causality/cause_consequence_decoupling/e06,Cause–consequence decoupling,Temporal action and causality,"[""contract_affecting"",""implementation_affecting"",""verification_affecting""]",requires_shot_decomposition,repair_planner,Repair only the smallest failing interval/shot while preserving passing control IDs.
E06,failure://temporal action and causality/cause_consequence_decoupling/e06,Cause–consequence decoupling,Temporal action and causality,"[""contract_affecting"",""implementation_affecting"",""verification_affecting""]",requires_shot_decomposition,experiment_registry,Register matched ablations for E06 with raw artifacts and immutable manifests.
E07,failure://temporal action and causality/recovery_or_settle_omission/e07,Recovery or settle omission,Temporal action and causality,"[""contract_affecting"",""implementation_affecting"",""verification_affecting""]",requires_shot_decomposition,intent_normalization,Preserve the requested invariant and classify ambiguity before compilation.
E07,failure://temporal action and causality/recovery_or_settle_omission/e07,Recovery or settle omission,Temporal action and causality,"[""contract_affecting"",""implementation_affecting"",""verification_affecting""]",requires_shot_decomposition,profile_routing,Route to the Temporal action and causality risk profile and provider capability filter.
E07,failure://temporal action and causality/recovery_or_settle_omission/e07,Recovery or settle omission,Temporal action and causality,"[""contract_affecting"",""implementation_affecting"",""verification_affecting""]",requires_shot_decomposition,canonical_score,"[""beats"",""actions"",""motion"",""interactions"",""project.duration_seconds""]"
E07,failure://temporal action and causality/recovery_or_settle_omission/e07,Recovery or settle omission,Temporal action and causality,"[""contract_affecting"",""implementation_affecting"",""verification_affecting""]",requires_shot_decomposition,event_graph,"Add typed nodes/edges only when the failure involves event, causal, role, or transition semantics."
E07,failure://temporal action and causality/recovery_or_settle_omission/e07,Recovery or settle omission,Temporal action and causality,"[""contract_affecting"",""implementation_affecting"",""verification_affecting""]",requires_shot_decomposition,spatial_state,Carry declared coordinate frame and transition constraints when relevant.
E07,failure://temporal action and causality/recovery_or_settle_omission/e07,Recovery or settle omission,Temporal action and causality,"[""contract_affecting"",""implementation_affecting"",""verification_affecting""]",requires_shot_decomposition,identity_ledger,"Use stable entity IDs and signatures whenever actors, voices, products, or props can be rebound."
E07,failure://temporal action and causality/recovery_or_settle_omission/e07,Recovery or settle omission,Temporal action and causality,"[""contract_affecting"",""implementation_affecting"",""verification_affecting""]",requires_shot_decomposition,continuity_ledger,"Record precondition, allowed transition, postcondition, visibility interval, and forbidden changes."
E07,failure://temporal action and causality/recovery_or_settle_omission/e07,Recovery or settle omission,Temporal action and causality,"[""contract_affecting"",""implementation_affecting"",""verification_affecting""]",requires_shot_decomposition,provider_capability_profile,"Record whether the provider can carry text, reference, keyframe, control-media, seed, repair, and audio requirements without silent loss."
E07,failure://temporal action and causality/recovery_or_settle_omission/e07,Recovery or settle omission,Temporal action and causality,"[""contract_affecting"",""implementation_affecting"",""verification_affecting""]",requires_shot_decomposition,serialization_strategy,Emit one provider-native authority representation; do not duplicate semantic authorities.
E07,failure://temporal action and causality/recovery_or_settle_omission/e07,Recovery or settle omission,Temporal action and causality,"[""contract_affecting"",""implementation_affecting"",""verification_affecting""]",requires_shot_decomposition,prompt_compression,"Protect hard locks, causal edges, identities, start/end states, and visibility bridges before style adjectives."
E07,failure://temporal action and causality/recovery_or_settle_omission/e07,Recovery or settle omission,Temporal action and causality,"[""contract_affecting"",""implementation_affecting"",""verification_affecting""]",requires_shot_decomposition,loss_report,"Report every unsupported, evaluation-only, compressed, or omitted control."
E07,failure://temporal action and causality/recovery_or_settle_omission/e07,Recovery or settle omission,Temporal action and causality,"[""contract_affecting"",""implementation_affecting"",""verification_affecting""]",requires_shot_decomposition,verification_plan,"[""metric_event_graph_agreement"",""metric_temporal_event_error"",""metric_support_plausibility"",""metric_momentum_continuity""]"
E07,failure://temporal action and causality/recovery_or_settle_omission/e07,Recovery or settle omission,Temporal action and causality,"[""contract_affecting"",""implementation_affecting"",""verification_affecting""]",requires_shot_decomposition,repair_planner,Repair only the smallest failing interval/shot while preserving passing control IDs.
E07,failure://temporal action and causality/recovery_or_settle_omission/e07,Recovery or settle omission,Temporal action and causality,"[""contract_affecting"",""implementation_affecting"",""verification_affecting""]",requires_shot_decomposition,experiment_registry,Register matched ablations for E07 with raw artifacts and immutable manifests.
E08,failure://temporal action and causality/sequential_simultaneous_collapse/e08,Sequential/simultaneous collapse,Temporal action and causality,"[""contract_affecting"",""implementation_affecting"",""verification_affecting""]",requires_shot_decomposition,intent_normalization,Preserve the requested invariant and classify ambiguity before compilation.
E08,failure://temporal action and causality/sequential_simultaneous_collapse/e08,Sequential/simultaneous collapse,Temporal action and causality,"[""contract_affecting"",""implementation_affecting"",""verification_affecting""]",requires_shot_decomposition,profile_routing,Route to the Temporal action and causality risk profile and provider capability filter.
E08,failure://temporal action and causality/sequential_simultaneous_collapse/e08,Sequential/simultaneous collapse,Temporal action and causality,"[""contract_affecting"",""implementation_affecting"",""verification_affecting""]",requires_shot_decomposition,canonical_score,"[""beats"",""actions"",""camera"",""audio"",""interactions""]"
E08,failure://temporal action and causality/sequential_simultaneous_collapse/e08,Sequential/simultaneous collapse,Temporal action and causality,"[""contract_affecting"",""implementation_affecting"",""verification_affecting""]",requires_shot_decomposition,event_graph,"Add typed nodes/edges only when the failure involves event, causal, role, or transition semantics."
E08,failure://temporal action and causality/sequential_simultaneous_collapse/e08,Sequential/simultaneous collapse,Temporal action and causality,"[""contract_affecting"",""implementation_affecting"",""verification_affecting""]",requires_shot_decomposition,spatial_state,Carry declared coordinate frame and transition constraints when relevant.
E08,failure://temporal action and causality/sequential_simultaneous_collapse/e08,Sequential/simultaneous collapse,Temporal action and causality,"[""contract_affecting"",""implementation_affecting"",""verification_affecting""]",requires_shot_decomposition,identity_ledger,"Use stable entity IDs and signatures whenever actors, voices, products, or props can be rebound."
E08,failure://temporal action and causality/sequential_simultaneous_collapse/e08,Sequential/simultaneous collapse,Temporal action and causality,"[""contract_affecting"",""implementation_affecting"",""verification_affecting""]",requires_shot_decomposition,continuity_ledger,"Record precondition, allowed transition, postcondition, visibility interval, and forbidden changes."
E08,failure://temporal action and causality/sequential_simultaneous_collapse/e08,Sequential/simultaneous collapse,Temporal action and causality,"[""contract_affecting"",""implementation_affecting"",""verification_affecting""]",requires_shot_decomposition,provider_capability_profile,"Record whether the provider can carry text, reference, keyframe, control-media, seed, repair, and audio requirements without silent loss."
E08,failure://temporal action and causality/sequential_simultaneous_collapse/e08,Sequential/simultaneous collapse,Temporal action and causality,"[""contract_affecting"",""implementation_affecting"",""verification_affecting""]",requires_shot_decomposition,serialization_strategy,Emit one provider-native authority representation; do not duplicate semantic authorities.
E08,failure://temporal action and causality/sequential_simultaneous_collapse/e08,Sequential/simultaneous collapse,Temporal action and causality,"[""contract_affecting"",""implementation_affecting"",""verification_affecting""]",requires_shot_decomposition,prompt_compression,"Protect hard locks, causal edges, identities, start/end states, and visibility bridges before style adjectives."
E08,failure://temporal action and causality/sequential_simultaneous_collapse/e08,Sequential/simultaneous collapse,Temporal action and causality,"[""contract_affecting"",""implementation_affecting"",""verification_affecting""]",requires_shot_decomposition,loss_report,"Report every unsupported, evaluation-only, compressed, or omitted control."
E08,failure://temporal action and causality/sequential_simultaneous_collapse/e08,Sequential/simultaneous collapse,Temporal action and causality,"[""contract_affecting"",""implementation_affecting"",""verification_affecting""]",requires_shot_decomposition,verification_plan,"[""metric_temporal_event_error"",""metric_event_graph_agreement"",""metric_camera_motion_agreement"",""metric_audio_event_alignment""]"
E08,failure://temporal action and causality/sequential_simultaneous_collapse/e08,Sequential/simultaneous collapse,Temporal action and causality,"[""contract_affecting"",""implementation_affecting"",""verification_affecting""]",requires_shot_decomposition,repair_planner,Repair only the smallest failing interval/shot while preserving passing control IDs.
E08,failure://temporal action and causality/sequential_simultaneous_collapse/e08,Sequential/simultaneous collapse,Temporal action and causality,"[""contract_affecting"",""implementation_affecting"",""verification_affecting""]",requires_shot_decomposition,experiment_registry,Register matched ablations for E08 with raw artifacts and immutable manifests.
F01,"failure://contact, balance, and physics/false_or_missing_contact/f01",False or missing contact,"Contact, balance, and physics","[""contract_affecting"",""implementation_affecting"",""verification_affecting""]",requires_visual_or_control_conditioning,intent_normalization,Preserve the requested invariant and classify ambiguity before compilation.
F01,"failure://contact, balance, and physics/false_or_missing_contact/f01",False or missing contact,"Contact, balance, and physics","[""contract_affecting"",""implementation_affecting"",""verification_affecting""]",requires_visual_or_control_conditioning,profile_routing,"Route to the Contact, balance, and physics risk profile and provider capability filter."
F01,"failure://contact, balance, and physics/false_or_missing_contact/f01",False or missing contact,"Contact, balance, and physics","[""contract_affecting"",""implementation_affecting"",""verification_affecting""]",requires_visual_or_control_conditioning,canonical_score,"[""interactions"",""actions"",""shots"",""motion"",""verification_requirements""]"
F01,"failure://contact, balance, and physics/false_or_missing_contact/f01",False or missing contact,"Contact, balance, and physics","[""contract_affecting"",""implementation_affecting"",""verification_affecting""]",requires_visual_or_control_conditioning,event_graph,"Add typed nodes/edges only when the failure involves event, causal, role, or transition semantics."
F01,"failure://contact, balance, and physics/false_or_missing_contact/f01",False or missing contact,"Contact, balance, and physics","[""contract_affecting"",""implementation_affecting"",""verification_affecting""]",requires_visual_or_control_conditioning,spatial_state,Carry declared coordinate frame and transition constraints when relevant.
F01,"failure://contact, balance, and physics/false_or_missing_contact/f01",False or missing contact,"Contact, balance, and physics","[""contract_affecting"",""implementation_affecting"",""verification_affecting""]",requires_visual_or_control_conditioning,identity_ledger,"Use stable entity IDs and signatures whenever actors, voices, products, or props can be rebound."
F01,"failure://contact, balance, and physics/false_or_missing_contact/f01",False or missing contact,"Contact, balance, and physics","[""contract_affecting"",""implementation_affecting"",""verification_affecting""]",requires_visual_or_control_conditioning,continuity_ledger,"Record precondition, allowed transition, postcondition, visibility interval, and forbidden changes."
F01,"failure://contact, balance, and physics/false_or_missing_contact/f01",False or missing contact,"Contact, balance, and physics","[""contract_affecting"",""implementation_affecting"",""verification_affecting""]",requires_visual_or_control_conditioning,provider_capability_profile,"Record whether the provider can carry text, reference, keyframe, control-media, seed, repair, and audio requirements without silent loss."
F01,"failure://contact, balance, and physics/false_or_missing_contact/f01",False or missing contact,"Contact, balance, and physics","[""contract_affecting"",""implementation_affecting"",""verification_affecting""]",requires_visual_or_control_conditioning,serialization_strategy,Emit one provider-native authority representation; do not duplicate semantic authorities.
F01,"failure://contact, balance, and physics/false_or_missing_contact/f01",False or missing contact,"Contact, balance, and physics","[""contract_affecting"",""implementation_affecting"",""verification_affecting""]",requires_visual_or_control_conditioning,prompt_compression,"Protect hard locks, causal edges, identities, start/end states, and visibility bridges before style adjectives."
F01,"failure://contact, balance, and physics/false_or_missing_contact/f01",False or missing contact,"Contact, balance, and physics","[""contract_affecting"",""implementation_affecting"",""verification_affecting""]",requires_visual_or_control_conditioning,loss_report,"Report every unsupported, evaluation-only, compressed, or omitted control."
F01,"failure://contact, balance, and physics/false_or_missing_contact/f01",False or missing contact,"Contact, balance, and physics","[""contract_affecting"",""implementation_affecting"",""verification_affecting""]",requires_visual_or_control_conditioning,verification_plan,"[""metric_contact_distance"",""metric_reaction_latency_error"",""metric_causal_edge_accuracy"",""metric_human_readability""]"
F01,"failure://contact, balance, and physics/false_or_missing_contact/f01",False or missing contact,"Contact, balance, and physics","[""contract_affecting"",""implementation_affecting"",""verification_affecting""]",requires_visual_or_control_conditioning,repair_planner,Repair only the smallest failing interval/shot while preserving passing control IDs.
F01,"failure://contact, balance, and physics/false_or_missing_contact/f01",False or missing contact,"Contact, balance, and physics","[""contract_affecting"",""implementation_affecting"",""verification_affecting""]",requires_visual_or_control_conditioning,experiment_registry,Register matched ablations for F01 with raw artifacts and immutable manifests.
F02,"failure://contact, balance, and physics/body_limb_or_object_penetration/f02","Body, limb, or object penetration","Contact, balance, and physics","[""contract_affecting"",""implementation_affecting"",""verification_affecting""]",requires_visual_or_control_conditioning,intent_normalization,Preserve the requested invariant and classify ambiguity before compilation.
F02,"failure://contact, balance, and physics/body_limb_or_object_penetration/f02","Body, limb, or object penetration","Contact, balance, and physics","[""contract_affecting"",""implementation_affecting"",""verification_affecting""]",requires_visual_or_control_conditioning,profile_routing,"Route to the Contact, balance, and physics risk profile and provider capability filter."
F02,"failure://contact, balance, and physics/body_limb_or_object_penetration/f02","Body, limb, or object penetration","Contact, balance, and physics","[""contract_affecting"",""implementation_affecting"",""verification_affecting""]",requires_visual_or_control_conditioning,canonical_score,"[""interactions"",""motion"",""entities"",""style"",""verification_requirements""]"
F02,"failure://contact, balance, and physics/body_limb_or_object_penetration/f02","Body, limb, or object penetration","Contact, balance, and physics","[""contract_affecting"",""implementation_affecting"",""verification_affecting""]",requires_visual_or_control_conditioning,event_graph,"Add typed nodes/edges only when the failure involves event, causal, role, or transition semantics."
F02,"failure://contact, balance, and physics/body_limb_or_object_penetration/f02","Body, limb, or object penetration","Contact, balance, and physics","[""contract_affecting"",""implementation_affecting"",""verification_affecting""]",requires_visual_or_control_conditioning,spatial_state,Carry declared coordinate frame and transition constraints when relevant.
F02,"failure://contact, balance, and physics/body_limb_or_object_penetration/f02","Body, limb, or object penetration","Contact, balance, and physics","[""contract_affecting"",""implementation_affecting"",""verification_affecting""]",requires_visual_or_control_conditioning,identity_ledger,"Use stable entity IDs and signatures whenever actors, voices, products, or props can be rebound."
F02,"failure://contact, balance, and physics/body_limb_or_object_penetration/f02","Body, limb, or object penetration","Contact, balance, and physics","[""contract_affecting"",""implementation_affecting"",""verification_affecting""]",requires_visual_or_control_conditioning,continuity_ledger,"Record precondition, allowed transition, postcondition, visibility interval, and forbidden changes."
F02,"failure://contact, balance, and physics/body_limb_or_object_penetration/f02","Body, limb, or object penetration","Contact, balance, and physics","[""contract_affecting"",""implementation_affecting"",""verification_affecting""]",requires_visual_or_control_conditioning,provider_capability_profile,"Record whether the provider can carry text, reference, keyframe, control-media, seed, repair, and audio requirements without silent loss."
F02,"failure://contact, balance, and physics/body_limb_or_object_penetration/f02","Body, limb, or object penetration","Contact, balance, and physics","[""contract_affecting"",""implementation_affecting"",""verification_affecting""]",requires_visual_or_control_conditioning,serialization_strategy,Emit one provider-native authority representation; do not duplicate semantic authorities.
F02,"failure://contact, balance, and physics/body_limb_or_object_penetration/f02","Body, limb, or object penetration","Contact, balance, and physics","[""contract_affecting"",""implementation_affecting"",""verification_affecting""]",requires_visual_or_control_conditioning,prompt_compression,"Protect hard locks, causal edges, identities, start/end states, and visibility bridges before style adjectives."
F02,"failure://contact, balance, and physics/body_limb_or_object_penetration/f02","Body, limb, or object penetration","Contact, balance, and physics","[""contract_affecting"",""implementation_affecting"",""verification_affecting""]",requires_visual_or_control_conditioning,loss_report,"Report every unsupported, evaluation-only, compressed, or omitted control."
F02,"failure://contact, balance, and physics/body_limb_or_object_penetration/f02","Body, limb, or object penetration","Contact, balance, and physics","[""contract_affecting"",""implementation_affecting"",""verification_affecting""]",requires_visual_or_control_conditioning,verification_plan,"[""metric_penetration_duration"",""metric_contact_distance"",""metric_depth_order_accuracy"",""metric_anatomy_recovery_latency""]"
F02,"failure://contact, balance, and physics/body_limb_or_object_penetration/f02","Body, limb, or object penetration","Contact, balance, and physics","[""contract_affecting"",""implementation_affecting"",""verification_affecting""]",requires_visual_or_control_conditioning,repair_planner,Repair only the smallest failing interval/shot while preserving passing control IDs.
F02,"failure://contact, balance, and physics/body_limb_or_object_penetration/f02","Body, limb, or object penetration","Contact, balance, and physics","[""contract_affecting"",""implementation_affecting"",""verification_affecting""]",requires_visual_or_control_conditioning,experiment_registry,Register matched ablations for F02 with raw artifacts and immutable manifests.
F03,"failure://contact, balance, and physics/foot_skating_or_support_loss/f03",Foot skating or support loss,"Contact, balance, and physics","[""contract_affecting"",""implementation_affecting"",""verification_affecting""]",requires_visual_or_control_conditioning,intent_normalization,Preserve the requested invariant and classify ambiguity before compilation.
F03,"failure://contact, balance, and physics/foot_skating_or_support_loss/f03",Foot skating or support loss,"Contact, balance, and physics","[""contract_affecting"",""implementation_affecting"",""verification_affecting""]",requires_visual_or_control_conditioning,profile_routing,"Route to the Contact, balance, and physics risk profile and provider capability filter."
F03,"failure://contact, balance, and physics/foot_skating_or_support_loss/f03",Foot skating or support loss,"Contact, balance, and physics","[""contract_affecting"",""implementation_affecting"",""verification_affecting""]",requires_visual_or_control_conditioning,canonical_score,"[""motion"",""interactions"",""camera"",""continuity.state_ledger"",""verification_requirements""]"
F03,"failure://contact, balance, and physics/foot_skating_or_support_loss/f03",Foot skating or support loss,"Contact, balance, and physics","[""contract_affecting"",""implementation_affecting"",""verification_affecting""]",requires_visual_or_control_conditioning,event_graph,"Add typed nodes/edges only when the failure involves event, causal, role, or transition semantics."
F03,"failure://contact, balance, and physics/foot_skating_or_support_loss/f03",Foot skating or support loss,"Contact, balance, and physics","[""contract_affecting"",""implementation_affecting"",""verification_affecting""]",requires_visual_or_control_conditioning,spatial_state,Carry declared coordinate frame and transition constraints when relevant.
F03,"failure://contact, balance, and physics/foot_skating_or_support_loss/f03",Foot skating or support loss,"Contact, balance, and physics","[""contract_affecting"",""implementation_affecting"",""verification_affecting""]",requires_visual_or_control_conditioning,identity_ledger,"Use stable entity IDs and signatures whenever actors, voices, products, or props can be rebound."
F03,"failure://contact, balance, and physics/foot_skating_or_support_loss/f03",Foot skating or support loss,"Contact, balance, and physics","[""contract_affecting"",""implementation_affecting"",""verification_affecting""]",requires_visual_or_control_conditioning,continuity_ledger,"Record precondition, allowed transition, postcondition, visibility interval, and forbidden changes."
F03,"failure://contact, balance, and physics/foot_skating_or_support_loss/f03",Foot skating or support loss,"Contact, balance, and physics","[""contract_affecting"",""implementation_affecting"",""verification_affecting""]",requires_visual_or_control_conditioning,provider_capability_profile,"Record whether the provider can carry text, reference, keyframe, control-media, seed, repair, and audio requirements without silent loss."
F03,"failure://contact, balance, and physics/foot_skating_or_support_loss/f03",Foot skating or support loss,"Contact, balance, and physics","[""contract_affecting"",""implementation_affecting"",""verification_affecting""]",requires_visual_or_control_conditioning,serialization_strategy,Emit one provider-native authority representation; do not duplicate semantic authorities.
F03,"failure://contact, balance, and physics/foot_skating_or_support_loss/f03",Foot skating or support loss,"Contact, balance, and physics","[""contract_affecting"",""implementation_affecting"",""verification_affecting""]",requires_visual_or_control_conditioning,prompt_compression,"Protect hard locks, causal edges, identities, start/end states, and visibility bridges before style adjectives."
F03,"failure://contact, balance, and physics/foot_skating_or_support_loss/f03",Foot skating or support loss,"Contact, balance, and physics","[""contract_affecting"",""implementation_affecting"",""verification_affecting""]",requires_visual_or_control_conditioning,loss_report,"Report every unsupported, evaluation-only, compressed, or omitted control."
F03,"failure://contact, balance, and physics/foot_skating_or_support_loss/f03",Foot skating or support loss,"Contact, balance, and physics","[""contract_affecting"",""implementation_affecting"",""verification_affecting""]",requires_visual_or_control_conditioning,verification_plan,"[""metric_foot_slip_distance"",""metric_support_plausibility"",""metric_camera_actor_entanglement"",""metric_momentum_continuity""]"
F03,"failure://contact, balance, and physics/foot_skating_or_support_loss/f03",Foot skating or support loss,"Contact, balance, and physics","[""contract_affecting"",""implementation_affecting"",""verification_affecting""]",requires_visual_or_control_conditioning,repair_planner,Repair only the smallest failing interval/shot while preserving passing control IDs.
F03,"failure://contact, balance, and physics/foot_skating_or_support_loss/f03",Foot skating or support loss,"Contact, balance, and physics","[""contract_affecting"",""implementation_affecting"",""verification_affecting""]",requires_visual_or_control_conditioning,experiment_registry,Register matched ablations for F03 with raw artifacts and immutable manifests.
F04,"failure://contact, balance, and physics/weightless_takeoff_landing_or_recovery/f04","Weightless takeoff, landing, or recovery","Contact, balance, and physics","[""contract_affecting"",""implementation_affecting"",""verification_affecting""]",requires_visual_or_control_conditioning,intent_normalization,Preserve the requested invariant and classify ambiguity before compilation.
F04,"failure://contact, balance, and physics/weightless_takeoff_landing_or_recovery/f04","Weightless takeoff, landing, or recovery","Contact, balance, and physics","[""contract_affecting"",""implementation_affecting"",""verification_affecting""]",requires_visual_or_control_conditioning,profile_routing,"Route to the Contact, balance, and physics risk profile and provider capability filter."
F04,"failure://contact, balance, and physics/weightless_takeoff_landing_or_recovery/f04","Weightless takeoff, landing, or recovery","Contact, balance, and physics","[""contract_affecting"",""implementation_affecting"",""verification_affecting""]",requires_visual_or_control_conditioning,canonical_score,"[""motion"",""interactions"",""actions"",""beats"",""style""]"
F04,"failure://contact, balance, and physics/weightless_takeoff_landing_or_recovery/f04","Weightless takeoff, landing, or recovery","Contact, balance, and physics","[""contract_affecting"",""implementation_affecting"",""verification_affecting""]",requires_visual_or_control_conditioning,event_graph,"Add typed nodes/edges only when the failure involves event, causal, role, or transition semantics."
F04,"failure://contact, balance, and physics/weightless_takeoff_landing_or_recovery/f04","Weightless takeoff, landing, or recovery","Contact, balance, and physics","[""contract_affecting"",""implementation_affecting"",""verification_affecting""]",requires_visual_or_control_conditioning,spatial_state,Carry declared coordinate frame and transition constraints when relevant.
F04,"failure://contact, balance, and physics/weightless_takeoff_landing_or_recovery/f04","Weightless takeoff, landing, or recovery","Contact, balance, and physics","[""contract_affecting"",""implementation_affecting"",""verification_affecting""]",requires_visual_or_control_conditioning,identity_ledger,"Use stable entity IDs and signatures whenever actors, voices, products, or props can be rebound."
F04,"failure://contact, balance, and physics/weightless_takeoff_landing_or_recovery/f04","Weightless takeoff, landing, or recovery","Contact, balance, and physics","[""contract_affecting"",""implementation_affecting"",""verification_affecting""]",requires_visual_or_control_conditioning,continuity_ledger,"Record precondition, allowed transition, postcondition, visibility interval, and forbidden changes."
F04,"failure://contact, balance, and physics/weightless_takeoff_landing_or_recovery/f04","Weightless takeoff, landing, or recovery","Contact, balance, and physics","[""contract_affecting"",""implementation_affecting"",""verification_affecting""]",requires_visual_or_control_conditioning,provider_capability_profile,"Record whether the provider can carry text, reference, keyframe, control-media, seed, repair, and audio requirements without silent loss."
F04,"failure://contact, balance, and physics/weightless_takeoff_landing_or_recovery/f04","Weightless takeoff, landing, or recovery","Contact, balance, and physics","[""contract_affecting"",""implementation_affecting"",""verification_affecting""]",requires_visual_or_control_conditioning,serialization_strategy,Emit one provider-native authority representation; do not duplicate semantic authorities.
F04,"failure://contact, balance, and physics/weightless_takeoff_landing_or_recovery/f04","Weightless takeoff, landing, or recovery","Contact, balance, and physics","[""contract_affecting"",""implementation_affecting"",""verification_affecting""]",requires_visual_or_control_conditioning,prompt_compression,"Protect hard locks, causal edges, identities, start/end states, and visibility bridges before style adjectives."
F04,"failure://contact, balance, and physics/weightless_takeoff_landing_or_recovery/f04","Weightless takeoff, landing, or recovery","Contact, balance, and physics","[""contract_affecting"",""implementation_affecting"",""verification_affecting""]",requires_visual_or_control_conditioning,loss_report,"Report every unsupported, evaluation-only, compressed, or omitted control."
F04,"failure://contact, balance, and physics/weightless_takeoff_landing_or_recovery/f04","Weightless takeoff, landing, or recovery","Contact, balance, and physics","[""contract_affecting"",""implementation_affecting"",""verification_affecting""]",requires_visual_or_control_conditioning,verification_plan,"[""metric_support_plausibility"",""metric_momentum_continuity"",""metric_temporal_event_error"",""metric_human_readability""]"
F04,"failure://contact, balance, and physics/weightless_takeoff_landing_or_recovery/f04","Weightless takeoff, landing, or recovery","Contact, balance, and physics","[""contract_affecting"",""implementation_affecting"",""verification_affecting""]",requires_visual_or_control_conditioning,repair_planner,Repair only the smallest failing interval/shot while preserving passing control IDs.
F04,"failure://contact, balance, and physics/weightless_takeoff_landing_or_recovery/f04","Weightless takeoff, landing, or recovery","Contact, balance, and physics","[""contract_affecting"",""implementation_affecting"",""verification_affecting""]",requires_visual_or_control_conditioning,experiment_registry,Register matched ablations for F04 with raw artifacts and immutable manifests.
F05,"failure://contact, balance, and physics/momentum_discontinuity/f05",Momentum discontinuity,"Contact, balance, and physics","[""contract_affecting"",""implementation_affecting"",""verification_affecting""]",requires_visual_or_control_conditioning,intent_normalization,Preserve the requested invariant and classify ambiguity before compilation.
F05,"failure://contact, balance, and physics/momentum_discontinuity/f05",Momentum discontinuity,"Contact, balance, and physics","[""contract_affecting"",""implementation_affecting"",""verification_affecting""]",requires_visual_or_control_conditioning,profile_routing,"Route to the Contact, balance, and physics risk profile and provider capability filter."
F05,"failure://contact, balance, and physics/momentum_discontinuity/f05",Momentum discontinuity,"Contact, balance, and physics","[""contract_affecting"",""implementation_affecting"",""verification_affecting""]",requires_visual_or_control_conditioning,canonical_score,"[""motion"",""actions"",""interactions"",""camera"",""editing""]"
F05,"failure://contact, balance, and physics/momentum_discontinuity/f05",Momentum discontinuity,"Contact, balance, and physics","[""contract_affecting"",""implementation_affecting"",""verification_affecting""]",requires_visual_or_control_conditioning,event_graph,"Add typed nodes/edges only when the failure involves event, causal, role, or transition semantics."
F05,"failure://contact, balance, and physics/momentum_discontinuity/f05",Momentum discontinuity,"Contact, balance, and physics","[""contract_affecting"",""implementation_affecting"",""verification_affecting""]",requires_visual_or_control_conditioning,spatial_state,Carry declared coordinate frame and transition constraints when relevant.
F05,"failure://contact, balance, and physics/momentum_discontinuity/f05",Momentum discontinuity,"Contact, balance, and physics","[""contract_affecting"",""implementation_affecting"",""verification_affecting""]",requires_visual_or_control_conditioning,identity_ledger,"Use stable entity IDs and signatures whenever actors, voices, products, or props can be rebound."
F05,"failure://contact, balance, and physics/momentum_discontinuity/f05",Momentum discontinuity,"Contact, balance, and physics","[""contract_affecting"",""implementation_affecting"",""verification_affecting""]",requires_visual_or_control_conditioning,continuity_ledger,"Record precondition, allowed transition, postcondition, visibility interval, and forbidden changes."
F05,"failure://contact, balance, and physics/momentum_discontinuity/f05",Momentum discontinuity,"Contact, balance, and physics","[""contract_affecting"",""implementation_affecting"",""verification_affecting""]",requires_visual_or_control_conditioning,provider_capability_profile,"Record whether the provider can carry text, reference, keyframe, control-media, seed, repair, and audio requirements without silent loss."
F05,"failure://contact, balance, and physics/momentum_discontinuity/f05",Momentum discontinuity,"Contact, balance, and physics","[""contract_affecting"",""implementation_affecting"",""verification_affecting""]",requires_visual_or_control_conditioning,serialization_strategy,Emit one provider-native authority representation; do not duplicate semantic authorities.
F05,"failure://contact, balance, and physics/momentum_discontinuity/f05",Momentum discontinuity,"Contact, balance, and physics","[""contract_affecting"",""implementation_affecting"",""verification_affecting""]",requires_visual_or_control_conditioning,prompt_compression,"Protect hard locks, causal edges, identities, start/end states, and visibility bridges before style adjectives."
F05,"failure://contact, balance, and physics/momentum_discontinuity/f05",Momentum discontinuity,"Contact, balance, and physics","[""contract_affecting"",""implementation_affecting"",""verification_affecting""]",requires_visual_or_control_conditioning,loss_report,"Report every unsupported, evaluation-only, compressed, or omitted control."
F05,"failure://contact, balance, and physics/momentum_discontinuity/f05",Momentum discontinuity,"Contact, balance, and physics","[""contract_affecting"",""implementation_affecting"",""verification_affecting""]",requires_visual_or_control_conditioning,verification_plan,"[""metric_momentum_continuity"",""metric_causal_edge_accuracy"",""metric_camera_motion_agreement"",""metric_temporal_event_error""]"
F05,"failure://contact, balance, and physics/momentum_discontinuity/f05",Momentum discontinuity,"Contact, balance, and physics","[""contract_affecting"",""implementation_affecting"",""verification_affecting""]",requires_visual_or_control_conditioning,repair_planner,Repair only the smallest failing interval/shot while preserving passing control IDs.
F05,"failure://contact, balance, and physics/momentum_discontinuity/f05",Momentum discontinuity,"Contact, balance, and physics","[""contract_affecting"",""implementation_affecting"",""verification_affecting""]",requires_visual_or_control_conditioning,experiment_registry,Register matched ablations for F05 with raw artifacts and immutable manifests.
F06,"failure://contact, balance, and physics/grip_grasp_or_support_failure/f06","Grip, grasp, or support failure","Contact, balance, and physics","[""contract_affecting"",""implementation_affecting"",""verification_affecting""]",requires_visual_or_control_conditioning,intent_normalization,Preserve the requested invariant and classify ambiguity before compilation.
F06,"failure://contact, balance, and physics/grip_grasp_or_support_failure/f06","Grip, grasp, or support failure","Contact, balance, and physics","[""contract_affecting"",""implementation_affecting"",""verification_affecting""]",requires_visual_or_control_conditioning,profile_routing,"Route to the Contact, balance, and physics risk profile and provider capability filter."
F06,"failure://contact, balance, and physics/grip_grasp_or_support_failure/f06","Grip, grasp, or support failure","Contact, balance, and physics","[""contract_affecting"",""implementation_affecting"",""verification_affecting""]",requires_visual_or_control_conditioning,canonical_score,"[""interactions"",""motion"",""entities"",""continuity.state_ledger"",""verification_requirements""]"
F06,"failure://contact, balance, and physics/grip_grasp_or_support_failure/f06","Grip, grasp, or support failure","Contact, balance, and physics","[""contract_affecting"",""implementation_affecting"",""verification_affecting""]",requires_visual_or_control_conditioning,event_graph,"Add typed nodes/edges only when the failure involves event, causal, role, or transition semantics."
F06,"failure://contact, balance, and physics/grip_grasp_or_support_failure/f06","Grip, grasp, or support failure","Contact, balance, and physics","[""contract_affecting"",""implementation_affecting"",""verification_affecting""]",requires_visual_or_control_conditioning,spatial_state,Carry declared coordinate frame and transition constraints when relevant.
F06,"failure://contact, balance, and physics/grip_grasp_or_support_failure/f06","Grip, grasp, or support failure","Contact, balance, and physics","[""contract_affecting"",""implementation_affecting"",""verification_affecting""]",requires_visual_or_control_conditioning,identity_ledger,"Use stable entity IDs and signatures whenever actors, voices, products, or props can be rebound."
F06,"failure://contact, balance, and physics/grip_grasp_or_support_failure/f06","Grip, grasp, or support failure","Contact, balance, and physics","[""contract_affecting"",""implementation_affecting"",""verification_affecting""]",requires_visual_or_control_conditioning,continuity_ledger,"Record precondition, allowed transition, postcondition, visibility interval, and forbidden changes."
F06,"failure://contact, balance, and physics/grip_grasp_or_support_failure/f06","Grip, grasp, or support failure","Contact, balance, and physics","[""contract_affecting"",""implementation_affecting"",""verification_affecting""]",requires_visual_or_control_conditioning,provider_capability_profile,"Record whether the provider can carry text, reference, keyframe, control-media, seed, repair, and audio requirements without silent loss."
F06,"failure://contact, balance, and physics/grip_grasp_or_support_failure/f06","Grip, grasp, or support failure","Contact, balance, and physics","[""contract_affecting"",""implementation_affecting"",""verification_affecting""]",requires_visual_or_control_conditioning,serialization_strategy,Emit one provider-native authority representation; do not duplicate semantic authorities.
F06,"failure://contact, balance, and physics/grip_grasp_or_support_failure/f06","Grip, grasp, or support failure","Contact, balance, and physics","[""contract_affecting"",""implementation_affecting"",""verification_affecting""]",requires_visual_or_control_conditioning,prompt_compression,"Protect hard locks, causal edges, identities, start/end states, and visibility bridges before style adjectives."
F06,"failure://contact, balance, and physics/grip_grasp_or_support_failure/f06","Grip, grasp, or support failure","Contact, balance, and physics","[""contract_affecting"",""implementation_affecting"",""verification_affecting""]",requires_visual_or_control_conditioning,loss_report,"Report every unsupported, evaluation-only, compressed, or omitted control."
F06,"failure://contact, balance, and physics/grip_grasp_or_support_failure/f06","Grip, grasp, or support failure","Contact, balance, and physics","[""contract_affecting"",""implementation_affecting"",""verification_affecting""]",requires_visual_or_control_conditioning,verification_plan,"[""metric_contact_distance"",""metric_object_state_transition"",""metric_support_plausibility"",""metric_causal_edge_accuracy""]"
F06,"failure://contact, balance, and physics/grip_grasp_or_support_failure/f06","Grip, grasp, or support failure","Contact, balance, and physics","[""contract_affecting"",""implementation_affecting"",""verification_affecting""]",requires_visual_or_control_conditioning,repair_planner,Repair only the smallest failing interval/shot while preserving passing control IDs.
F06,"failure://contact, balance, and physics/grip_grasp_or_support_failure/f06","Grip, grasp, or support failure","Contact, balance, and physics","[""contract_affecting"",""implementation_affecting"",""verification_affecting""]",requires_visual_or_control_conditioning,experiment_registry,Register matched ablations for F06 with raw artifacts and immutable manifests.
F07,"failure://contact, balance, and physics/contact_target_or_reaction_mismatch/f07",Contact-target or reaction mismatch,"Contact, balance, and physics","[""contract_affecting"",""implementation_affecting"",""verification_affecting""]",requires_visual_or_control_conditioning,intent_normalization,Preserve the requested invariant and classify ambiguity before compilation.
F07,"failure://contact, balance, and physics/contact_target_or_reaction_mismatch/f07",Contact-target or reaction mismatch,"Contact, balance, and physics","[""contract_affecting"",""implementation_affecting"",""verification_affecting""]",requires_visual_or_control_conditioning,profile_routing,"Route to the Contact, balance, and physics risk profile and provider capability filter."
F07,"failure://contact, balance, and physics/contact_target_or_reaction_mismatch/f07",Contact-target or reaction mismatch,"Contact, balance, and physics","[""contract_affecting"",""implementation_affecting"",""verification_affecting""]",requires_visual_or_control_conditioning,canonical_score,"[""interactions"",""actions"",""entities"",""motion"",""verification_requirements""]"
F07,"failure://contact, balance, and physics/contact_target_or_reaction_mismatch/f07",Contact-target or reaction mismatch,"Contact, balance, and physics","[""contract_affecting"",""implementation_affecting"",""verification_affecting""]",requires_visual_or_control_conditioning,event_graph,"Add typed nodes/edges only when the failure involves event, causal, role, or transition semantics."
F07,"failure://contact, balance, and physics/contact_target_or_reaction_mismatch/f07",Contact-target or reaction mismatch,"Contact, balance, and physics","[""contract_affecting"",""implementation_affecting"",""verification_affecting""]",requires_visual_or_control_conditioning,spatial_state,Carry declared coordinate frame and transition constraints when relevant.
F07,"failure://contact, balance, and physics/contact_target_or_reaction_mismatch/f07",Contact-target or reaction mismatch,"Contact, balance, and physics","[""contract_affecting"",""implementation_affecting"",""verification_affecting""]",requires_visual_or_control_conditioning,identity_ledger,"Use stable entity IDs and signatures whenever actors, voices, products, or props can be rebound."
F07,"failure://contact, balance, and physics/contact_target_or_reaction_mismatch/f07",Contact-target or reaction mismatch,"Contact, balance, and physics","[""contract_affecting"",""implementation_affecting"",""verification_affecting""]",requires_visual_or_control_conditioning,continuity_ledger,"Record precondition, allowed transition, postcondition, visibility interval, and forbidden changes."
F07,"failure://contact, balance, and physics/contact_target_or_reaction_mismatch/f07",Contact-target or reaction mismatch,"Contact, balance, and physics","[""contract_affecting"",""implementation_affecting"",""verification_affecting""]",requires_visual_or_control_conditioning,provider_capability_profile,"Record whether the provider can carry text, reference, keyframe, control-media, seed, repair, and audio requirements without silent loss."
F07,"failure://contact, balance, and physics/contact_target_or_reaction_mismatch/f07",Contact-target or reaction mismatch,"Contact, balance, and physics","[""contract_affecting"",""implementation_affecting"",""verification_affecting""]",requires_visual_or_control_conditioning,serialization_strategy,Emit one provider-native authority representation; do not duplicate semantic authorities.
F07,"failure://contact, balance, and physics/contact_target_or_reaction_mismatch/f07",Contact-target or reaction mismatch,"Contact, balance, and physics","[""contract_affecting"",""implementation_affecting"",""verification_affecting""]",requires_visual_or_control_conditioning,prompt_compression,"Protect hard locks, causal edges, identities, start/end states, and visibility bridges before style adjectives."
F07,"failure://contact, balance, and physics/contact_target_or_reaction_mismatch/f07",Contact-target or reaction mismatch,"Contact, balance, and physics","[""contract_affecting"",""implementation_affecting"",""verification_affecting""]",requires_visual_or_control_conditioning,loss_report,"Report every unsupported, evaluation-only, compressed, or omitted control."
F07,"failure://contact, balance, and physics/contact_target_or_reaction_mismatch/f07",Contact-target or reaction mismatch,"Contact, balance, and physics","[""contract_affecting"",""implementation_affecting"",""verification_affecting""]",requires_visual_or_control_conditioning,verification_plan,"[""metric_contact_distance"",""metric_role_assignment_accuracy"",""metric_causal_edge_accuracy"",""metric_effect_origin_error""]"
F07,"failure://contact, balance, and physics/contact_target_or_reaction_mismatch/f07",Contact-target or reaction mismatch,"Contact, balance, and physics","[""contract_affecting"",""implementation_affecting"",""verification_affecting""]",requires_visual_or_control_conditioning,repair_planner,Repair only the smallest failing interval/shot while preserving passing control IDs.
F07,"failure://contact, balance, and physics/contact_target_or_reaction_mismatch/f07",Contact-target or reaction mismatch,"Contact, balance, and physics","[""contract_affecting"",""implementation_affecting"",""verification_affecting""]",requires_visual_or_control_conditioning,experiment_registry,Register matched ablations for F07 with raw artifacts and immutable manifests.
F08,"failure://contact, balance, and physics/scale_center_of_mass_or_body_proportion_instability/f08","Scale, center-of-mass, or body-proportion instability","Contact, balance, and physics","[""contract_affecting"",""implementation_affecting"",""verification_affecting""]",requires_visual_or_control_conditioning,intent_normalization,Preserve the requested invariant and classify ambiguity before compilation.
F08,"failure://contact, balance, and physics/scale_center_of_mass_or_body_proportion_instability/f08","Scale, center-of-mass, or body-proportion instability","Contact, balance, and physics","[""contract_affecting"",""implementation_affecting"",""verification_affecting""]",requires_visual_or_control_conditioning,profile_routing,"Route to the Contact, balance, and physics risk profile and provider capability filter."
F08,"failure://contact, balance, and physics/scale_center_of_mass_or_body_proportion_instability/f08","Scale, center-of-mass, or body-proportion instability","Contact, balance, and physics","[""contract_affecting"",""implementation_affecting"",""verification_affecting""]",requires_visual_or_control_conditioning,canonical_score,"[""entities"",""motion"",""style"",""camera"",""continuity.state_ledger""]"
F08,"failure://contact, balance, and physics/scale_center_of_mass_or_body_proportion_instability/f08","Scale, center-of-mass, or body-proportion instability","Contact, balance, and physics","[""contract_affecting"",""implementation_affecting"",""verification_affecting""]",requires_visual_or_control_conditioning,event_graph,"Add typed nodes/edges only when the failure involves event, causal, role, or transition semantics."
F08,"failure://contact, balance, and physics/scale_center_of_mass_or_body_proportion_instability/f08","Scale, center-of-mass, or body-proportion instability","Contact, balance, and physics","[""contract_affecting"",""implementation_affecting"",""verification_affecting""]",requires_visual_or_control_conditioning,spatial_state,Carry declared coordinate frame and transition constraints when relevant.
F08,"failure://contact, balance, and physics/scale_center_of_mass_or_body_proportion_instability/f08","Scale, center-of-mass, or body-proportion instability","Contact, balance, and physics","[""contract_affecting"",""implementation_affecting"",""verification_affecting""]",requires_visual_or_control_conditioning,identity_ledger,"Use stable entity IDs and signatures whenever actors, voices, products, or props can be rebound."
F08,"failure://contact, balance, and physics/scale_center_of_mass_or_body_proportion_instability/f08","Scale, center-of-mass, or body-proportion instability","Contact, balance, and physics","[""contract_affecting"",""implementation_affecting"",""verification_affecting""]",requires_visual_or_control_conditioning,continuity_ledger,"Record precondition, allowed transition, postcondition, visibility interval, and forbidden changes."
F08,"failure://contact, balance, and physics/scale_center_of_mass_or_body_proportion_instability/f08","Scale, center-of-mass, or body-proportion instability","Contact, balance, and physics","[""contract_affecting"",""implementation_affecting"",""verification_affecting""]",requires_visual_or_control_conditioning,provider_capability_profile,"Record whether the provider can carry text, reference, keyframe, control-media, seed, repair, and audio requirements without silent loss."
F08,"failure://contact, balance, and physics/scale_center_of_mass_or_body_proportion_instability/f08","Scale, center-of-mass, or body-proportion instability","Contact, balance, and physics","[""contract_affecting"",""implementation_affecting"",""verification_affecting""]",requires_visual_or_control_conditioning,serialization_strategy,Emit one provider-native authority representation; do not duplicate semantic authorities.
F08,"failure://contact, balance, and physics/scale_center_of_mass_or_body_proportion_instability/f08","Scale, center-of-mass, or body-proportion instability","Contact, balance, and physics","[""contract_affecting"",""implementation_affecting"",""verification_affecting""]",requires_visual_or_control_conditioning,prompt_compression,"Protect hard locks, causal edges, identities, start/end states, and visibility bridges before style adjectives."
F08,"failure://contact, balance, and physics/scale_center_of_mass_or_body_proportion_instability/f08","Scale, center-of-mass, or body-proportion instability","Contact, balance, and physics","[""contract_affecting"",""implementation_affecting"",""verification_affecting""]",requires_visual_or_control_conditioning,loss_report,"Report every unsupported, evaluation-only, compressed, or omitted control."
F08,"failure://contact, balance, and physics/scale_center_of_mass_or_body_proportion_instability/f08","Scale, center-of-mass, or body-proportion instability","Contact, balance, and physics","[""contract_affecting"",""implementation_affecting"",""verification_affecting""]",requires_visual_or_control_conditioning,verification_plan,"[""metric_identity_continuity"",""metric_support_plausibility"",""metric_anatomy_recovery_latency"",""metric_camera_motion_agreement""]"
F08,"failure://contact, balance, and physics/scale_center_of_mass_or_body_proportion_instability/f08","Scale, center-of-mass, or body-proportion instability","Contact, balance, and physics","[""contract_affecting"",""implementation_affecting"",""verification_affecting""]",requires_visual_or_control_conditioning,repair_planner,Repair only the smallest failing interval/shot while preserving passing control IDs.
F08,"failure://contact, balance, and physics/scale_center_of_mass_or_body_proportion_instability/f08","Scale, center-of-mass, or body-proportion instability","Contact, balance, and physics","[""contract_affecting"",""implementation_affecting"",""verification_affecting""]",requires_visual_or_control_conditioning,experiment_registry,Register matched ablations for F08 with raw artifacts and immutable manifests.
G01,"failure://fluid, material, and vfx/splash_without_surface_displacement/g01",Splash without surface displacement,"Fluid, material, and VFX","[""contract_affecting"",""implementation_affecting"",""verification_affecting""]",requires_visual_or_control_conditioning,intent_normalization,Preserve the requested invariant and classify ambiguity before compilation.
G01,"failure://fluid, material, and vfx/splash_without_surface_displacement/g01",Splash without surface displacement,"Fluid, material, and VFX","[""contract_affecting"",""implementation_affecting"",""verification_affecting""]",requires_visual_or_control_conditioning,profile_routing,"Route to the Fluid, material, and VFX risk profile and provider capability filter."
G01,"failure://fluid, material, and vfx/splash_without_surface_displacement/g01",Splash without surface displacement,"Fluid, material, and VFX","[""contract_affecting"",""implementation_affecting"",""verification_affecting""]",requires_visual_or_control_conditioning,canonical_score,"[""interactions"",""motion"",""actions"",""style"",""verification_requirements""]"
G01,"failure://fluid, material, and vfx/splash_without_surface_displacement/g01",Splash without surface displacement,"Fluid, material, and VFX","[""contract_affecting"",""implementation_affecting"",""verification_affecting""]",requires_visual_or_control_conditioning,event_graph,"Add typed nodes/edges only when the failure involves event, causal, role, or transition semantics."
G01,"failure://fluid, material, and vfx/splash_without_surface_displacement/g01",Splash without surface displacement,"Fluid, material, and VFX","[""contract_affecting"",""implementation_affecting"",""verification_affecting""]",requires_visual_or_control_conditioning,spatial_state,Carry declared coordinate frame and transition constraints when relevant.
G01,"failure://fluid, material, and vfx/splash_without_surface_displacement/g01",Splash without surface displacement,"Fluid, material, and VFX","[""contract_affecting"",""implementation_affecting"",""verification_affecting""]",requires_visual_or_control_conditioning,identity_ledger,"Use stable entity IDs and signatures whenever actors, voices, products, or props can be rebound."
G01,"failure://fluid, material, and vfx/splash_without_surface_displacement/g01",Splash without surface displacement,"Fluid, material, and VFX","[""contract_affecting"",""implementation_affecting"",""verification_affecting""]",requires_visual_or_control_conditioning,continuity_ledger,"Record precondition, allowed transition, postcondition, visibility interval, and forbidden changes."
G01,"failure://fluid, material, and vfx/splash_without_surface_displacement/g01",Splash without surface displacement,"Fluid, material, and VFX","[""contract_affecting"",""implementation_affecting"",""verification_affecting""]",requires_visual_or_control_conditioning,provider_capability_profile,"Record whether the provider can carry text, reference, keyframe, control-media, seed, repair, and audio requirements without silent loss."
G01,"failure://fluid, material, and vfx/splash_without_surface_displacement/g01",Splash without surface displacement,"Fluid, material, and VFX","[""contract_affecting"",""implementation_affecting"",""verification_affecting""]",requires_visual_or_control_conditioning,serialization_strategy,Emit one provider-native authority representation; do not duplicate semantic authorities.
G01,"failure://fluid, material, and vfx/splash_without_surface_displacement/g01",Splash without surface displacement,"Fluid, material, and VFX","[""contract_affecting"",""implementation_affecting"",""verification_affecting""]",requires_visual_or_control_conditioning,prompt_compression,"Protect hard locks, causal edges, identities, start/end states, and visibility bridges before style adjectives."
G01,"failure://fluid, material, and vfx/splash_without_surface_displacement/g01",Splash without surface displacement,"Fluid, material, and VFX","[""contract_affecting"",""implementation_affecting"",""verification_affecting""]",requires_visual_or_control_conditioning,loss_report,"Report every unsupported, evaluation-only, compressed, or omitted control."
G01,"failure://fluid, material, and vfx/splash_without_surface_displacement/g01",Splash without surface displacement,"Fluid, material, and VFX","[""contract_affecting"",""implementation_affecting"",""verification_affecting""]",requires_visual_or_control_conditioning,verification_plan,"[""metric_causal_edge_accuracy"",""metric_effect_origin_error"",""metric_effect_decay_error"",""metric_material_state_consistency""]"
G01,"failure://fluid, material, and vfx/splash_without_surface_displacement/g01",Splash without surface displacement,"Fluid, material, and VFX","[""contract_affecting"",""implementation_affecting"",""verification_affecting""]",requires_visual_or_control_conditioning,repair_planner,Repair only the smallest failing interval/shot while preserving passing control IDs.
G01,"failure://fluid, material, and vfx/splash_without_surface_displacement/g01",Splash without surface displacement,"Fluid, material, and VFX","[""contract_affecting"",""implementation_affecting"",""verification_affecting""]",requires_visual_or_control_conditioning,experiment_registry,Register matched ablations for G01 with raw artifacts and immutable manifests.
G02,"failure://fluid, material, and vfx/fluid_treated_as_a_solid_or_noninteractive_plane/g02",Fluid treated as a solid or noninteractive plane,"Fluid, material, and VFX","[""contract_affecting"",""implementation_affecting"",""verification_affecting""]",requires_visual_or_control_conditioning,intent_normalization,Preserve the requested invariant and classify ambiguity before compilation.
G02,"failure://fluid, material, and vfx/fluid_treated_as_a_solid_or_noninteractive_plane/g02",Fluid treated as a solid or noninteractive plane,"Fluid, material, and VFX","[""contract_affecting"",""implementation_affecting"",""verification_affecting""]",requires_visual_or_control_conditioning,profile_routing,"Route to the Fluid, material, and VFX risk profile and provider capability filter."
G02,"failure://fluid, material, and vfx/fluid_treated_as_a_solid_or_noninteractive_plane/g02",Fluid treated as a solid or noninteractive plane,"Fluid, material, and VFX","[""contract_affecting"",""implementation_affecting"",""verification_affecting""]",requires_visual_or_control_conditioning,canonical_score,"[""scenes"",""interactions"",""motion"",""continuity.state_ledger"",""style""]"
G02,"failure://fluid, material, and vfx/fluid_treated_as_a_solid_or_noninteractive_plane/g02",Fluid treated as a solid or noninteractive plane,"Fluid, material, and VFX","[""contract_affecting"",""implementation_affecting"",""verification_affecting""]",requires_visual_or_control_conditioning,event_graph,"Add typed nodes/edges only when the failure involves event, causal, role, or transition semantics."
G02,"failure://fluid, material, and vfx/fluid_treated_as_a_solid_or_noninteractive_plane/g02",Fluid treated as a solid or noninteractive plane,"Fluid, material, and VFX","[""contract_affecting"",""implementation_affecting"",""verification_affecting""]",requires_visual_or_control_conditioning,spatial_state,Carry declared coordinate frame and transition constraints when relevant.
G02,"failure://fluid, material, and vfx/fluid_treated_as_a_solid_or_noninteractive_plane/g02",Fluid treated as a solid or noninteractive plane,"Fluid, material, and VFX","[""contract_affecting"",""implementation_affecting"",""verification_affecting""]",requires_visual_or_control_conditioning,identity_ledger,"Use stable entity IDs and signatures whenever actors, voices, products, or props can be rebound."
G02,"failure://fluid, material, and vfx/fluid_treated_as_a_solid_or_noninteractive_plane/g02",Fluid treated as a solid or noninteractive plane,"Fluid, material, and VFX","[""contract_affecting"",""implementation_affecting"",""verification_affecting""]",requires_visual_or_control_conditioning,continuity_ledger,"Record precondition, allowed transition, postcondition, visibility interval, and forbidden changes."
G02,"failure://fluid, material, and vfx/fluid_treated_as_a_solid_or_noninteractive_plane/g02",Fluid treated as a solid or noninteractive plane,"Fluid, material, and VFX","[""contract_affecting"",""implementation_affecting"",""verification_affecting""]",requires_visual_or_control_conditioning,provider_capability_profile,"Record whether the provider can carry text, reference, keyframe, control-media, seed, repair, and audio requirements without silent loss."
G02,"failure://fluid, material, and vfx/fluid_treated_as_a_solid_or_noninteractive_plane/g02",Fluid treated as a solid or noninteractive plane,"Fluid, material, and VFX","[""contract_affecting"",""implementation_affecting"",""verification_affecting""]",requires_visual_or_control_conditioning,serialization_strategy,Emit one provider-native authority representation; do not duplicate semantic authorities.
G02,"failure://fluid, material, and vfx/fluid_treated_as_a_solid_or_noninteractive_plane/g02",Fluid treated as a solid or noninteractive plane,"Fluid, material, and VFX","[""contract_affecting"",""implementation_affecting"",""verification_affecting""]",requires_visual_or_control_conditioning,prompt_compression,"Protect hard locks, causal edges, identities, start/end states, and visibility bridges before style adjectives."
G02,"failure://fluid, material, and vfx/fluid_treated_as_a_solid_or_noninteractive_plane/g02",Fluid treated as a solid or noninteractive plane,"Fluid, material, and VFX","[""contract_affecting"",""implementation_affecting"",""verification_affecting""]",requires_visual_or_control_conditioning,loss_report,"Report every unsupported, evaluation-only, compressed, or omitted control."
G02,"failure://fluid, material, and vfx/fluid_treated_as_a_solid_or_noninteractive_plane/g02",Fluid treated as a solid or noninteractive plane,"Fluid, material, and VFX","[""contract_affecting"",""implementation_affecting"",""verification_affecting""]",requires_visual_or_control_conditioning,verification_plan,"[""metric_material_state_consistency"",""metric_contact_distance"",""metric_penetration_duration"",""metric_support_plausibility""]"
G02,"failure://fluid, material, and vfx/fluid_treated_as_a_solid_or_noninteractive_plane/g02",Fluid treated as a solid or noninteractive plane,"Fluid, material, and VFX","[""contract_affecting"",""implementation_affecting"",""verification_affecting""]",requires_visual_or_control_conditioning,repair_planner,Repair only the smallest failing interval/shot while preserving passing control IDs.
G02,"failure://fluid, material, and vfx/fluid_treated_as_a_solid_or_noninteractive_plane/g02",Fluid treated as a solid or noninteractive plane,"Fluid, material, and VFX","[""contract_affecting"",""implementation_affecting"",""verification_affecting""]",requires_visual_or_control_conditioning,experiment_registry,Register matched ablations for G02 with raw artifacts and immutable manifests.
G03,"failure://fluid, material, and vfx/effect_origin_follows_the_wrong_actor_or_location/g03",Effect origin follows the wrong actor or location,"Fluid, material, and VFX","[""contract_affecting"",""implementation_affecting"",""verification_affecting""]",requires_visual_or_control_conditioning,intent_normalization,Preserve the requested invariant and classify ambiguity before compilation.
G03,"failure://fluid, material, and vfx/effect_origin_follows_the_wrong_actor_or_location/g03",Effect origin follows the wrong actor or location,"Fluid, material, and VFX","[""contract_affecting"",""implementation_affecting"",""verification_affecting""]",requires_visual_or_control_conditioning,profile_routing,"Route to the Fluid, material, and VFX risk profile and provider capability filter."
G03,"failure://fluid, material, and vfx/effect_origin_follows_the_wrong_actor_or_location/g03",Effect origin follows the wrong actor or location,"Fluid, material, and VFX","[""contract_affecting"",""implementation_affecting"",""verification_affecting""]",requires_visual_or_control_conditioning,canonical_score,"[""interactions"",""motion"",""camera"",""style"",""verification_requirements""]"
G03,"failure://fluid, material, and vfx/effect_origin_follows_the_wrong_actor_or_location/g03",Effect origin follows the wrong actor or location,"Fluid, material, and VFX","[""contract_affecting"",""implementation_affecting"",""verification_affecting""]",requires_visual_or_control_conditioning,event_graph,"Add typed nodes/edges only when the failure involves event, causal, role, or transition semantics."
G03,"failure://fluid, material, and vfx/effect_origin_follows_the_wrong_actor_or_location/g03",Effect origin follows the wrong actor or location,"Fluid, material, and VFX","[""contract_affecting"",""implementation_affecting"",""verification_affecting""]",requires_visual_or_control_conditioning,spatial_state,Carry declared coordinate frame and transition constraints when relevant.
G03,"failure://fluid, material, and vfx/effect_origin_follows_the_wrong_actor_or_location/g03",Effect origin follows the wrong actor or location,"Fluid, material, and VFX","[""contract_affecting"",""implementation_affecting"",""verification_affecting""]",requires_visual_or_control_conditioning,identity_ledger,"Use stable entity IDs and signatures whenever actors, voices, products, or props can be rebound."
G03,"failure://fluid, material, and vfx/effect_origin_follows_the_wrong_actor_or_location/g03",Effect origin follows the wrong actor or location,"Fluid, material, and VFX","[""contract_affecting"",""implementation_affecting"",""verification_affecting""]",requires_visual_or_control_conditioning,continuity_ledger,"Record precondition, allowed transition, postcondition, visibility interval, and forbidden changes."
G03,"failure://fluid, material, and vfx/effect_origin_follows_the_wrong_actor_or_location/g03",Effect origin follows the wrong actor or location,"Fluid, material, and VFX","[""contract_affecting"",""implementation_affecting"",""verification_affecting""]",requires_visual_or_control_conditioning,provider_capability_profile,"Record whether the provider can carry text, reference, keyframe, control-media, seed, repair, and audio requirements without silent loss."
G03,"failure://fluid, material, and vfx/effect_origin_follows_the_wrong_actor_or_location/g03",Effect origin follows the wrong actor or location,"Fluid, material, and VFX","[""contract_affecting"",""implementation_affecting"",""verification_affecting""]",requires_visual_or_control_conditioning,serialization_strategy,Emit one provider-native authority representation; do not duplicate semantic authorities.
G03,"failure://fluid, material, and vfx/effect_origin_follows_the_wrong_actor_or_location/g03",Effect origin follows the wrong actor or location,"Fluid, material, and VFX","[""contract_affecting"",""implementation_affecting"",""verification_affecting""]",requires_visual_or_control_conditioning,prompt_compression,"Protect hard locks, causal edges, identities, start/end states, and visibility bridges before style adjectives."
G03,"failure://fluid, material, and vfx/effect_origin_follows_the_wrong_actor_or_location/g03",Effect origin follows the wrong actor or location,"Fluid, material, and VFX","[""contract_affecting"",""implementation_affecting"",""verification_affecting""]",requires_visual_or_control_conditioning,loss_report,"Report every unsupported, evaluation-only, compressed, or omitted control."
G03,"failure://fluid, material, and vfx/effect_origin_follows_the_wrong_actor_or_location/g03",Effect origin follows the wrong actor or location,"Fluid, material, and VFX","[""contract_affecting"",""implementation_affecting"",""verification_affecting""]",requires_visual_or_control_conditioning,verification_plan,"[""metric_effect_origin_error"",""metric_causal_edge_accuracy"",""metric_camera_motion_agreement"",""metric_material_state_consistency""]"
G03,"failure://fluid, material, and vfx/effect_origin_follows_the_wrong_actor_or_location/g03",Effect origin follows the wrong actor or location,"Fluid, material, and VFX","[""contract_affecting"",""implementation_affecting"",""verification_affecting""]",requires_visual_or_control_conditioning,repair_planner,Repair only the smallest failing interval/shot while preserving passing control IDs.
G03,"failure://fluid, material, and vfx/effect_origin_follows_the_wrong_actor_or_location/g03",Effect origin follows the wrong actor or location,"Fluid, material, and VFX","[""contract_affecting"",""implementation_affecting"",""verification_affecting""]",requires_visual_or_control_conditioning,experiment_registry,Register matched ablations for G03 with raw artifacts and immutable manifests.
G04,"failure://fluid, material, and vfx/effect_onset_decay_or_persistence_mismatch/g04","Effect onset, decay, or persistence mismatch","Fluid, material, and VFX","[""contract_affecting"",""implementation_affecting"",""verification_affecting""]",requires_postproduction,intent_normalization,Preserve the requested invariant and classify ambiguity before compilation.
G04,"failure://fluid, material, and vfx/effect_onset_decay_or_persistence_mismatch/g04","Effect onset, decay, or persistence mismatch","Fluid, material, and VFX","[""contract_affecting"",""implementation_affecting"",""verification_affecting""]",requires_postproduction,profile_routing,"Route to the Fluid, material, and VFX risk profile and provider capability filter."
G04,"failure://fluid, material, and vfx/effect_onset_decay_or_persistence_mismatch/g04","Effect onset, decay, or persistence mismatch","Fluid, material, and VFX","[""contract_affecting"",""implementation_affecting"",""verification_affecting""]",requires_postproduction,canonical_score,"[""actions"",""interactions"",""style"",""editing"",""continuity.state_ledger""]"
G04,"failure://fluid, material, and vfx/effect_onset_decay_or_persistence_mismatch/g04","Effect onset, decay, or persistence mismatch","Fluid, material, and VFX","[""contract_affecting"",""implementation_affecting"",""verification_affecting""]",requires_postproduction,event_graph,"Add typed nodes/edges only when the failure involves event, causal, role, or transition semantics."
G04,"failure://fluid, material, and vfx/effect_onset_decay_or_persistence_mismatch/g04","Effect onset, decay, or persistence mismatch","Fluid, material, and VFX","[""contract_affecting"",""implementation_affecting"",""verification_affecting""]",requires_postproduction,spatial_state,Carry declared coordinate frame and transition constraints when relevant.
G04,"failure://fluid, material, and vfx/effect_onset_decay_or_persistence_mismatch/g04","Effect onset, decay, or persistence mismatch","Fluid, material, and VFX","[""contract_affecting"",""implementation_affecting"",""verification_affecting""]",requires_postproduction,identity_ledger,"Use stable entity IDs and signatures whenever actors, voices, products, or props can be rebound."
G04,"failure://fluid, material, and vfx/effect_onset_decay_or_persistence_mismatch/g04","Effect onset, decay, or persistence mismatch","Fluid, material, and VFX","[""contract_affecting"",""implementation_affecting"",""verification_affecting""]",requires_postproduction,continuity_ledger,"Record precondition, allowed transition, postcondition, visibility interval, and forbidden changes."
G04,"failure://fluid, material, and vfx/effect_onset_decay_or_persistence_mismatch/g04","Effect onset, decay, or persistence mismatch","Fluid, material, and VFX","[""contract_affecting"",""implementation_affecting"",""verification_affecting""]",requires_postproduction,provider_capability_profile,"Record whether the provider can carry text, reference, keyframe, control-media, seed, repair, and audio requirements without silent loss."
G04,"failure://fluid, material, and vfx/effect_onset_decay_or_persistence_mismatch/g04","Effect onset, decay, or persistence mismatch","Fluid, material, and VFX","[""contract_affecting"",""implementation_affecting"",""verification_affecting""]",requires_postproduction,serialization_strategy,Emit one provider-native authority representation; do not duplicate semantic authorities.
G04,"failure://fluid, material, and vfx/effect_onset_decay_or_persistence_mismatch/g04","Effect onset, decay, or persistence mismatch","Fluid, material, and VFX","[""contract_affecting"",""implementation_affecting"",""verification_affecting""]",requires_postproduction,prompt_compression,"Protect hard locks, causal edges, identities, start/end states, and visibility bridges before style adjectives."
G04,"failure://fluid, material, and vfx/effect_onset_decay_or_persistence_mismatch/g04","Effect onset, decay, or persistence mismatch","Fluid, material, and VFX","[""contract_affecting"",""implementation_affecting"",""verification_affecting""]",requires_postproduction,loss_report,"Report every unsupported, evaluation-only, compressed, or omitted control."
G04,"failure://fluid, material, and vfx/effect_onset_decay_or_persistence_mismatch/g04","Effect onset, decay, or persistence mismatch","Fluid, material, and VFX","[""contract_affecting"",""implementation_affecting"",""verification_affecting""]",requires_postproduction,verification_plan,"[""metric_effect_decay_error"",""metric_causal_edge_accuracy"",""metric_edit_graphic_classification"",""metric_material_state_consistency""]"
G04,"failure://fluid, material, and vfx/effect_onset_decay_or_persistence_mismatch/g04","Effect onset, decay, or persistence mismatch","Fluid, material, and VFX","[""contract_affecting"",""implementation_affecting"",""verification_affecting""]",requires_postproduction,repair_planner,Repair only the smallest failing interval/shot while preserving passing control IDs.
G04,"failure://fluid, material, and vfx/effect_onset_decay_or_persistence_mismatch/g04","Effect onset, decay, or persistence mismatch","Fluid, material, and VFX","[""contract_affecting"",""implementation_affecting"",""verification_affecting""]",requires_postproduction,experiment_registry,Register matched ablations for G04 with raw artifacts and immutable manifests.
G05,"failure://fluid, material, and vfx/cloth_or_hair_interpenetration_and_attachment_drift/g05",Cloth or hair interpenetration and attachment drift,"Fluid, material, and VFX","[""contract_affecting"",""implementation_affecting"",""verification_affecting""]",requires_visual_or_control_conditioning,intent_normalization,Preserve the requested invariant and classify ambiguity before compilation.
G05,"failure://fluid, material, and vfx/cloth_or_hair_interpenetration_and_attachment_drift/g05",Cloth or hair interpenetration and attachment drift,"Fluid, material, and VFX","[""contract_affecting"",""implementation_affecting"",""verification_affecting""]",requires_visual_or_control_conditioning,profile_routing,"Route to the Fluid, material, and VFX risk profile and provider capability filter."
G05,"failure://fluid, material, and vfx/cloth_or_hair_interpenetration_and_attachment_drift/g05",Cloth or hair interpenetration and attachment drift,"Fluid, material, and VFX","[""contract_affecting"",""implementation_affecting"",""verification_affecting""]",requires_visual_or_control_conditioning,canonical_score,"[""entities"",""motion"",""interactions"",""style"",""continuity.state_ledger""]"
G05,"failure://fluid, material, and vfx/cloth_or_hair_interpenetration_and_attachment_drift/g05",Cloth or hair interpenetration and attachment drift,"Fluid, material, and VFX","[""contract_affecting"",""implementation_affecting"",""verification_affecting""]",requires_visual_or_control_conditioning,event_graph,"Add typed nodes/edges only when the failure involves event, causal, role, or transition semantics."
G05,"failure://fluid, material, and vfx/cloth_or_hair_interpenetration_and_attachment_drift/g05",Cloth or hair interpenetration and attachment drift,"Fluid, material, and VFX","[""contract_affecting"",""implementation_affecting"",""verification_affecting""]",requires_visual_or_control_conditioning,spatial_state,Carry declared coordinate frame and transition constraints when relevant.
G05,"failure://fluid, material, and vfx/cloth_or_hair_interpenetration_and_attachment_drift/g05",Cloth or hair interpenetration and attachment drift,"Fluid, material, and VFX","[""contract_affecting"",""implementation_affecting"",""verification_affecting""]",requires_visual_or_control_conditioning,identity_ledger,"Use stable entity IDs and signatures whenever actors, voices, products, or props can be rebound."
G05,"failure://fluid, material, and vfx/cloth_or_hair_interpenetration_and_attachment_drift/g05",Cloth or hair interpenetration and attachment drift,"Fluid, material, and VFX","[""contract_affecting"",""implementation_affecting"",""verification_affecting""]",requires_visual_or_control_conditioning,continuity_ledger,"Record precondition, allowed transition, postcondition, visibility interval, and forbidden changes."
G05,"failure://fluid, material, and vfx/cloth_or_hair_interpenetration_and_attachment_drift/g05",Cloth or hair interpenetration and attachment drift,"Fluid, material, and VFX","[""contract_affecting"",""implementation_affecting"",""verification_affecting""]",requires_visual_or_control_conditioning,provider_capability_profile,"Record whether the provider can carry text, reference, keyframe, control-media, seed, repair, and audio requirements without silent loss."
G05,"failure://fluid, material, and vfx/cloth_or_hair_interpenetration_and_attachment_drift/g05",Cloth or hair interpenetration and attachment drift,"Fluid, material, and VFX","[""contract_affecting"",""implementation_affecting"",""verification_affecting""]",requires_visual_or_control_conditioning,serialization_strategy,Emit one provider-native authority representation; do not duplicate semantic authorities.
G05,"failure://fluid, material, and vfx/cloth_or_hair_interpenetration_and_attachment_drift/g05",Cloth or hair interpenetration and attachment drift,"Fluid, material, and VFX","[""contract_affecting"",""implementation_affecting"",""verification_affecting""]",requires_visual_or_control_conditioning,prompt_compression,"Protect hard locks, causal edges, identities, start/end states, and visibility bridges before style adjectives."
G05,"failure://fluid, material, and vfx/cloth_or_hair_interpenetration_and_attachment_drift/g05",Cloth or hair interpenetration and attachment drift,"Fluid, material, and VFX","[""contract_affecting"",""implementation_affecting"",""verification_affecting""]",requires_visual_or_control_conditioning,loss_report,"Report every unsupported, evaluation-only, compressed, or omitted control."
G05,"failure://fluid, material, and vfx/cloth_or_hair_interpenetration_and_attachment_drift/g05",Cloth or hair interpenetration and attachment drift,"Fluid, material, and VFX","[""contract_affecting"",""implementation_affecting"",""verification_affecting""]",requires_visual_or_control_conditioning,verification_plan,"[""metric_penetration_duration"",""metric_identity_continuity"",""metric_material_state_consistency"",""metric_anatomy_recovery_latency""]"
G05,"failure://fluid, material, and vfx/cloth_or_hair_interpenetration_and_attachment_drift/g05",Cloth or hair interpenetration and attachment drift,"Fluid, material, and VFX","[""contract_affecting"",""implementation_affecting"",""verification_affecting""]",requires_visual_or_control_conditioning,repair_planner,Repair only the smallest failing interval/shot while preserving passing control IDs.
G05,"failure://fluid, material, and vfx/cloth_or_hair_interpenetration_and_attachment_drift/g05",Cloth or hair interpenetration and attachment drift,"Fluid, material, and VFX","[""contract_affecting"",""implementation_affecting"",""verification_affecting""]",requires_visual_or_control_conditioning,experiment_registry,Register matched ablations for G05 with raw artifacts and immutable manifests.
G06,"failure://fluid, material, and vfx/debris_trajectory_or_source_mismatch/g06",Debris trajectory or source mismatch,"Fluid, material, and VFX","[""contract_affecting"",""implementation_affecting"",""verification_affecting""]",requires_postproduction,intent_normalization,Preserve the requested invariant and classify ambiguity before compilation.
G06,"failure://fluid, material, and vfx/debris_trajectory_or_source_mismatch/g06",Debris trajectory or source mismatch,"Fluid, material, and VFX","[""contract_affecting"",""implementation_affecting"",""verification_affecting""]",requires_postproduction,profile_routing,"Route to the Fluid, material, and VFX risk profile and provider capability filter."
G06,"failure://fluid, material, and vfx/debris_trajectory_or_source_mismatch/g06",Debris trajectory or source mismatch,"Fluid, material, and VFX","[""contract_affecting"",""implementation_affecting"",""verification_affecting""]",requires_postproduction,canonical_score,"[""interactions"",""entities"",""motion"",""continuity.state_ledger"",""style""]"
G06,"failure://fluid, material, and vfx/debris_trajectory_or_source_mismatch/g06",Debris trajectory or source mismatch,"Fluid, material, and VFX","[""contract_affecting"",""implementation_affecting"",""verification_affecting""]",requires_postproduction,event_graph,"Add typed nodes/edges only when the failure involves event, causal, role, or transition semantics."
G06,"failure://fluid, material, and vfx/debris_trajectory_or_source_mismatch/g06",Debris trajectory or source mismatch,"Fluid, material, and VFX","[""contract_affecting"",""implementation_affecting"",""verification_affecting""]",requires_postproduction,spatial_state,Carry declared coordinate frame and transition constraints when relevant.
G06,"failure://fluid, material, and vfx/debris_trajectory_or_source_mismatch/g06",Debris trajectory or source mismatch,"Fluid, material, and VFX","[""contract_affecting"",""implementation_affecting"",""verification_affecting""]",requires_postproduction,identity_ledger,"Use stable entity IDs and signatures whenever actors, voices, products, or props can be rebound."
G06,"failure://fluid, material, and vfx/debris_trajectory_or_source_mismatch/g06",Debris trajectory or source mismatch,"Fluid, material, and VFX","[""contract_affecting"",""implementation_affecting"",""verification_affecting""]",requires_postproduction,continuity_ledger,"Record precondition, allowed transition, postcondition, visibility interval, and forbidden changes."
G06,"failure://fluid, material, and vfx/debris_trajectory_or_source_mismatch/g06",Debris trajectory or source mismatch,"Fluid, material, and VFX","[""contract_affecting"",""implementation_affecting"",""verification_affecting""]",requires_postproduction,provider_capability_profile,"Record whether the provider can carry text, reference, keyframe, control-media, seed, repair, and audio requirements without silent loss."
G06,"failure://fluid, material, and vfx/debris_trajectory_or_source_mismatch/g06",Debris trajectory or source mismatch,"Fluid, material, and VFX","[""contract_affecting"",""implementation_affecting"",""verification_affecting""]",requires_postproduction,serialization_strategy,Emit one provider-native authority representation; do not duplicate semantic authorities.
G06,"failure://fluid, material, and vfx/debris_trajectory_or_source_mismatch/g06",Debris trajectory or source mismatch,"Fluid, material, and VFX","[""contract_affecting"",""implementation_affecting"",""verification_affecting""]",requires_postproduction,prompt_compression,"Protect hard locks, causal edges, identities, start/end states, and visibility bridges before style adjectives."
G06,"failure://fluid, material, and vfx/debris_trajectory_or_source_mismatch/g06",Debris trajectory or source mismatch,"Fluid, material, and VFX","[""contract_affecting"",""implementation_affecting"",""verification_affecting""]",requires_postproduction,loss_report,"Report every unsupported, evaluation-only, compressed, or omitted control."
G06,"failure://fluid, material, and vfx/debris_trajectory_or_source_mismatch/g06",Debris trajectory or source mismatch,"Fluid, material, and VFX","[""contract_affecting"",""implementation_affecting"",""verification_affecting""]",requires_postproduction,verification_plan,"[""metric_causal_edge_accuracy"",""metric_effect_origin_error"",""metric_effect_decay_error"",""metric_object_state_transition""]"
G06,"failure://fluid, material, and vfx/debris_trajectory_or_source_mismatch/g06",Debris trajectory or source mismatch,"Fluid, material, and VFX","[""contract_affecting"",""implementation_affecting"",""verification_affecting""]",requires_postproduction,repair_planner,Repair only the smallest failing interval/shot while preserving passing control IDs.
G06,"failure://fluid, material, and vfx/debris_trajectory_or_source_mismatch/g06",Debris trajectory or source mismatch,"Fluid, material, and VFX","[""contract_affecting"",""implementation_affecting"",""verification_affecting""]",requires_postproduction,experiment_registry,Register matched ablations for G06 with raw artifacts and immutable manifests.
G07,"failure://fluid, material, and vfx/water_level_topology_wetness_or_ripple_state_drift/g07","Water level, topology, wetness, or ripple-state drift","Fluid, material, and VFX","[""contract_affecting"",""implementation_affecting"",""verification_affecting""]",requires_visual_or_control_conditioning,intent_normalization,Preserve the requested invariant and classify ambiguity before compilation.
G07,"failure://fluid, material, and vfx/water_level_topology_wetness_or_ripple_state_drift/g07","Water level, topology, wetness, or ripple-state drift","Fluid, material, and VFX","[""contract_affecting"",""implementation_affecting"",""verification_affecting""]",requires_visual_or_control_conditioning,profile_routing,"Route to the Fluid, material, and VFX risk profile and provider capability filter."
G07,"failure://fluid, material, and vfx/water_level_topology_wetness_or_ripple_state_drift/g07","Water level, topology, wetness, or ripple-state drift","Fluid, material, and VFX","[""contract_affecting"",""implementation_affecting"",""verification_affecting""]",requires_visual_or_control_conditioning,canonical_score,"[""scenes"",""continuity.state_ledger"",""interactions"",""camera"",""editing""]"
G07,"failure://fluid, material, and vfx/water_level_topology_wetness_or_ripple_state_drift/g07","Water level, topology, wetness, or ripple-state drift","Fluid, material, and VFX","[""contract_affecting"",""implementation_affecting"",""verification_affecting""]",requires_visual_or_control_conditioning,event_graph,"Add typed nodes/edges only when the failure involves event, causal, role, or transition semantics."
G07,"failure://fluid, material, and vfx/water_level_topology_wetness_or_ripple_state_drift/g07","Water level, topology, wetness, or ripple-state drift","Fluid, material, and VFX","[""contract_affecting"",""implementation_affecting"",""verification_affecting""]",requires_visual_or_control_conditioning,spatial_state,Carry declared coordinate frame and transition constraints when relevant.
G07,"failure://fluid, material, and vfx/water_level_topology_wetness_or_ripple_state_drift/g07","Water level, topology, wetness, or ripple-state drift","Fluid, material, and VFX","[""contract_affecting"",""implementation_affecting"",""verification_affecting""]",requires_visual_or_control_conditioning,identity_ledger,"Use stable entity IDs and signatures whenever actors, voices, products, or props can be rebound."
G07,"failure://fluid, material, and vfx/water_level_topology_wetness_or_ripple_state_drift/g07","Water level, topology, wetness, or ripple-state drift","Fluid, material, and VFX","[""contract_affecting"",""implementation_affecting"",""verification_affecting""]",requires_visual_or_control_conditioning,continuity_ledger,"Record precondition, allowed transition, postcondition, visibility interval, and forbidden changes."
G07,"failure://fluid, material, and vfx/water_level_topology_wetness_or_ripple_state_drift/g07","Water level, topology, wetness, or ripple-state drift","Fluid, material, and VFX","[""contract_affecting"",""implementation_affecting"",""verification_affecting""]",requires_visual_or_control_conditioning,provider_capability_profile,"Record whether the provider can carry text, reference, keyframe, control-media, seed, repair, and audio requirements without silent loss."
G07,"failure://fluid, material, and vfx/water_level_topology_wetness_or_ripple_state_drift/g07","Water level, topology, wetness, or ripple-state drift","Fluid, material, and VFX","[""contract_affecting"",""implementation_affecting"",""verification_affecting""]",requires_visual_or_control_conditioning,serialization_strategy,Emit one provider-native authority representation; do not duplicate semantic authorities.
G07,"failure://fluid, material, and vfx/water_level_topology_wetness_or_ripple_state_drift/g07","Water level, topology, wetness, or ripple-state drift","Fluid, material, and VFX","[""contract_affecting"",""implementation_affecting"",""verification_affecting""]",requires_visual_or_control_conditioning,prompt_compression,"Protect hard locks, causal edges, identities, start/end states, and visibility bridges before style adjectives."
G07,"failure://fluid, material, and vfx/water_level_topology_wetness_or_ripple_state_drift/g07","Water level, topology, wetness, or ripple-state drift","Fluid, material, and VFX","[""contract_affecting"",""implementation_affecting"",""verification_affecting""]",requires_visual_or_control_conditioning,loss_report,"Report every unsupported, evaluation-only, compressed, or omitted control."
G07,"failure://fluid, material, and vfx/water_level_topology_wetness_or_ripple_state_drift/g07","Water level, topology, wetness, or ripple-state drift","Fluid, material, and VFX","[""contract_affecting"",""implementation_affecting"",""verification_affecting""]",requires_visual_or_control_conditioning,verification_plan,"[""metric_material_state_consistency"",""metric_effect_decay_error"",""metric_camera_motion_agreement"",""metric_object_state_transition""]"
G07,"failure://fluid, material, and vfx/water_level_topology_wetness_or_ripple_state_drift/g07","Water level, topology, wetness, or ripple-state drift","Fluid, material, and VFX","[""contract_affecting"",""implementation_affecting"",""verification_affecting""]",requires_visual_or_control_conditioning,repair_planner,Repair only the smallest failing interval/shot while preserving passing control IDs.
G07,"failure://fluid, material, and vfx/water_level_topology_wetness_or_ripple_state_drift/g07","Water level, topology, wetness, or ripple-state drift","Fluid, material, and VFX","[""contract_affecting"",""implementation_affecting"",""verification_affecting""]",requires_visual_or_control_conditioning,experiment_registry,Register matched ablations for G07 with raw artifacts and immutable manifests.
H01,"failure://camera, edit, and anime discontinuity/camera_pan_or_tracking_becomes_actor_world_movement/h01",Camera pan or tracking becomes actor/world movement,"Camera, edit, and anime discontinuity","[""contract_affecting"",""implementation_affecting"",""verification_affecting""]",requires_visual_or_control_conditioning,intent_normalization,Preserve the requested invariant and classify ambiguity before compilation.
H01,"failure://camera, edit, and anime discontinuity/camera_pan_or_tracking_becomes_actor_world_movement/h01",Camera pan or tracking becomes actor/world movement,"Camera, edit, and anime discontinuity","[""contract_affecting"",""implementation_affecting"",""verification_affecting""]",requires_visual_or_control_conditioning,profile_routing,"Route to the Camera, edit, and anime discontinuity risk profile and provider capability filter."
H01,"failure://camera, edit, and anime discontinuity/camera_pan_or_tracking_becomes_actor_world_movement/h01",Camera pan or tracking becomes actor/world movement,"Camera, edit, and anime discontinuity","[""contract_affecting"",""implementation_affecting"",""verification_affecting""]",requires_visual_or_control_conditioning,canonical_score,"[""camera"",""motion"",""shots"",""scenes"",""verification_requirements""]"
H01,"failure://camera, edit, and anime discontinuity/camera_pan_or_tracking_becomes_actor_world_movement/h01",Camera pan or tracking becomes actor/world movement,"Camera, edit, and anime discontinuity","[""contract_affecting"",""implementation_affecting"",""verification_affecting""]",requires_visual_or_control_conditioning,event_graph,"Add typed nodes/edges only when the failure involves event, causal, role, or transition semantics."
H01,"failure://camera, edit, and anime discontinuity/camera_pan_or_tracking_becomes_actor_world_movement/h01",Camera pan or tracking becomes actor/world movement,"Camera, edit, and anime discontinuity","[""contract_affecting"",""implementation_affecting"",""verification_affecting""]",requires_visual_or_control_conditioning,spatial_state,Carry declared coordinate frame and transition constraints when relevant.
H01,"failure://camera, edit, and anime discontinuity/camera_pan_or_tracking_becomes_actor_world_movement/h01",Camera pan or tracking becomes actor/world movement,"Camera, edit, and anime discontinuity","[""contract_affecting"",""implementation_affecting"",""verification_affecting""]",requires_visual_or_control_conditioning,identity_ledger,"Use stable entity IDs and signatures whenever actors, voices, products, or props can be rebound."
H01,"failure://camera, edit, and anime discontinuity/camera_pan_or_tracking_becomes_actor_world_movement/h01",Camera pan or tracking becomes actor/world movement,"Camera, edit, and anime discontinuity","[""contract_affecting"",""implementation_affecting"",""verification_affecting""]",requires_visual_or_control_conditioning,continuity_ledger,"Record precondition, allowed transition, postcondition, visibility interval, and forbidden changes."
H01,"failure://camera, edit, and anime discontinuity/camera_pan_or_tracking_becomes_actor_world_movement/h01",Camera pan or tracking becomes actor/world movement,"Camera, edit, and anime discontinuity","[""contract_affecting"",""implementation_affecting"",""verification_affecting""]",requires_visual_or_control_conditioning,provider_capability_profile,"Record whether the provider can carry text, reference, keyframe, control-media, seed, repair, and audio requirements without silent loss."
H01,"failure://camera, edit, and anime discontinuity/camera_pan_or_tracking_becomes_actor_world_movement/h01",Camera pan or tracking becomes actor/world movement,"Camera, edit, and anime discontinuity","[""contract_affecting"",""implementation_affecting"",""verification_affecting""]",requires_visual_or_control_conditioning,serialization_strategy,Emit one provider-native authority representation; do not duplicate semantic authorities.
H01,"failure://camera, edit, and anime discontinuity/camera_pan_or_tracking_becomes_actor_world_movement/h01",Camera pan or tracking becomes actor/world movement,"Camera, edit, and anime discontinuity","[""contract_affecting"",""implementation_affecting"",""verification_affecting""]",requires_visual_or_control_conditioning,prompt_compression,"Protect hard locks, causal edges, identities, start/end states, and visibility bridges before style adjectives."
H01,"failure://camera, edit, and anime discontinuity/camera_pan_or_tracking_becomes_actor_world_movement/h01",Camera pan or tracking becomes actor/world movement,"Camera, edit, and anime discontinuity","[""contract_affecting"",""implementation_affecting"",""verification_affecting""]",requires_visual_or_control_conditioning,loss_report,"Report every unsupported, evaluation-only, compressed, or omitted control."
H01,"failure://camera, edit, and anime discontinuity/camera_pan_or_tracking_becomes_actor_world_movement/h01",Camera pan or tracking becomes actor/world movement,"Camera, edit, and anime discontinuity","[""contract_affecting"",""implementation_affecting"",""verification_affecting""]",requires_visual_or_control_conditioning,verification_plan,"[""metric_camera_motion_agreement"",""metric_camera_actor_entanglement"",""metric_screen_direction_consistency"",""metric_momentum_continuity""]"
H01,"failure://camera, edit, and anime discontinuity/camera_pan_or_tracking_becomes_actor_world_movement/h01",Camera pan or tracking becomes actor/world movement,"Camera, edit, and anime discontinuity","[""contract_affecting"",""implementation_affecting"",""verification_affecting""]",requires_visual_or_control_conditioning,repair_planner,Repair only the smallest failing interval/shot while preserving passing control IDs.
H01,"failure://camera, edit, and anime discontinuity/camera_pan_or_tracking_becomes_actor_world_movement/h01",Camera pan or tracking becomes actor/world movement,"Camera, edit, and anime discontinuity","[""contract_affecting"",""implementation_affecting"",""verification_affecting""]",requires_visual_or_control_conditioning,experiment_registry,Register matched ablations for H01 with raw artifacts and immutable manifests.
H02,"failure://camera, edit, and anime discontinuity/zoom_lens_change_causes_scale_or_geometry_inconsistency/h02",Zoom/lens change causes scale or geometry inconsistency,"Camera, edit, and anime discontinuity","[""contract_affecting"",""implementation_affecting"",""verification_affecting""]",requires_visual_or_control_conditioning,intent_normalization,Preserve the requested invariant and classify ambiguity before compilation.
H02,"failure://camera, edit, and anime discontinuity/zoom_lens_change_causes_scale_or_geometry_inconsistency/h02",Zoom/lens change causes scale or geometry inconsistency,"Camera, edit, and anime discontinuity","[""contract_affecting"",""implementation_affecting"",""verification_affecting""]",requires_visual_or_control_conditioning,profile_routing,"Route to the Camera, edit, and anime discontinuity risk profile and provider capability filter."
H02,"failure://camera, edit, and anime discontinuity/zoom_lens_change_causes_scale_or_geometry_inconsistency/h02",Zoom/lens change causes scale or geometry inconsistency,"Camera, edit, and anime discontinuity","[""contract_affecting"",""implementation_affecting"",""verification_affecting""]",requires_visual_or_control_conditioning,canonical_score,"[""camera"",""entities"",""shots"",""continuity.state_ledger"",""style""]"
H02,"failure://camera, edit, and anime discontinuity/zoom_lens_change_causes_scale_or_geometry_inconsistency/h02",Zoom/lens change causes scale or geometry inconsistency,"Camera, edit, and anime discontinuity","[""contract_affecting"",""implementation_affecting"",""verification_affecting""]",requires_visual_or_control_conditioning,event_graph,"Add typed nodes/edges only when the failure involves event, causal, role, or transition semantics."
H02,"failure://camera, edit, and anime discontinuity/zoom_lens_change_causes_scale_or_geometry_inconsistency/h02",Zoom/lens change causes scale or geometry inconsistency,"Camera, edit, and anime discontinuity","[""contract_affecting"",""implementation_affecting"",""verification_affecting""]",requires_visual_or_control_conditioning,spatial_state,Carry declared coordinate frame and transition constraints when relevant.
H02,"failure://camera, edit, and anime discontinuity/zoom_lens_change_causes_scale_or_geometry_inconsistency/h02",Zoom/lens change causes scale or geometry inconsistency,"Camera, edit, and anime discontinuity","[""contract_affecting"",""implementation_affecting"",""verification_affecting""]",requires_visual_or_control_conditioning,identity_ledger,"Use stable entity IDs and signatures whenever actors, voices, products, or props can be rebound."
H02,"failure://camera, edit, and anime discontinuity/zoom_lens_change_causes_scale_or_geometry_inconsistency/h02",Zoom/lens change causes scale or geometry inconsistency,"Camera, edit, and anime discontinuity","[""contract_affecting"",""implementation_affecting"",""verification_affecting""]",requires_visual_or_control_conditioning,continuity_ledger,"Record precondition, allowed transition, postcondition, visibility interval, and forbidden changes."
H02,"failure://camera, edit, and anime discontinuity/zoom_lens_change_causes_scale_or_geometry_inconsistency/h02",Zoom/lens change causes scale or geometry inconsistency,"Camera, edit, and anime discontinuity","[""contract_affecting"",""implementation_affecting"",""verification_affecting""]",requires_visual_or_control_conditioning,provider_capability_profile,"Record whether the provider can carry text, reference, keyframe, control-media, seed, repair, and audio requirements without silent loss."
H02,"failure://camera, edit, and anime discontinuity/zoom_lens_change_causes_scale_or_geometry_inconsistency/h02",Zoom/lens change causes scale or geometry inconsistency,"Camera, edit, and anime discontinuity","[""contract_affecting"",""implementation_affecting"",""verification_affecting""]",requires_visual_or_control_conditioning,serialization_strategy,Emit one provider-native authority representation; do not duplicate semantic authorities.
H02,"failure://camera, edit, and anime discontinuity/zoom_lens_change_causes_scale_or_geometry_inconsistency/h02",Zoom/lens change causes scale or geometry inconsistency,"Camera, edit, and anime discontinuity","[""contract_affecting"",""implementation_affecting"",""verification_affecting""]",requires_visual_or_control_conditioning,prompt_compression,"Protect hard locks, causal edges, identities, start/end states, and visibility bridges before style adjectives."
H02,"failure://camera, edit, and anime discontinuity/zoom_lens_change_causes_scale_or_geometry_inconsistency/h02",Zoom/lens change causes scale or geometry inconsistency,"Camera, edit, and anime discontinuity","[""contract_affecting"",""implementation_affecting"",""verification_affecting""]",requires_visual_or_control_conditioning,loss_report,"Report every unsupported, evaluation-only, compressed, or omitted control."
H02,"failure://camera, edit, and anime discontinuity/zoom_lens_change_causes_scale_or_geometry_inconsistency/h02",Zoom/lens change causes scale or geometry inconsistency,"Camera, edit, and anime discontinuity","[""contract_affecting"",""implementation_affecting"",""verification_affecting""]",requires_visual_or_control_conditioning,verification_plan,"[""metric_camera_motion_agreement"",""metric_identity_continuity"",""metric_spatial_relation_accuracy"",""metric_anatomy_recovery_latency""]"
H02,"failure://camera, edit, and anime discontinuity/zoom_lens_change_causes_scale_or_geometry_inconsistency/h02",Zoom/lens change causes scale or geometry inconsistency,"Camera, edit, and anime discontinuity","[""contract_affecting"",""implementation_affecting"",""verification_affecting""]",requires_visual_or_control_conditioning,repair_planner,Repair only the smallest failing interval/shot while preserving passing control IDs.
H02,"failure://camera, edit, and anime discontinuity/zoom_lens_change_causes_scale_or_geometry_inconsistency/h02",Zoom/lens change causes scale or geometry inconsistency,"Camera, edit, and anime discontinuity","[""contract_affecting"",""implementation_affecting"",""verification_affecting""]",requires_visual_or_control_conditioning,experiment_registry,Register matched ablations for H02 with raw artifacts and immutable manifests.
H03,"failure://camera, edit, and anime discontinuity/tilt_whip_orbit_or_shake_induces_teleportation_or_axis_error/h03","Tilt, whip, orbit, or shake induces teleportation or axis error","Camera, edit, and anime discontinuity","[""contract_affecting"",""implementation_affecting"",""verification_affecting""]",requires_visual_or_control_conditioning,intent_normalization,Preserve the requested invariant and classify ambiguity before compilation.
H03,"failure://camera, edit, and anime discontinuity/tilt_whip_orbit_or_shake_induces_teleportation_or_axis_error/h03","Tilt, whip, orbit, or shake induces teleportation or axis error","Camera, edit, and anime discontinuity","[""contract_affecting"",""implementation_affecting"",""verification_affecting""]",requires_visual_or_control_conditioning,profile_routing,"Route to the Camera, edit, and anime discontinuity risk profile and provider capability filter."
H03,"failure://camera, edit, and anime discontinuity/tilt_whip_orbit_or_shake_induces_teleportation_or_axis_error/h03","Tilt, whip, orbit, or shake induces teleportation or axis error","Camera, edit, and anime discontinuity","[""contract_affecting"",""implementation_affecting"",""verification_affecting""]",requires_visual_or_control_conditioning,canonical_score,"[""camera"",""shots"",""motion"",""editing"",""continuity.state_ledger""]"
H03,"failure://camera, edit, and anime discontinuity/tilt_whip_orbit_or_shake_induces_teleportation_or_axis_error/h03","Tilt, whip, orbit, or shake induces teleportation or axis error","Camera, edit, and anime discontinuity","[""contract_affecting"",""implementation_affecting"",""verification_affecting""]",requires_visual_or_control_conditioning,event_graph,"Add typed nodes/edges only when the failure involves event, causal, role, or transition semantics."
H03,"failure://camera, edit, and anime discontinuity/tilt_whip_orbit_or_shake_induces_teleportation_or_axis_error/h03","Tilt, whip, orbit, or shake induces teleportation or axis error","Camera, edit, and anime discontinuity","[""contract_affecting"",""implementation_affecting"",""verification_affecting""]",requires_visual_or_control_conditioning,spatial_state,Carry declared coordinate frame and transition constraints when relevant.
H03,"failure://camera, edit, and anime discontinuity/tilt_whip_orbit_or_shake_induces_teleportation_or_axis_error/h03","Tilt, whip, orbit, or shake induces teleportation or axis error","Camera, edit, and anime discontinuity","[""contract_affecting"",""implementation_affecting"",""verification_affecting""]",requires_visual_or_control_conditioning,identity_ledger,"Use stable entity IDs and signatures whenever actors, voices, products, or props can be rebound."
H03,"failure://camera, edit, and anime discontinuity/tilt_whip_orbit_or_shake_induces_teleportation_or_axis_error/h03","Tilt, whip, orbit, or shake induces teleportation or axis error","Camera, edit, and anime discontinuity","[""contract_affecting"",""implementation_affecting"",""verification_affecting""]",requires_visual_or_control_conditioning,continuity_ledger,"Record precondition, allowed transition, postcondition, visibility interval, and forbidden changes."
H03,"failure://camera, edit, and anime discontinuity/tilt_whip_orbit_or_shake_induces_teleportation_or_axis_error/h03","Tilt, whip, orbit, or shake induces teleportation or axis error","Camera, edit, and anime discontinuity","[""contract_affecting"",""implementation_affecting"",""verification_affecting""]",requires_visual_or_control_conditioning,provider_capability_profile,"Record whether the provider can carry text, reference, keyframe, control-media, seed, repair, and audio requirements without silent loss."
H03,"failure://camera, edit, and anime discontinuity/tilt_whip_orbit_or_shake_induces_teleportation_or_axis_error/h03","Tilt, whip, orbit, or shake induces teleportation or axis error","Camera, edit, and anime discontinuity","[""contract_affecting"",""implementation_affecting"",""verification_affecting""]",requires_visual_or_control_conditioning,serialization_strategy,Emit one provider-native authority representation; do not duplicate semantic authorities.
H03,"failure://camera, edit, and anime discontinuity/tilt_whip_orbit_or_shake_induces_teleportation_or_axis_error/h03","Tilt, whip, orbit, or shake induces teleportation or axis error","Camera, edit, and anime discontinuity","[""contract_affecting"",""implementation_affecting"",""verification_affecting""]",requires_visual_or_control_conditioning,prompt_compression,"Protect hard locks, causal edges, identities, start/end states, and visibility bridges before style adjectives."
H03,"failure://camera, edit, and anime discontinuity/tilt_whip_orbit_or_shake_induces_teleportation_or_axis_error/h03","Tilt, whip, orbit, or shake induces teleportation or axis error","Camera, edit, and anime discontinuity","[""contract_affecting"",""implementation_affecting"",""verification_affecting""]",requires_visual_or_control_conditioning,loss_report,"Report every unsupported, evaluation-only, compressed, or omitted control."
H03,"failure://camera, edit, and anime discontinuity/tilt_whip_orbit_or_shake_induces_teleportation_or_axis_error/h03","Tilt, whip, orbit, or shake induces teleportation or axis error","Camera, edit, and anime discontinuity","[""contract_affecting"",""implementation_affecting"",""verification_affecting""]",requires_visual_or_control_conditioning,verification_plan,"[""metric_camera_motion_agreement"",""metric_reappearance_position_error"",""metric_axis_crossing_count"",""metric_edit_graphic_classification""]"
H03,"failure://camera, edit, and anime discontinuity/tilt_whip_orbit_or_shake_induces_teleportation_or_axis_error/h03","Tilt, whip, orbit, or shake induces teleportation or axis error","Camera, edit, and anime discontinuity","[""contract_affecting"",""implementation_affecting"",""verification_affecting""]",requires_visual_or_control_conditioning,repair_planner,Repair only the smallest failing interval/shot while preserving passing control IDs.
H03,"failure://camera, edit, and anime discontinuity/tilt_whip_orbit_or_shake_induces_teleportation_or_axis_error/h03","Tilt, whip, orbit, or shake induces teleportation or axis error","Camera, edit, and anime discontinuity","[""contract_affecting"",""implementation_affecting"",""verification_affecting""]",requires_visual_or_control_conditioning,experiment_registry,Register matched ablations for H03 with raw artifacts and immutable manifests.
H04,"failure://camera, edit, and anime discontinuity/motion_blur_destroys_identity_or_topology/h04",Motion blur destroys identity or topology,"Camera, edit, and anime discontinuity","[""contract_affecting"",""implementation_affecting"",""verification_affecting""]",requires_visual_or_control_conditioning,intent_normalization,Preserve the requested invariant and classify ambiguity before compilation.
H04,"failure://camera, edit, and anime discontinuity/motion_blur_destroys_identity_or_topology/h04",Motion blur destroys identity or topology,"Camera, edit, and anime discontinuity","[""contract_affecting"",""implementation_affecting"",""verification_affecting""]",requires_visual_or_control_conditioning,profile_routing,"Route to the Camera, edit, and anime discontinuity risk profile and provider capability filter."
H04,"failure://camera, edit, and anime discontinuity/motion_blur_destroys_identity_or_topology/h04",Motion blur destroys identity or topology,"Camera, edit, and anime discontinuity","[""contract_affecting"",""implementation_affecting"",""verification_affecting""]",requires_visual_or_control_conditioning,canonical_score,"[""style"",""motion"",""entities"",""continuity.visibility_intervals"",""continuity.state_ledger""]"
H04,"failure://camera, edit, and anime discontinuity/motion_blur_destroys_identity_or_topology/h04",Motion blur destroys identity or topology,"Camera, edit, and anime discontinuity","[""contract_affecting"",""implementation_affecting"",""verification_affecting""]",requires_visual_or_control_conditioning,event_graph,"Add typed nodes/edges only when the failure involves event, causal, role, or transition semantics."
H04,"failure://camera, edit, and anime discontinuity/motion_blur_destroys_identity_or_topology/h04",Motion blur destroys identity or topology,"Camera, edit, and anime discontinuity","[""contract_affecting"",""implementation_affecting"",""verification_affecting""]",requires_visual_or_control_conditioning,spatial_state,Carry declared coordinate frame and transition constraints when relevant.
H04,"failure://camera, edit, and anime discontinuity/motion_blur_destroys_identity_or_topology/h04",Motion blur destroys identity or topology,"Camera, edit, and anime discontinuity","[""contract_affecting"",""implementation_affecting"",""verification_affecting""]",requires_visual_or_control_conditioning,identity_ledger,"Use stable entity IDs and signatures whenever actors, voices, products, or props can be rebound."
H04,"failure://camera, edit, and anime discontinuity/motion_blur_destroys_identity_or_topology/h04",Motion blur destroys identity or topology,"Camera, edit, and anime discontinuity","[""contract_affecting"",""implementation_affecting"",""verification_affecting""]",requires_visual_or_control_conditioning,continuity_ledger,"Record precondition, allowed transition, postcondition, visibility interval, and forbidden changes."
H04,"failure://camera, edit, and anime discontinuity/motion_blur_destroys_identity_or_topology/h04",Motion blur destroys identity or topology,"Camera, edit, and anime discontinuity","[""contract_affecting"",""implementation_affecting"",""verification_affecting""]",requires_visual_or_control_conditioning,provider_capability_profile,"Record whether the provider can carry text, reference, keyframe, control-media, seed, repair, and audio requirements without silent loss."
H04,"failure://camera, edit, and anime discontinuity/motion_blur_destroys_identity_or_topology/h04",Motion blur destroys identity or topology,"Camera, edit, and anime discontinuity","[""contract_affecting"",""implementation_affecting"",""verification_affecting""]",requires_visual_or_control_conditioning,serialization_strategy,Emit one provider-native authority representation; do not duplicate semantic authorities.
H04,"failure://camera, edit, and anime discontinuity/motion_blur_destroys_identity_or_topology/h04",Motion blur destroys identity or topology,"Camera, edit, and anime discontinuity","[""contract_affecting"",""implementation_affecting"",""verification_affecting""]",requires_visual_or_control_conditioning,prompt_compression,"Protect hard locks, causal edges, identities, start/end states, and visibility bridges before style adjectives."
H04,"failure://camera, edit, and anime discontinuity/motion_blur_destroys_identity_or_topology/h04",Motion blur destroys identity or topology,"Camera, edit, and anime discontinuity","[""contract_affecting"",""implementation_affecting"",""verification_affecting""]",requires_visual_or_control_conditioning,loss_report,"Report every unsupported, evaluation-only, compressed, or omitted control."
H04,"failure://camera, edit, and anime discontinuity/motion_blur_destroys_identity_or_topology/h04",Motion blur destroys identity or topology,"Camera, edit, and anime discontinuity","[""contract_affecting"",""implementation_affecting"",""verification_affecting""]",requires_visual_or_control_conditioning,verification_plan,"[""metric_identity_continuity"",""metric_anatomy_recovery_latency"",""metric_actor_count_consistency"",""metric_occlusion_continuity""]"
H04,"failure://camera, edit, and anime discontinuity/motion_blur_destroys_identity_or_topology/h04",Motion blur destroys identity or topology,"Camera, edit, and anime discontinuity","[""contract_affecting"",""implementation_affecting"",""verification_affecting""]",requires_visual_or_control_conditioning,repair_planner,Repair only the smallest failing interval/shot while preserving passing control IDs.
H04,"failure://camera, edit, and anime discontinuity/motion_blur_destroys_identity_or_topology/h04",Motion blur destroys identity or topology,"Camera, edit, and anime discontinuity","[""contract_affecting"",""implementation_affecting"",""verification_affecting""]",requires_visual_or_control_conditioning,experiment_registry,Register matched ablations for H04 with raw artifacts and immutable manifests.
H05,"failure://camera, edit, and anime discontinuity/flash_wipe_black_frame_or_cut_causes_scene_reset/h05","Flash, wipe, black frame, or cut causes scene reset","Camera, edit, and anime discontinuity","[""contract_affecting"",""implementation_affecting"",""verification_affecting""]",requires_visual_or_control_conditioning,intent_normalization,Preserve the requested invariant and classify ambiguity before compilation.
H05,"failure://camera, edit, and anime discontinuity/flash_wipe_black_frame_or_cut_causes_scene_reset/h05","Flash, wipe, black frame, or cut causes scene reset","Camera, edit, and anime discontinuity","[""contract_affecting"",""implementation_affecting"",""verification_affecting""]",requires_visual_or_control_conditioning,profile_routing,"Route to the Camera, edit, and anime discontinuity risk profile and provider capability filter."
H05,"failure://camera, edit, and anime discontinuity/flash_wipe_black_frame_or_cut_causes_scene_reset/h05","Flash, wipe, black frame, or cut causes scene reset","Camera, edit, and anime discontinuity","[""contract_affecting"",""implementation_affecting"",""verification_affecting""]",requires_visual_or_control_conditioning,canonical_score,"[""editing"",""style"",""continuity.state_ledger"",""entities"",""shots""]"
H05,"failure://camera, edit, and anime discontinuity/flash_wipe_black_frame_or_cut_causes_scene_reset/h05","Flash, wipe, black frame, or cut causes scene reset","Camera, edit, and anime discontinuity","[""contract_affecting"",""implementation_affecting"",""verification_affecting""]",requires_visual_or_control_conditioning,event_graph,"Add typed nodes/edges only when the failure involves event, causal, role, or transition semantics."
H05,"failure://camera, edit, and anime discontinuity/flash_wipe_black_frame_or_cut_causes_scene_reset/h05","Flash, wipe, black frame, or cut causes scene reset","Camera, edit, and anime discontinuity","[""contract_affecting"",""implementation_affecting"",""verification_affecting""]",requires_visual_or_control_conditioning,spatial_state,Carry declared coordinate frame and transition constraints when relevant.
H05,"failure://camera, edit, and anime discontinuity/flash_wipe_black_frame_or_cut_causes_scene_reset/h05","Flash, wipe, black frame, or cut causes scene reset","Camera, edit, and anime discontinuity","[""contract_affecting"",""implementation_affecting"",""verification_affecting""]",requires_visual_or_control_conditioning,identity_ledger,"Use stable entity IDs and signatures whenever actors, voices, products, or props can be rebound."
H05,"failure://camera, edit, and anime discontinuity/flash_wipe_black_frame_or_cut_causes_scene_reset/h05","Flash, wipe, black frame, or cut causes scene reset","Camera, edit, and anime discontinuity","[""contract_affecting"",""implementation_affecting"",""verification_affecting""]",requires_visual_or_control_conditioning,continuity_ledger,"Record precondition, allowed transition, postcondition, visibility interval, and forbidden changes."
H05,"failure://camera, edit, and anime discontinuity/flash_wipe_black_frame_or_cut_causes_scene_reset/h05","Flash, wipe, black frame, or cut causes scene reset","Camera, edit, and anime discontinuity","[""contract_affecting"",""implementation_affecting"",""verification_affecting""]",requires_visual_or_control_conditioning,provider_capability_profile,"Record whether the provider can carry text, reference, keyframe, control-media, seed, repair, and audio requirements without silent loss."
H05,"failure://camera, edit, and anime discontinuity/flash_wipe_black_frame_or_cut_causes_scene_reset/h05","Flash, wipe, black frame, or cut causes scene reset","Camera, edit, and anime discontinuity","[""contract_affecting"",""implementation_affecting"",""verification_affecting""]",requires_visual_or_control_conditioning,serialization_strategy,Emit one provider-native authority representation; do not duplicate semantic authorities.
H05,"failure://camera, edit, and anime discontinuity/flash_wipe_black_frame_or_cut_causes_scene_reset/h05","Flash, wipe, black frame, or cut causes scene reset","Camera, edit, and anime discontinuity","[""contract_affecting"",""implementation_affecting"",""verification_affecting""]",requires_visual_or_control_conditioning,prompt_compression,"Protect hard locks, causal edges, identities, start/end states, and visibility bridges before style adjectives."
H05,"failure://camera, edit, and anime discontinuity/flash_wipe_black_frame_or_cut_causes_scene_reset/h05","Flash, wipe, black frame, or cut causes scene reset","Camera, edit, and anime discontinuity","[""contract_affecting"",""implementation_affecting"",""verification_affecting""]",requires_visual_or_control_conditioning,loss_report,"Report every unsupported, evaluation-only, compressed, or omitted control."
H05,"failure://camera, edit, and anime discontinuity/flash_wipe_black_frame_or_cut_causes_scene_reset/h05","Flash, wipe, black frame, or cut causes scene reset","Camera, edit, and anime discontinuity","[""contract_affecting"",""implementation_affecting"",""verification_affecting""]",requires_visual_or_control_conditioning,verification_plan,"[""metric_edit_graphic_classification"",""metric_identity_continuity"",""metric_object_state_transition"",""metric_spatial_relation_accuracy""]"
H05,"failure://camera, edit, and anime discontinuity/flash_wipe_black_frame_or_cut_causes_scene_reset/h05","Flash, wipe, black frame, or cut causes scene reset","Camera, edit, and anime discontinuity","[""contract_affecting"",""implementation_affecting"",""verification_affecting""]",requires_visual_or_control_conditioning,repair_planner,Repair only the smallest failing interval/shot while preserving passing control IDs.
H05,"failure://camera, edit, and anime discontinuity/flash_wipe_black_frame_or_cut_causes_scene_reset/h05","Flash, wipe, black frame, or cut causes scene reset","Camera, edit, and anime discontinuity","[""contract_affecting"",""implementation_affecting"",""verification_affecting""]",requires_visual_or_control_conditioning,experiment_registry,Register matched ablations for H05 with raw artifacts and immutable manifests.
H06,"failure://camera, edit, and anime discontinuity/smear_or_perspective_deformation_persists_as_anatomy/h06",Smear or perspective deformation persists as anatomy,"Camera, edit, and anime discontinuity","[""contract_affecting"",""implementation_affecting"",""verification_affecting""]",requires_visual_or_control_conditioning,intent_normalization,Preserve the requested invariant and classify ambiguity before compilation.
H06,"failure://camera, edit, and anime discontinuity/smear_or_perspective_deformation_persists_as_anatomy/h06",Smear or perspective deformation persists as anatomy,"Camera, edit, and anime discontinuity","[""contract_affecting"",""implementation_affecting"",""verification_affecting""]",requires_visual_or_control_conditioning,profile_routing,"Route to the Camera, edit, and anime discontinuity risk profile and provider capability filter."
H06,"failure://camera, edit, and anime discontinuity/smear_or_perspective_deformation_persists_as_anatomy/h06",Smear or perspective deformation persists as anatomy,"Camera, edit, and anime discontinuity","[""contract_affecting"",""implementation_affecting"",""verification_affecting""]",requires_visual_or_control_conditioning,canonical_score,"[""style"",""motion"",""entities"",""continuity.state_ledger"",""editing""]"
H06,"failure://camera, edit, and anime discontinuity/smear_or_perspective_deformation_persists_as_anatomy/h06",Smear or perspective deformation persists as anatomy,"Camera, edit, and anime discontinuity","[""contract_affecting"",""implementation_affecting"",""verification_affecting""]",requires_visual_or_control_conditioning,event_graph,"Add typed nodes/edges only when the failure involves event, causal, role, or transition semantics."
H06,"failure://camera, edit, and anime discontinuity/smear_or_perspective_deformation_persists_as_anatomy/h06",Smear or perspective deformation persists as anatomy,"Camera, edit, and anime discontinuity","[""contract_affecting"",""implementation_affecting"",""verification_affecting""]",requires_visual_or_control_conditioning,spatial_state,Carry declared coordinate frame and transition constraints when relevant.
H06,"failure://camera, edit, and anime discontinuity/smear_or_perspective_deformation_persists_as_anatomy/h06",Smear or perspective deformation persists as anatomy,"Camera, edit, and anime discontinuity","[""contract_affecting"",""implementation_affecting"",""verification_affecting""]",requires_visual_or_control_conditioning,identity_ledger,"Use stable entity IDs and signatures whenever actors, voices, products, or props can be rebound."
H06,"failure://camera, edit, and anime discontinuity/smear_or_perspective_deformation_persists_as_anatomy/h06",Smear or perspective deformation persists as anatomy,"Camera, edit, and anime discontinuity","[""contract_affecting"",""implementation_affecting"",""verification_affecting""]",requires_visual_or_control_conditioning,continuity_ledger,"Record precondition, allowed transition, postcondition, visibility interval, and forbidden changes."
H06,"failure://camera, edit, and anime discontinuity/smear_or_perspective_deformation_persists_as_anatomy/h06",Smear or perspective deformation persists as anatomy,"Camera, edit, and anime discontinuity","[""contract_affecting"",""implementation_affecting"",""verification_affecting""]",requires_visual_or_control_conditioning,provider_capability_profile,"Record whether the provider can carry text, reference, keyframe, control-media, seed, repair, and audio requirements without silent loss."
H06,"failure://camera, edit, and anime discontinuity/smear_or_perspective_deformation_persists_as_anatomy/h06",Smear or perspective deformation persists as anatomy,"Camera, edit, and anime discontinuity","[""contract_affecting"",""implementation_affecting"",""verification_affecting""]",requires_visual_or_control_conditioning,serialization_strategy,Emit one provider-native authority representation; do not duplicate semantic authorities.
H06,"failure://camera, edit, and anime discontinuity/smear_or_perspective_deformation_persists_as_anatomy/h06",Smear or perspective deformation persists as anatomy,"Camera, edit, and anime discontinuity","[""contract_affecting"",""implementation_affecting"",""verification_affecting""]",requires_visual_or_control_conditioning,prompt_compression,"Protect hard locks, causal edges, identities, start/end states, and visibility bridges before style adjectives."
H06,"failure://camera, edit, and anime discontinuity/smear_or_perspective_deformation_persists_as_anatomy/h06",Smear or perspective deformation persists as anatomy,"Camera, edit, and anime discontinuity","[""contract_affecting"",""implementation_affecting"",""verification_affecting""]",requires_visual_or_control_conditioning,loss_report,"Report every unsupported, evaluation-only, compressed, or omitted control."
H06,"failure://camera, edit, and anime discontinuity/smear_or_perspective_deformation_persists_as_anatomy/h06",Smear or perspective deformation persists as anatomy,"Camera, edit, and anime discontinuity","[""contract_affecting"",""implementation_affecting"",""verification_affecting""]",requires_visual_or_control_conditioning,verification_plan,"[""metric_anatomy_recovery_latency"",""metric_identity_continuity"",""metric_actor_count_consistency"",""metric_edit_graphic_classification""]"
H06,"failure://camera, edit, and anime discontinuity/smear_or_perspective_deformation_persists_as_anatomy/h06",Smear or perspective deformation persists as anatomy,"Camera, edit, and anime discontinuity","[""contract_affecting"",""implementation_affecting"",""verification_affecting""]",requires_visual_or_control_conditioning,repair_planner,Repair only the smallest failing interval/shot while preserving passing control IDs.
H06,"failure://camera, edit, and anime discontinuity/smear_or_perspective_deformation_persists_as_anatomy/h06",Smear or perspective deformation persists as anatomy,"Camera, edit, and anime discontinuity","[""contract_affecting"",""implementation_affecting"",""verification_affecting""]",requires_visual_or_control_conditioning,experiment_registry,Register matched ablations for H06 with raw artifacts and immutable manifests.
H07,"failure://camera, edit, and anime discontinuity/post_effect_anatomy_identity_or_style_recovery_failure/h07","Post-effect anatomy, identity, or style recovery failure","Camera, edit, and anime discontinuity","[""contract_affecting"",""implementation_affecting"",""verification_affecting""]",requires_visual_or_control_conditioning,intent_normalization,Preserve the requested invariant and classify ambiguity before compilation.
H07,"failure://camera, edit, and anime discontinuity/post_effect_anatomy_identity_or_style_recovery_failure/h07","Post-effect anatomy, identity, or style recovery failure","Camera, edit, and anime discontinuity","[""contract_affecting"",""implementation_affecting"",""verification_affecting""]",requires_visual_or_control_conditioning,profile_routing,"Route to the Camera, edit, and anime discontinuity risk profile and provider capability filter."
H07,"failure://camera, edit, and anime discontinuity/post_effect_anatomy_identity_or_style_recovery_failure/h07","Post-effect anatomy, identity, or style recovery failure","Camera, edit, and anime discontinuity","[""contract_affecting"",""implementation_affecting"",""verification_affecting""]",requires_visual_or_control_conditioning,canonical_score,"[""continuity.state_ledger"",""style"",""entities"",""motion"",""verification_requirements""]"
H07,"failure://camera, edit, and anime discontinuity/post_effect_anatomy_identity_or_style_recovery_failure/h07","Post-effect anatomy, identity, or style recovery failure","Camera, edit, and anime discontinuity","[""contract_affecting"",""implementation_affecting"",""verification_affecting""]",requires_visual_or_control_conditioning,event_graph,"Add typed nodes/edges only when the failure involves event, causal, role, or transition semantics."
H07,"failure://camera, edit, and anime discontinuity/post_effect_anatomy_identity_or_style_recovery_failure/h07","Post-effect anatomy, identity, or style recovery failure","Camera, edit, and anime discontinuity","[""contract_affecting"",""implementation_affecting"",""verification_affecting""]",requires_visual_or_control_conditioning,spatial_state,Carry declared coordinate frame and transition constraints when relevant.
H07,"failure://camera, edit, and anime discontinuity/post_effect_anatomy_identity_or_style_recovery_failure/h07","Post-effect anatomy, identity, or style recovery failure","Camera, edit, and anime discontinuity","[""contract_affecting"",""implementation_affecting"",""verification_affecting""]",requires_visual_or_control_conditioning,identity_ledger,"Use stable entity IDs and signatures whenever actors, voices, products, or props can be rebound."
H07,"failure://camera, edit, and anime discontinuity/post_effect_anatomy_identity_or_style_recovery_failure/h07","Post-effect anatomy, identity, or style recovery failure","Camera, edit, and anime discontinuity","[""contract_affecting"",""implementation_affecting"",""verification_affecting""]",requires_visual_or_control_conditioning,continuity_ledger,"Record precondition, allowed transition, postcondition, visibility interval, and forbidden changes."
H07,"failure://camera, edit, and anime discontinuity/post_effect_anatomy_identity_or_style_recovery_failure/h07","Post-effect anatomy, identity, or style recovery failure","Camera, edit, and anime discontinuity","[""contract_affecting"",""implementation_affecting"",""verification_affecting""]",requires_visual_or_control_conditioning,provider_capability_profile,"Record whether the provider can carry text, reference, keyframe, control-media, seed, repair, and audio requirements without silent loss."
H07,"failure://camera, edit, and anime discontinuity/post_effect_anatomy_identity_or_style_recovery_failure/h07","Post-effect anatomy, identity, or style recovery failure","Camera, edit, and anime discontinuity","[""contract_affecting"",""implementation_affecting"",""verification_affecting""]",requires_visual_or_control_conditioning,serialization_strategy,Emit one provider-native authority representation; do not duplicate semantic authorities.
H07,"failure://camera, edit, and anime discontinuity/post_effect_anatomy_identity_or_style_recovery_failure/h07","Post-effect anatomy, identity, or style recovery failure","Camera, edit, and anime discontinuity","[""contract_affecting"",""implementation_affecting"",""verification_affecting""]",requires_visual_or_control_conditioning,prompt_compression,"Protect hard locks, causal edges, identities, start/end states, and visibility bridges before style adjectives."
H07,"failure://camera, edit, and anime discontinuity/post_effect_anatomy_identity_or_style_recovery_failure/h07","Post-effect anatomy, identity, or style recovery failure","Camera, edit, and anime discontinuity","[""contract_affecting"",""implementation_affecting"",""verification_affecting""]",requires_visual_or_control_conditioning,loss_report,"Report every unsupported, evaluation-only, compressed, or omitted control."
H07,"failure://camera, edit, and anime discontinuity/post_effect_anatomy_identity_or_style_recovery_failure/h07","Post-effect anatomy, identity, or style recovery failure","Camera, edit, and anime discontinuity","[""contract_affecting"",""implementation_affecting"",""verification_affecting""]",requires_visual_or_control_conditioning,verification_plan,"[""metric_anatomy_recovery_latency"",""metric_identity_continuity"",""metric_object_state_transition"",""metric_human_readability""]"
H07,"failure://camera, edit, and anime discontinuity/post_effect_anatomy_identity_or_style_recovery_failure/h07","Post-effect anatomy, identity, or style recovery failure","Camera, edit, and anime discontinuity","[""contract_affecting"",""implementation_affecting"",""verification_affecting""]",requires_visual_or_control_conditioning,repair_planner,Repair only the smallest failing interval/shot while preserving passing control IDs.
H07,"failure://camera, edit, and anime discontinuity/post_effect_anatomy_identity_or_style_recovery_failure/h07","Post-effect anatomy, identity, or style recovery failure","Camera, edit, and anime discontinuity","[""contract_affecting"",""implementation_affecting"",""verification_affecting""]",requires_visual_or_control_conditioning,experiment_registry,Register matched ablations for H07 with raw artifacts and immutable manifests.
I01,failure://prompt and attention budget/constraint_overload/i01,Constraint overload,Prompt and attention budget,"[""contract_affecting"",""implementation_affecting"",""verification_affecting""]",preventable_by_prompting,intent_normalization,Preserve the requested invariant and classify ambiguity before compilation.
I01,failure://prompt and attention budget/constraint_overload/i01,Constraint overload,Prompt and attention budget,"[""contract_affecting"",""implementation_affecting"",""verification_affecting""]",preventable_by_prompting,profile_routing,Route to the Prompt and attention budget risk profile and provider capability filter.
I01,failure://prompt and attention budget/constraint_overload/i01,Constraint overload,Prompt and attention budget,"[""contract_affecting"",""implementation_affecting"",""verification_affecting""]",preventable_by_prompting,canonical_score,"[""normalized_intent"",""constraints"",""provider_neutral_controls"",""provider_realization"",""warnings""]"
I01,failure://prompt and attention budget/constraint_overload/i01,Constraint overload,Prompt and attention budget,"[""contract_affecting"",""implementation_affecting"",""verification_affecting""]",preventable_by_prompting,event_graph,"Add typed nodes/edges only when the failure involves event, causal, role, or transition semantics."
I01,failure://prompt and attention budget/constraint_overload/i01,Constraint overload,Prompt and attention budget,"[""contract_affecting"",""implementation_affecting"",""verification_affecting""]",preventable_by_prompting,spatial_state,Carry declared coordinate frame and transition constraints when relevant.
I01,failure://prompt and attention budget/constraint_overload/i01,Constraint overload,Prompt and attention budget,"[""contract_affecting"",""implementation_affecting"",""verification_affecting""]",preventable_by_prompting,identity_ledger,"Use stable entity IDs and signatures whenever actors, voices, products, or props can be rebound."
I01,failure://prompt and attention budget/constraint_overload/i01,Constraint overload,Prompt and attention budget,"[""contract_affecting"",""implementation_affecting"",""verification_affecting""]",preventable_by_prompting,continuity_ledger,"Record precondition, allowed transition, postcondition, visibility interval, and forbidden changes."
I01,failure://prompt and attention budget/constraint_overload/i01,Constraint overload,Prompt and attention budget,"[""contract_affecting"",""implementation_affecting"",""verification_affecting""]",preventable_by_prompting,provider_capability_profile,"Record whether the provider can carry text, reference, keyframe, control-media, seed, repair, and audio requirements without silent loss."
I01,failure://prompt and attention budget/constraint_overload/i01,Constraint overload,Prompt and attention budget,"[""contract_affecting"",""implementation_affecting"",""verification_affecting""]",preventable_by_prompting,serialization_strategy,Emit one provider-native authority representation; do not duplicate semantic authorities.
I01,failure://prompt and attention budget/constraint_overload/i01,Constraint overload,Prompt and attention budget,"[""contract_affecting"",""implementation_affecting"",""verification_affecting""]",preventable_by_prompting,prompt_compression,"Protect hard locks, causal edges, identities, start/end states, and visibility bridges before style adjectives."
I01,failure://prompt and attention budget/constraint_overload/i01,Constraint overload,Prompt and attention budget,"[""contract_affecting"",""implementation_affecting"",""verification_affecting""]",preventable_by_prompting,loss_report,"Report every unsupported, evaluation-only, compressed, or omitted control."
I01,failure://prompt and attention budget/constraint_overload/i01,Constraint overload,Prompt and attention budget,"[""contract_affecting"",""implementation_affecting"",""verification_affecting""]",preventable_by_prompting,verification_plan,"[""metric_event_graph_agreement"",""metric_control_retention"",""metric_observability_coverage"",""metric_human_readability""]"
I01,failure://prompt and attention budget/constraint_overload/i01,Constraint overload,Prompt and attention budget,"[""contract_affecting"",""implementation_affecting"",""verification_affecting""]",preventable_by_prompting,repair_planner,Repair only the smallest failing interval/shot while preserving passing control IDs.
I01,failure://prompt and attention budget/constraint_overload/i01,Constraint overload,Prompt and attention budget,"[""contract_affecting"",""implementation_affecting"",""verification_affecting""]",preventable_by_prompting,experiment_registry,Register matched ablations for I01 with raw artifacts and immutable manifests.
I02,failure://prompt and attention budget/under_specification_and_hallucinated_filler/i02,Under-specification and hallucinated filler,Prompt and attention budget,"[""contract_affecting"",""implementation_affecting"",""verification_affecting""]",partially_mitigated_by_prompting,intent_normalization,Preserve the requested invariant and classify ambiguity before compilation.
I02,failure://prompt and attention budget/under_specification_and_hallucinated_filler/i02,Under-specification and hallucinated filler,Prompt and attention budget,"[""contract_affecting"",""implementation_affecting"",""verification_affecting""]",partially_mitigated_by_prompting,profile_routing,Route to the Prompt and attention budget risk profile and provider capability filter.
I02,failure://prompt and attention budget/under_specification_and_hallucinated_filler/i02,Under-specification and hallucinated filler,Prompt and attention budget,"[""contract_affecting"",""implementation_affecting"",""verification_affecting""]",partially_mitigated_by_prompting,canonical_score,"[""normalized_intent"",""entities"",""beats"",""actions"",""continuity"",""constraints""]"
I02,failure://prompt and attention budget/under_specification_and_hallucinated_filler/i02,Under-specification and hallucinated filler,Prompt and attention budget,"[""contract_affecting"",""implementation_affecting"",""verification_affecting""]",partially_mitigated_by_prompting,event_graph,"Add typed nodes/edges only when the failure involves event, causal, role, or transition semantics."
I02,failure://prompt and attention budget/under_specification_and_hallucinated_filler/i02,Under-specification and hallucinated filler,Prompt and attention budget,"[""contract_affecting"",""implementation_affecting"",""verification_affecting""]",partially_mitigated_by_prompting,spatial_state,Carry declared coordinate frame and transition constraints when relevant.
I02,failure://prompt and attention budget/under_specification_and_hallucinated_filler/i02,Under-specification and hallucinated filler,Prompt and attention budget,"[""contract_affecting"",""implementation_affecting"",""verification_affecting""]",partially_mitigated_by_prompting,identity_ledger,"Use stable entity IDs and signatures whenever actors, voices, products, or props can be rebound."
I02,failure://prompt and attention budget/under_specification_and_hallucinated_filler/i02,Under-specification and hallucinated filler,Prompt and attention budget,"[""contract_affecting"",""implementation_affecting"",""verification_affecting""]",partially_mitigated_by_prompting,continuity_ledger,"Record precondition, allowed transition, postcondition, visibility interval, and forbidden changes."
I02,failure://prompt and attention budget/under_specification_and_hallucinated_filler/i02,Under-specification and hallucinated filler,Prompt and attention budget,"[""contract_affecting"",""implementation_affecting"",""verification_affecting""]",partially_mitigated_by_prompting,provider_capability_profile,"Record whether the provider can carry text, reference, keyframe, control-media, seed, repair, and audio requirements without silent loss."
I02,failure://prompt and attention budget/under_specification_and_hallucinated_filler/i02,Under-specification and hallucinated filler,Prompt and attention budget,"[""contract_affecting"",""implementation_affecting"",""verification_affecting""]",partially_mitigated_by_prompting,serialization_strategy,Emit one provider-native authority representation; do not duplicate semantic authorities.
I02,failure://prompt and attention budget/under_specification_and_hallucinated_filler/i02,Under-specification and hallucinated filler,Prompt and attention budget,"[""contract_affecting"",""implementation_affecting"",""verification_affecting""]",partially_mitigated_by_prompting,prompt_compression,"Protect hard locks, causal edges, identities, start/end states, and visibility bridges before style adjectives."
I02,failure://prompt and attention budget/under_specification_and_hallucinated_filler/i02,Under-specification and hallucinated filler,Prompt and attention budget,"[""contract_affecting"",""implementation_affecting"",""verification_affecting""]",partially_mitigated_by_prompting,loss_report,"Report every unsupported, evaluation-only, compressed, or omitted control."
I02,failure://prompt and attention budget/under_specification_and_hallucinated_filler/i02,Under-specification and hallucinated filler,Prompt and attention budget,"[""contract_affecting"",""implementation_affecting"",""verification_affecting""]",partially_mitigated_by_prompting,verification_plan,"[""metric_event_graph_agreement"",""metric_identity_continuity"",""metric_object_state_transition"",""metric_occlusion_continuity""]"
I02,failure://prompt and attention budget/under_specification_and_hallucinated_filler/i02,Under-specification and hallucinated filler,Prompt and attention budget,"[""contract_affecting"",""implementation_affecting"",""verification_affecting""]",partially_mitigated_by_prompting,repair_planner,Repair only the smallest failing interval/shot while preserving passing control IDs.
I02,failure://prompt and attention budget/under_specification_and_hallucinated_filler/i02,Under-specification and hallucinated filler,Prompt and attention budget,"[""contract_affecting"",""implementation_affecting"",""verification_affecting""]",partially_mitigated_by_prompting,experiment_registry,Register matched ablations for I02 with raw artifacts and immutable manifests.
I03,failure://prompt and attention budget/contradictory_instructions_or_impossible_constraint_set/i03,Contradictory instructions or impossible constraint set,Prompt and attention budget,"[""contract_affecting"",""implementation_affecting"",""verification_affecting""]",currently_unreliable_or_unsupported,intent_normalization,Preserve the requested invariant and classify ambiguity before compilation.
I03,failure://prompt and attention budget/contradictory_instructions_or_impossible_constraint_set/i03,Contradictory instructions or impossible constraint set,Prompt and attention budget,"[""contract_affecting"",""implementation_affecting"",""verification_affecting""]",currently_unreliable_or_unsupported,profile_routing,Route to the Prompt and attention budget risk profile and provider capability filter.
I03,failure://prompt and attention budget/contradictory_instructions_or_impossible_constraint_set/i03,Contradictory instructions or impossible constraint set,Prompt and attention budget,"[""contract_affecting"",""implementation_affecting"",""verification_affecting""]",currently_unreliable_or_unsupported,canonical_score,"[""profile_resolution"",""constraints"",""provider_neutral_controls"",""provider_realization"",""unresolved"",""warnings""]"
I03,failure://prompt and attention budget/contradictory_instructions_or_impossible_constraint_set/i03,Contradictory instructions or impossible constraint set,Prompt and attention budget,"[""contract_affecting"",""implementation_affecting"",""verification_affecting""]",currently_unreliable_or_unsupported,event_graph,"Add typed nodes/edges only when the failure involves event, causal, role, or transition semantics."
I03,failure://prompt and attention budget/contradictory_instructions_or_impossible_constraint_set/i03,Contradictory instructions or impossible constraint set,Prompt and attention budget,"[""contract_affecting"",""implementation_affecting"",""verification_affecting""]",currently_unreliable_or_unsupported,spatial_state,Carry declared coordinate frame and transition constraints when relevant.
I03,failure://prompt and attention budget/contradictory_instructions_or_impossible_constraint_set/i03,Contradictory instructions or impossible constraint set,Prompt and attention budget,"[""contract_affecting"",""implementation_affecting"",""verification_affecting""]",currently_unreliable_or_unsupported,identity_ledger,"Use stable entity IDs and signatures whenever actors, voices, products, or props can be rebound."
I03,failure://prompt and attention budget/contradictory_instructions_or_impossible_constraint_set/i03,Contradictory instructions or impossible constraint set,Prompt and attention budget,"[""contract_affecting"",""implementation_affecting"",""verification_affecting""]",currently_unreliable_or_unsupported,continuity_ledger,"Record precondition, allowed transition, postcondition, visibility interval, and forbidden changes."
I03,failure://prompt and attention budget/contradictory_instructions_or_impossible_constraint_set/i03,Contradictory instructions or impossible constraint set,Prompt and attention budget,"[""contract_affecting"",""implementation_affecting"",""verification_affecting""]",currently_unreliable_or_unsupported,provider_capability_profile,"Record whether the provider can carry text, reference, keyframe, control-media, seed, repair, and audio requirements without silent loss."
I03,failure://prompt and attention budget/contradictory_instructions_or_impossible_constraint_set/i03,Contradictory instructions or impossible constraint set,Prompt and attention budget,"[""contract_affecting"",""implementation_affecting"",""verification_affecting""]",currently_unreliable_or_unsupported,serialization_strategy,Emit one provider-native authority representation; do not duplicate semantic authorities.
I03,failure://prompt and attention budget/contradictory_instructions_or_impossible_constraint_set/i03,Contradictory instructions or impossible constraint set,Prompt and attention budget,"[""contract_affecting"",""implementation_affecting"",""verification_affecting""]",currently_unreliable_or_unsupported,prompt_compression,"Protect hard locks, causal edges, identities, start/end states, and visibility bridges before style adjectives."
I03,failure://prompt and attention budget/contradictory_instructions_or_impossible_constraint_set/i03,Contradictory instructions or impossible constraint set,Prompt and attention budget,"[""contract_affecting"",""implementation_affecting"",""verification_affecting""]",currently_unreliable_or_unsupported,loss_report,"Report every unsupported, evaluation-only, compressed, or omitted control."
I03,failure://prompt and attention budget/contradictory_instructions_or_impossible_constraint_set/i03,Contradictory instructions or impossible constraint set,Prompt and attention budget,"[""contract_affecting"",""implementation_affecting"",""verification_affecting""]",currently_unreliable_or_unsupported,verification_plan,"[""metric_observability_coverage"",""metric_control_retention"",""metric_event_graph_agreement""]"
I03,failure://prompt and attention budget/contradictory_instructions_or_impossible_constraint_set/i03,Contradictory instructions or impossible constraint set,Prompt and attention budget,"[""contract_affecting"",""implementation_affecting"",""verification_affecting""]",currently_unreliable_or_unsupported,repair_planner,Repair only the smallest failing interval/shot while preserving passing control IDs.
I03,failure://prompt and attention budget/contradictory_instructions_or_impossible_constraint_set/i03,Contradictory instructions or impossible constraint set,Prompt and attention budget,"[""contract_affecting"",""implementation_affecting"",""verification_affecting""]",currently_unreliable_or_unsupported,experiment_registry,Register matched ablations for I03 with raw artifacts and immutable manifests.
I04,failure://prompt and attention budget/duplicate_format_semantic_competition/i04,Duplicate-format semantic competition,Prompt and attention budget,"[""contract_affecting"",""implementation_affecting"",""verification_affecting""]",preventable_by_prompting,intent_normalization,Preserve the requested invariant and classify ambiguity before compilation.
I04,failure://prompt and attention budget/duplicate_format_semantic_competition/i04,Duplicate-format semantic competition,Prompt and attention budget,"[""contract_affecting"",""implementation_affecting"",""verification_affecting""]",preventable_by_prompting,profile_routing,Route to the Prompt and attention budget risk profile and provider capability filter.
I04,failure://prompt and attention budget/duplicate_format_semantic_competition/i04,Duplicate-format semantic competition,Prompt and attention budget,"[""contract_affecting"",""implementation_affecting"",""verification_affecting""]",preventable_by_prompting,canonical_score,"[""research_translation"",""provider_neutral_controls"",""provider_realization"",""warnings"",""provenance""]"
I04,failure://prompt and attention budget/duplicate_format_semantic_competition/i04,Duplicate-format semantic competition,Prompt and attention budget,"[""contract_affecting"",""implementation_affecting"",""verification_affecting""]",preventable_by_prompting,event_graph,"Add typed nodes/edges only when the failure involves event, causal, role, or transition semantics."
I04,failure://prompt and attention budget/duplicate_format_semantic_competition/i04,Duplicate-format semantic competition,Prompt and attention budget,"[""contract_affecting"",""implementation_affecting"",""verification_affecting""]",preventable_by_prompting,spatial_state,Carry declared coordinate frame and transition constraints when relevant.
I04,failure://prompt and attention budget/duplicate_format_semantic_competition/i04,Duplicate-format semantic competition,Prompt and attention budget,"[""contract_affecting"",""implementation_affecting"",""verification_affecting""]",preventable_by_prompting,identity_ledger,"Use stable entity IDs and signatures whenever actors, voices, products, or props can be rebound."
I04,failure://prompt and attention budget/duplicate_format_semantic_competition/i04,Duplicate-format semantic competition,Prompt and attention budget,"[""contract_affecting"",""implementation_affecting"",""verification_affecting""]",preventable_by_prompting,continuity_ledger,"Record precondition, allowed transition, postcondition, visibility interval, and forbidden changes."
I04,failure://prompt and attention budget/duplicate_format_semantic_competition/i04,Duplicate-format semantic competition,Prompt and attention budget,"[""contract_affecting"",""implementation_affecting"",""verification_affecting""]",preventable_by_prompting,provider_capability_profile,"Record whether the provider can carry text, reference, keyframe, control-media, seed, repair, and audio requirements without silent loss."
I04,failure://prompt and attention budget/duplicate_format_semantic_competition/i04,Duplicate-format semantic competition,Prompt and attention budget,"[""contract_affecting"",""implementation_affecting"",""verification_affecting""]",preventable_by_prompting,serialization_strategy,Emit one provider-native authority representation; do not duplicate semantic authorities.
I04,failure://prompt and attention budget/duplicate_format_semantic_competition/i04,Duplicate-format semantic competition,Prompt and attention budget,"[""contract_affecting"",""implementation_affecting"",""verification_affecting""]",preventable_by_prompting,prompt_compression,"Protect hard locks, causal edges, identities, start/end states, and visibility bridges before style adjectives."
I04,failure://prompt and attention budget/duplicate_format_semantic_competition/i04,Duplicate-format semantic competition,Prompt and attention budget,"[""contract_affecting"",""implementation_affecting"",""verification_affecting""]",preventable_by_prompting,loss_report,"Report every unsupported, evaluation-only, compressed, or omitted control."
I04,failure://prompt and attention budget/duplicate_format_semantic_competition/i04,Duplicate-format semantic competition,Prompt and attention budget,"[""contract_affecting"",""implementation_affecting"",""verification_affecting""]",preventable_by_prompting,verification_plan,"[""metric_control_retention"",""metric_event_graph_agreement"",""metric_observability_coverage"",""metric_human_readability""]"
I04,failure://prompt and attention budget/duplicate_format_semantic_competition/i04,Duplicate-format semantic competition,Prompt and attention budget,"[""contract_affecting"",""implementation_affecting"",""verification_affecting""]",preventable_by_prompting,repair_planner,Repair only the smallest failing interval/shot while preserving passing control IDs.
I04,failure://prompt and attention budget/duplicate_format_semantic_competition/i04,Duplicate-format semantic competition,Prompt and attention budget,"[""contract_affecting"",""implementation_affecting"",""verification_affecting""]",preventable_by_prompting,experiment_registry,Register matched ablations for I04 with raw artifacts and immutable manifests.
I05,failure://prompt and attention budget/negative_instruction_leakage/i05,Negative-instruction leakage,Prompt and attention budget,"[""contract_affecting"",""implementation_affecting"",""verification_affecting""]",preventable_by_prompting,intent_normalization,Preserve the requested invariant and classify ambiguity before compilation.
I05,failure://prompt and attention budget/negative_instruction_leakage/i05,Negative-instruction leakage,Prompt and attention budget,"[""contract_affecting"",""implementation_affecting"",""verification_affecting""]",preventable_by_prompting,profile_routing,Route to the Prompt and attention budget risk profile and provider capability filter.
I05,failure://prompt and attention budget/negative_instruction_leakage/i05,Negative-instruction leakage,Prompt and attention budget,"[""contract_affecting"",""implementation_affecting"",""verification_affecting""]",preventable_by_prompting,canonical_score,"[""constraints"",""provider_realization"",""warnings"",""research_translation""]"
I05,failure://prompt and attention budget/negative_instruction_leakage/i05,Negative-instruction leakage,Prompt and attention budget,"[""contract_affecting"",""implementation_affecting"",""verification_affecting""]",preventable_by_prompting,event_graph,"Add typed nodes/edges only when the failure involves event, causal, role, or transition semantics."
I05,failure://prompt and attention budget/negative_instruction_leakage/i05,Negative-instruction leakage,Prompt and attention budget,"[""contract_affecting"",""implementation_affecting"",""verification_affecting""]",preventable_by_prompting,spatial_state,Carry declared coordinate frame and transition constraints when relevant.
I05,failure://prompt and attention budget/negative_instruction_leakage/i05,Negative-instruction leakage,Prompt and attention budget,"[""contract_affecting"",""implementation_affecting"",""verification_affecting""]",preventable_by_prompting,identity_ledger,"Use stable entity IDs and signatures whenever actors, voices, products, or props can be rebound."
I05,failure://prompt and attention budget/negative_instruction_leakage/i05,Negative-instruction leakage,Prompt and attention budget,"[""contract_affecting"",""implementation_affecting"",""verification_affecting""]",preventable_by_prompting,continuity_ledger,"Record precondition, allowed transition, postcondition, visibility interval, and forbidden changes."
I05,failure://prompt and attention budget/negative_instruction_leakage/i05,Negative-instruction leakage,Prompt and attention budget,"[""contract_affecting"",""implementation_affecting"",""verification_affecting""]",preventable_by_prompting,provider_capability_profile,"Record whether the provider can carry text, reference, keyframe, control-media, seed, repair, and audio requirements without silent loss."
I05,failure://prompt and attention budget/negative_instruction_leakage/i05,Negative-instruction leakage,Prompt and attention budget,"[""contract_affecting"",""implementation_affecting"",""verification_affecting""]",preventable_by_prompting,serialization_strategy,Emit one provider-native authority representation; do not duplicate semantic authorities.
I05,failure://prompt and attention budget/negative_instruction_leakage/i05,Negative-instruction leakage,Prompt and attention budget,"[""contract_affecting"",""implementation_affecting"",""verification_affecting""]",preventable_by_prompting,prompt_compression,"Protect hard locks, causal edges, identities, start/end states, and visibility bridges before style adjectives."
I05,failure://prompt and attention budget/negative_instruction_leakage/i05,Negative-instruction leakage,Prompt and attention budget,"[""contract_affecting"",""implementation_affecting"",""verification_affecting""]",preventable_by_prompting,loss_report,"Report every unsupported, evaluation-only, compressed, or omitted control."
I05,failure://prompt and attention budget/negative_instruction_leakage/i05,Negative-instruction leakage,Prompt and attention budget,"[""contract_affecting"",""implementation_affecting"",""verification_affecting""]",preventable_by_prompting,verification_plan,"[""metric_actor_count_consistency"",""metric_event_graph_agreement"",""metric_control_retention""]"
I05,failure://prompt and attention budget/negative_instruction_leakage/i05,Negative-instruction leakage,Prompt and attention budget,"[""contract_affecting"",""implementation_affecting"",""verification_affecting""]",preventable_by_prompting,repair_planner,Repair only the smallest failing interval/shot while preserving passing control IDs.
I05,failure://prompt and attention budget/negative_instruction_leakage/i05,Negative-instruction leakage,Prompt and attention budget,"[""contract_affecting"",""implementation_affecting"",""verification_affecting""]",preventable_by_prompting,experiment_registry,Register matched ablations for I05 with raw artifacts and immutable manifests.
I06,failure://prompt and attention budget/numeric_precision_illusion/i06,Numeric precision illusion,Prompt and attention budget,"[""contract_affecting"",""implementation_affecting"",""verification_affecting""]",partially_mitigated_by_prompting,intent_normalization,Preserve the requested invariant and classify ambiguity before compilation.
I06,failure://prompt and attention budget/numeric_precision_illusion/i06,Numeric precision illusion,Prompt and attention budget,"[""contract_affecting"",""implementation_affecting"",""verification_affecting""]",partially_mitigated_by_prompting,profile_routing,Route to the Prompt and attention budget risk profile and provider capability filter.
I06,failure://prompt and attention budget/numeric_precision_illusion/i06,Numeric precision illusion,Prompt and attention budget,"[""contract_affecting"",""implementation_affecting"",""verification_affecting""]",partially_mitigated_by_prompting,canonical_score,"[""provider_neutral_controls"",""provider_realization"",""verification_requirements"",""warnings"",""loss_report""]"
I06,failure://prompt and attention budget/numeric_precision_illusion/i06,Numeric precision illusion,Prompt and attention budget,"[""contract_affecting"",""implementation_affecting"",""verification_affecting""]",partially_mitigated_by_prompting,event_graph,"Add typed nodes/edges only when the failure involves event, causal, role, or transition semantics."
I06,failure://prompt and attention budget/numeric_precision_illusion/i06,Numeric precision illusion,Prompt and attention budget,"[""contract_affecting"",""implementation_affecting"",""verification_affecting""]",partially_mitigated_by_prompting,spatial_state,Carry declared coordinate frame and transition constraints when relevant.
I06,failure://prompt and attention budget/numeric_precision_illusion/i06,Numeric precision illusion,Prompt and attention budget,"[""contract_affecting"",""implementation_affecting"",""verification_affecting""]",partially_mitigated_by_prompting,identity_ledger,"Use stable entity IDs and signatures whenever actors, voices, products, or props can be rebound."
I06,failure://prompt and attention budget/numeric_precision_illusion/i06,Numeric precision illusion,Prompt and attention budget,"[""contract_affecting"",""implementation_affecting"",""verification_affecting""]",partially_mitigated_by_prompting,continuity_ledger,"Record precondition, allowed transition, postcondition, visibility interval, and forbidden changes."
I06,failure://prompt and attention budget/numeric_precision_illusion/i06,Numeric precision illusion,Prompt and attention budget,"[""contract_affecting"",""implementation_affecting"",""verification_affecting""]",partially_mitigated_by_prompting,provider_capability_profile,"Record whether the provider can carry text, reference, keyframe, control-media, seed, repair, and audio requirements without silent loss."
I06,failure://prompt and attention budget/numeric_precision_illusion/i06,Numeric precision illusion,Prompt and attention budget,"[""contract_affecting"",""implementation_affecting"",""verification_affecting""]",partially_mitigated_by_prompting,serialization_strategy,Emit one provider-native authority representation; do not duplicate semantic authorities.
I06,failure://prompt and attention budget/numeric_precision_illusion/i06,Numeric precision illusion,Prompt and attention budget,"[""contract_affecting"",""implementation_affecting"",""verification_affecting""]",partially_mitigated_by_prompting,prompt_compression,"Protect hard locks, causal edges, identities, start/end states, and visibility bridges before style adjectives."
I06,failure://prompt and attention budget/numeric_precision_illusion/i06,Numeric precision illusion,Prompt and attention budget,"[""contract_affecting"",""implementation_affecting"",""verification_affecting""]",partially_mitigated_by_prompting,loss_report,"Report every unsupported, evaluation-only, compressed, or omitted control."
I06,failure://prompt and attention budget/numeric_precision_illusion/i06,Numeric precision illusion,Prompt and attention budget,"[""contract_affecting"",""implementation_affecting"",""verification_affecting""]",partially_mitigated_by_prompting,verification_plan,"[""metric_observability_coverage"",""metric_camera_motion_agreement"",""metric_temporal_event_error"",""metric_reappearance_position_error""]"
I06,failure://prompt and attention budget/numeric_precision_illusion/i06,Numeric precision illusion,Prompt and attention budget,"[""contract_affecting"",""implementation_affecting"",""verification_affecting""]",partially_mitigated_by_prompting,repair_planner,Repair only the smallest failing interval/shot while preserving passing control IDs.
I06,failure://prompt and attention budget/numeric_precision_illusion/i06,Numeric precision illusion,Prompt and attention budget,"[""contract_affecting"",""implementation_affecting"",""verification_affecting""]",partially_mitigated_by_prompting,experiment_registry,Register matched ablations for I06 with raw artifacts and immutable manifests.
J01,failure://audio and evaluator/audio_event_lead_or_lag/j01,Audio event lead or lag,Audio and evaluator,"[""contract_affecting"",""implementation_affecting"",""verification_affecting""]",requires_postproduction,intent_normalization,Preserve the requested invariant and classify ambiguity before compilation.
J01,failure://audio and evaluator/audio_event_lead_or_lag/j01,Audio event lead or lag,Audio and evaluator,"[""contract_affecting"",""implementation_affecting"",""verification_affecting""]",requires_postproduction,profile_routing,Route to the Audio and evaluator risk profile and provider capability filter.
J01,failure://audio and evaluator/audio_event_lead_or_lag/j01,Audio event lead or lag,Audio and evaluator,"[""contract_affecting"",""implementation_affecting"",""verification_affecting""]",requires_postproduction,canonical_score,"[""audio"",""actions"",""interactions"",""beats"",""verification_requirements""]"
J01,failure://audio and evaluator/audio_event_lead_or_lag/j01,Audio event lead or lag,Audio and evaluator,"[""contract_affecting"",""implementation_affecting"",""verification_affecting""]",requires_postproduction,event_graph,"Add typed nodes/edges only when the failure involves event, causal, role, or transition semantics."
J01,failure://audio and evaluator/audio_event_lead_or_lag/j01,Audio event lead or lag,Audio and evaluator,"[""contract_affecting"",""implementation_affecting"",""verification_affecting""]",requires_postproduction,spatial_state,Carry declared coordinate frame and transition constraints when relevant.
J01,failure://audio and evaluator/audio_event_lead_or_lag/j01,Audio event lead or lag,Audio and evaluator,"[""contract_affecting"",""implementation_affecting"",""verification_affecting""]",requires_postproduction,identity_ledger,"Use stable entity IDs and signatures whenever actors, voices, products, or props can be rebound."
J01,failure://audio and evaluator/audio_event_lead_or_lag/j01,Audio event lead or lag,Audio and evaluator,"[""contract_affecting"",""implementation_affecting"",""verification_affecting""]",requires_postproduction,continuity_ledger,"Record precondition, allowed transition, postcondition, visibility interval, and forbidden changes."
J01,failure://audio and evaluator/audio_event_lead_or_lag/j01,Audio event lead or lag,Audio and evaluator,"[""contract_affecting"",""implementation_affecting"",""verification_affecting""]",requires_postproduction,provider_capability_profile,"Record whether the provider can carry text, reference, keyframe, control-media, seed, repair, and audio requirements without silent loss."
J01,failure://audio and evaluator/audio_event_lead_or_lag/j01,Audio event lead or lag,Audio and evaluator,"[""contract_affecting"",""implementation_affecting"",""verification_affecting""]",requires_postproduction,serialization_strategy,Emit one provider-native authority representation; do not duplicate semantic authorities.
J01,failure://audio and evaluator/audio_event_lead_or_lag/j01,Audio event lead or lag,Audio and evaluator,"[""contract_affecting"",""implementation_affecting"",""verification_affecting""]",requires_postproduction,prompt_compression,"Protect hard locks, causal edges, identities, start/end states, and visibility bridges before style adjectives."
J01,failure://audio and evaluator/audio_event_lead_or_lag/j01,Audio event lead or lag,Audio and evaluator,"[""contract_affecting"",""implementation_affecting"",""verification_affecting""]",requires_postproduction,loss_report,"Report every unsupported, evaluation-only, compressed, or omitted control."
J01,failure://audio and evaluator/audio_event_lead_or_lag/j01,Audio event lead or lag,Audio and evaluator,"[""contract_affecting"",""implementation_affecting"",""verification_affecting""]",requires_postproduction,verification_plan,"[""metric_audio_event_alignment"",""metric_temporal_event_error"",""metric_causal_edge_accuracy""]"
J01,failure://audio and evaluator/audio_event_lead_or_lag/j01,Audio event lead or lag,Audio and evaluator,"[""contract_affecting"",""implementation_affecting"",""verification_affecting""]",requires_postproduction,repair_planner,Repair only the smallest failing interval/shot while preserving passing control IDs.
J01,failure://audio and evaluator/audio_event_lead_or_lag/j01,Audio event lead or lag,Audio and evaluator,"[""contract_affecting"",""implementation_affecting"",""verification_affecting""]",requires_postproduction,experiment_registry,Register matched ablations for J01 with raw artifacts and immutable manifests.
J02,failure://audio and evaluator/speech_lip_synchronization_mismatch/j02,Speech–lip synchronization mismatch,Audio and evaluator,"[""contract_affecting"",""implementation_affecting"",""verification_affecting""]",requires_postproduction,intent_normalization,Preserve the requested invariant and classify ambiguity before compilation.
J02,failure://audio and evaluator/speech_lip_synchronization_mismatch/j02,Speech–lip synchronization mismatch,Audio and evaluator,"[""contract_affecting"",""implementation_affecting"",""verification_affecting""]",requires_postproduction,profile_routing,Route to the Audio and evaluator risk profile and provider capability filter.
J02,failure://audio and evaluator/speech_lip_synchronization_mismatch/j02,Speech–lip synchronization mismatch,Audio and evaluator,"[""contract_affecting"",""implementation_affecting"",""verification_affecting""]",requires_postproduction,canonical_score,"[""audio"",""entities"",""performance"",""actions"",""verification_requirements""]"
J02,failure://audio and evaluator/speech_lip_synchronization_mismatch/j02,Speech–lip synchronization mismatch,Audio and evaluator,"[""contract_affecting"",""implementation_affecting"",""verification_affecting""]",requires_postproduction,event_graph,"Add typed nodes/edges only when the failure involves event, causal, role, or transition semantics."
J02,failure://audio and evaluator/speech_lip_synchronization_mismatch/j02,Speech–lip synchronization mismatch,Audio and evaluator,"[""contract_affecting"",""implementation_affecting"",""verification_affecting""]",requires_postproduction,spatial_state,Carry declared coordinate frame and transition constraints when relevant.
J02,failure://audio and evaluator/speech_lip_synchronization_mismatch/j02,Speech–lip synchronization mismatch,Audio and evaluator,"[""contract_affecting"",""implementation_affecting"",""verification_affecting""]",requires_postproduction,identity_ledger,"Use stable entity IDs and signatures whenever actors, voices, products, or props can be rebound."
J02,failure://audio and evaluator/speech_lip_synchronization_mismatch/j02,Speech–lip synchronization mismatch,Audio and evaluator,"[""contract_affecting"",""implementation_affecting"",""verification_affecting""]",requires_postproduction,continuity_ledger,"Record precondition, allowed transition, postcondition, visibility interval, and forbidden changes."
J02,failure://audio and evaluator/speech_lip_synchronization_mismatch/j02,Speech–lip synchronization mismatch,Audio and evaluator,"[""contract_affecting"",""implementation_affecting"",""verification_affecting""]",requires_postproduction,provider_capability_profile,"Record whether the provider can carry text, reference, keyframe, control-media, seed, repair, and audio requirements without silent loss."
J02,failure://audio and evaluator/speech_lip_synchronization_mismatch/j02,Speech–lip synchronization mismatch,Audio and evaluator,"[""contract_affecting"",""implementation_affecting"",""verification_affecting""]",requires_postproduction,serialization_strategy,Emit one provider-native authority representation; do not duplicate semantic authorities.
J02,failure://audio and evaluator/speech_lip_synchronization_mismatch/j02,Speech–lip synchronization mismatch,Audio and evaluator,"[""contract_affecting"",""implementation_affecting"",""verification_affecting""]",requires_postproduction,prompt_compression,"Protect hard locks, causal edges, identities, start/end states, and visibility bridges before style adjectives."
J02,failure://audio and evaluator/speech_lip_synchronization_mismatch/j02,Speech–lip synchronization mismatch,Audio and evaluator,"[""contract_affecting"",""implementation_affecting"",""verification_affecting""]",requires_postproduction,loss_report,"Report every unsupported, evaluation-only, compressed, or omitted control."
J02,failure://audio and evaluator/speech_lip_synchronization_mismatch/j02,Speech–lip synchronization mismatch,Audio and evaluator,"[""contract_affecting"",""implementation_affecting"",""verification_affecting""]",requires_postproduction,verification_plan,"[""metric_lip_sync_offset"",""metric_role_assignment_accuracy"",""metric_audio_event_alignment"",""metric_identity_continuity""]"
J02,failure://audio and evaluator/speech_lip_synchronization_mismatch/j02,Speech–lip synchronization mismatch,Audio and evaluator,"[""contract_affecting"",""implementation_affecting"",""verification_affecting""]",requires_postproduction,repair_planner,Repair only the smallest failing interval/shot while preserving passing control IDs.
J02,failure://audio and evaluator/speech_lip_synchronization_mismatch/j02,Speech–lip synchronization mismatch,Audio and evaluator,"[""contract_affecting"",""implementation_affecting"",""verification_affecting""]",requires_postproduction,experiment_registry,Register matched ablations for J02 with raw artifacts and immutable manifests.
J03,failure://audio and evaluator/sound_hallucination_omission_or_wrong_source/j03,"Sound hallucination, omission, or wrong source",Audio and evaluator,"[""contract_affecting"",""implementation_affecting"",""verification_affecting""]",requires_postproduction,intent_normalization,Preserve the requested invariant and classify ambiguity before compilation.
J03,failure://audio and evaluator/sound_hallucination_omission_or_wrong_source/j03,"Sound hallucination, omission, or wrong source",Audio and evaluator,"[""contract_affecting"",""implementation_affecting"",""verification_affecting""]",requires_postproduction,profile_routing,Route to the Audio and evaluator risk profile and provider capability filter.
J03,failure://audio and evaluator/sound_hallucination_omission_or_wrong_source/j03,"Sound hallucination, omission, or wrong source",Audio and evaluator,"[""contract_affecting"",""implementation_affecting"",""verification_affecting""]",requires_postproduction,canonical_score,"[""audio"",""actions"",""entities"",""scenes"",""constraints""]"
J03,failure://audio and evaluator/sound_hallucination_omission_or_wrong_source/j03,"Sound hallucination, omission, or wrong source",Audio and evaluator,"[""contract_affecting"",""implementation_affecting"",""verification_affecting""]",requires_postproduction,event_graph,"Add typed nodes/edges only when the failure involves event, causal, role, or transition semantics."
J03,failure://audio and evaluator/sound_hallucination_omission_or_wrong_source/j03,"Sound hallucination, omission, or wrong source",Audio and evaluator,"[""contract_affecting"",""implementation_affecting"",""verification_affecting""]",requires_postproduction,spatial_state,Carry declared coordinate frame and transition constraints when relevant.
J03,failure://audio and evaluator/sound_hallucination_omission_or_wrong_source/j03,"Sound hallucination, omission, or wrong source",Audio and evaluator,"[""contract_affecting"",""implementation_affecting"",""verification_affecting""]",requires_postproduction,identity_ledger,"Use stable entity IDs and signatures whenever actors, voices, products, or props can be rebound."
J03,failure://audio and evaluator/sound_hallucination_omission_or_wrong_source/j03,"Sound hallucination, omission, or wrong source",Audio and evaluator,"[""contract_affecting"",""implementation_affecting"",""verification_affecting""]",requires_postproduction,continuity_ledger,"Record precondition, allowed transition, postcondition, visibility interval, and forbidden changes."
J03,failure://audio and evaluator/sound_hallucination_omission_or_wrong_source/j03,"Sound hallucination, omission, or wrong source",Audio and evaluator,"[""contract_affecting"",""implementation_affecting"",""verification_affecting""]",requires_postproduction,provider_capability_profile,"Record whether the provider can carry text, reference, keyframe, control-media, seed, repair, and audio requirements without silent loss."
J03,failure://audio and evaluator/sound_hallucination_omission_or_wrong_source/j03,"Sound hallucination, omission, or wrong source",Audio and evaluator,"[""contract_affecting"",""implementation_affecting"",""verification_affecting""]",requires_postproduction,serialization_strategy,Emit one provider-native authority representation; do not duplicate semantic authorities.
J03,failure://audio and evaluator/sound_hallucination_omission_or_wrong_source/j03,"Sound hallucination, omission, or wrong source",Audio and evaluator,"[""contract_affecting"",""implementation_affecting"",""verification_affecting""]",requires_postproduction,prompt_compression,"Protect hard locks, causal edges, identities, start/end states, and visibility bridges before style adjectives."
J03,failure://audio and evaluator/sound_hallucination_omission_or_wrong_source/j03,"Sound hallucination, omission, or wrong source",Audio and evaluator,"[""contract_affecting"",""implementation_affecting"",""verification_affecting""]",requires_postproduction,loss_report,"Report every unsupported, evaluation-only, compressed, or omitted control."
J03,failure://audio and evaluator/sound_hallucination_omission_or_wrong_source/j03,"Sound hallucination, omission, or wrong source",Audio and evaluator,"[""contract_affecting"",""implementation_affecting"",""verification_affecting""]",requires_postproduction,verification_plan,"[""metric_audio_event_alignment"",""metric_event_graph_agreement"",""metric_role_assignment_accuracy""]"
J03,failure://audio and evaluator/sound_hallucination_omission_or_wrong_source/j03,"Sound hallucination, omission, or wrong source",Audio and evaluator,"[""contract_affecting"",""implementation_affecting"",""verification_affecting""]",requires_postproduction,repair_planner,Repair only the smallest failing interval/shot while preserving passing control IDs.
J03,failure://audio and evaluator/sound_hallucination_omission_or_wrong_source/j03,"Sound hallucination, omission, or wrong source",Audio and evaluator,"[""contract_affecting"",""implementation_affecting"",""verification_affecting""]",requires_postproduction,experiment_registry,Register matched ablations for J03 with raw artifacts and immutable manifests.
J04,failure://audio and evaluator/vlm_misses_fast_action_or_invents_contact/j04,VLM misses fast action or invents contact,Audio and evaluator,"[""contract_affecting"",""implementation_affecting"",""verification_affecting""]",currently_unreliable_or_unsupported,intent_normalization,Preserve the requested invariant and classify ambiguity before compilation.
J04,failure://audio and evaluator/vlm_misses_fast_action_or_invents_contact/j04,VLM misses fast action or invents contact,Audio and evaluator,"[""contract_affecting"",""implementation_affecting"",""verification_affecting""]",currently_unreliable_or_unsupported,profile_routing,Route to the Audio and evaluator risk profile and provider capability filter.
J04,failure://audio and evaluator/vlm_misses_fast_action_or_invents_contact/j04,VLM misses fast action or invents contact,Audio and evaluator,"[""contract_affecting"",""implementation_affecting"",""verification_affecting""]",currently_unreliable_or_unsupported,canonical_score,"[""verification_requirements"",""evidence_trace"",""repair_plan"",""warnings""]"
J04,failure://audio and evaluator/vlm_misses_fast_action_or_invents_contact/j04,VLM misses fast action or invents contact,Audio and evaluator,"[""contract_affecting"",""implementation_affecting"",""verification_affecting""]",currently_unreliable_or_unsupported,event_graph,"Add typed nodes/edges only when the failure involves event, causal, role, or transition semantics."
J04,failure://audio and evaluator/vlm_misses_fast_action_or_invents_contact/j04,VLM misses fast action or invents contact,Audio and evaluator,"[""contract_affecting"",""implementation_affecting"",""verification_affecting""]",currently_unreliable_or_unsupported,spatial_state,Carry declared coordinate frame and transition constraints when relevant.
J04,failure://audio and evaluator/vlm_misses_fast_action_or_invents_contact/j04,VLM misses fast action or invents contact,Audio and evaluator,"[""contract_affecting"",""implementation_affecting"",""verification_affecting""]",currently_unreliable_or_unsupported,identity_ledger,"Use stable entity IDs and signatures whenever actors, voices, products, or props can be rebound."
J04,failure://audio and evaluator/vlm_misses_fast_action_or_invents_contact/j04,VLM misses fast action or invents contact,Audio and evaluator,"[""contract_affecting"",""implementation_affecting"",""verification_affecting""]",currently_unreliable_or_unsupported,continuity_ledger,"Record precondition, allowed transition, postcondition, visibility interval, and forbidden changes."
J04,failure://audio and evaluator/vlm_misses_fast_action_or_invents_contact/j04,VLM misses fast action or invents contact,Audio and evaluator,"[""contract_affecting"",""implementation_affecting"",""verification_affecting""]",currently_unreliable_or_unsupported,provider_capability_profile,"Record whether the provider can carry text, reference, keyframe, control-media, seed, repair, and audio requirements without silent loss."
J04,failure://audio and evaluator/vlm_misses_fast_action_or_invents_contact/j04,VLM misses fast action or invents contact,Audio and evaluator,"[""contract_affecting"",""implementation_affecting"",""verification_affecting""]",currently_unreliable_or_unsupported,serialization_strategy,Emit one provider-native authority representation; do not duplicate semantic authorities.
J04,failure://audio and evaluator/vlm_misses_fast_action_or_invents_contact/j04,VLM misses fast action or invents contact,Audio and evaluator,"[""contract_affecting"",""implementation_affecting"",""verification_affecting""]",currently_unreliable_or_unsupported,prompt_compression,"Protect hard locks, causal edges, identities, start/end states, and visibility bridges before style adjectives."
J04,failure://audio and evaluator/vlm_misses_fast_action_or_invents_contact/j04,VLM misses fast action or invents contact,Audio and evaluator,"[""contract_affecting"",""implementation_affecting"",""verification_affecting""]",currently_unreliable_or_unsupported,loss_report,"Report every unsupported, evaluation-only, compressed, or omitted control."
J04,failure://audio and evaluator/vlm_misses_fast_action_or_invents_contact/j04,VLM misses fast action or invents contact,Audio and evaluator,"[""contract_affecting"",""implementation_affecting"",""verification_affecting""]",currently_unreliable_or_unsupported,verification_plan,"[""metric_evaluator_disagreement"",""metric_observability_coverage"",""metric_contact_distance"",""metric_event_graph_agreement""]"
J04,failure://audio and evaluator/vlm_misses_fast_action_or_invents_contact/j04,VLM misses fast action or invents contact,Audio and evaluator,"[""contract_affecting"",""implementation_affecting"",""verification_affecting""]",currently_unreliable_or_unsupported,repair_planner,Repair only the smallest failing interval/shot while preserving passing control IDs.
J04,failure://audio and evaluator/vlm_misses_fast_action_or_invents_contact/j04,VLM misses fast action or invents contact,Audio and evaluator,"[""contract_affecting"",""implementation_affecting"",""verification_affecting""]",currently_unreliable_or_unsupported,experiment_registry,Register matched ablations for J04 with raw artifacts and immutable manifests.
J05,failure://audio and evaluator/tracker_identity_swap_or_occlusion_loss/j05,Tracker identity swap or occlusion loss,Audio and evaluator,"[""contract_affecting"",""implementation_affecting"",""verification_affecting""]",currently_unreliable_or_unsupported,intent_normalization,Preserve the requested invariant and classify ambiguity before compilation.
J05,failure://audio and evaluator/tracker_identity_swap_or_occlusion_loss/j05,Tracker identity swap or occlusion loss,Audio and evaluator,"[""contract_affecting"",""implementation_affecting"",""verification_affecting""]",currently_unreliable_or_unsupported,profile_routing,Route to the Audio and evaluator risk profile and provider capability filter.
J05,failure://audio and evaluator/tracker_identity_swap_or_occlusion_loss/j05,Tracker identity swap or occlusion loss,Audio and evaluator,"[""contract_affecting"",""implementation_affecting"",""verification_affecting""]",currently_unreliable_or_unsupported,canonical_score,"[""verification_requirements"",""continuity.visibility_intervals"",""evidence_trace"",""repair_plan""]"
J05,failure://audio and evaluator/tracker_identity_swap_or_occlusion_loss/j05,Tracker identity swap or occlusion loss,Audio and evaluator,"[""contract_affecting"",""implementation_affecting"",""verification_affecting""]",currently_unreliable_or_unsupported,event_graph,"Add typed nodes/edges only when the failure involves event, causal, role, or transition semantics."
J05,failure://audio and evaluator/tracker_identity_swap_or_occlusion_loss/j05,Tracker identity swap or occlusion loss,Audio and evaluator,"[""contract_affecting"",""implementation_affecting"",""verification_affecting""]",currently_unreliable_or_unsupported,spatial_state,Carry declared coordinate frame and transition constraints when relevant.
J05,failure://audio and evaluator/tracker_identity_swap_or_occlusion_loss/j05,Tracker identity swap or occlusion loss,Audio and evaluator,"[""contract_affecting"",""implementation_affecting"",""verification_affecting""]",currently_unreliable_or_unsupported,identity_ledger,"Use stable entity IDs and signatures whenever actors, voices, products, or props can be rebound."
J05,failure://audio and evaluator/tracker_identity_swap_or_occlusion_loss/j05,Tracker identity swap or occlusion loss,Audio and evaluator,"[""contract_affecting"",""implementation_affecting"",""verification_affecting""]",currently_unreliable_or_unsupported,continuity_ledger,"Record precondition, allowed transition, postcondition, visibility interval, and forbidden changes."
J05,failure://audio and evaluator/tracker_identity_swap_or_occlusion_loss/j05,Tracker identity swap or occlusion loss,Audio and evaluator,"[""contract_affecting"",""implementation_affecting"",""verification_affecting""]",currently_unreliable_or_unsupported,provider_capability_profile,"Record whether the provider can carry text, reference, keyframe, control-media, seed, repair, and audio requirements without silent loss."
J05,failure://audio and evaluator/tracker_identity_swap_or_occlusion_loss/j05,Tracker identity swap or occlusion loss,Audio and evaluator,"[""contract_affecting"",""implementation_affecting"",""verification_affecting""]",currently_unreliable_or_unsupported,serialization_strategy,Emit one provider-native authority representation; do not duplicate semantic authorities.
J05,failure://audio and evaluator/tracker_identity_swap_or_occlusion_loss/j05,Tracker identity swap or occlusion loss,Audio and evaluator,"[""contract_affecting"",""implementation_affecting"",""verification_affecting""]",currently_unreliable_or_unsupported,prompt_compression,"Protect hard locks, causal edges, identities, start/end states, and visibility bridges before style adjectives."
J05,failure://audio and evaluator/tracker_identity_swap_or_occlusion_loss/j05,Tracker identity swap or occlusion loss,Audio and evaluator,"[""contract_affecting"",""implementation_affecting"",""verification_affecting""]",currently_unreliable_or_unsupported,loss_report,"Report every unsupported, evaluation-only, compressed, or omitted control."
J05,failure://audio and evaluator/tracker_identity_swap_or_occlusion_loss/j05,Tracker identity swap or occlusion loss,Audio and evaluator,"[""contract_affecting"",""implementation_affecting"",""verification_affecting""]",currently_unreliable_or_unsupported,verification_plan,"[""metric_evaluator_disagreement"",""metric_visibility_bridge_coverage"",""metric_reappearance_position_error"",""metric_identity_continuity""]"
J05,failure://audio and evaluator/tracker_identity_swap_or_occlusion_loss/j05,Tracker identity swap or occlusion loss,Audio and evaluator,"[""contract_affecting"",""implementation_affecting"",""verification_affecting""]",currently_unreliable_or_unsupported,repair_planner,Repair only the smallest failing interval/shot while preserving passing control IDs.
J05,failure://audio and evaluator/tracker_identity_swap_or_occlusion_loss/j05,Tracker identity swap or occlusion loss,Audio and evaluator,"[""contract_affecting"",""implementation_affecting"",""verification_affecting""]",currently_unreliable_or_unsupported,experiment_registry,Register matched ablations for J05 with raw artifacts and immutable manifests.
J06,failure://audio and evaluator/shot_detector_mistakes_flash_black_frame_smear_or_wipe_for_a_cut/j06,"Shot detector mistakes flash, black frame, smear, or wipe for a cut",Audio and evaluator,"[""contract_affecting"",""implementation_affecting"",""verification_affecting""]",currently_unreliable_or_unsupported,intent_normalization,Preserve the requested invariant and classify ambiguity before compilation.
J06,failure://audio and evaluator/shot_detector_mistakes_flash_black_frame_smear_or_wipe_for_a_cut/j06,"Shot detector mistakes flash, black frame, smear, or wipe for a cut",Audio and evaluator,"[""contract_affecting"",""implementation_affecting"",""verification_affecting""]",currently_unreliable_or_unsupported,profile_routing,Route to the Audio and evaluator risk profile and provider capability filter.
J06,failure://audio and evaluator/shot_detector_mistakes_flash_black_frame_smear_or_wipe_for_a_cut/j06,"Shot detector mistakes flash, black frame, smear, or wipe for a cut",Audio and evaluator,"[""contract_affecting"",""implementation_affecting"",""verification_affecting""]",currently_unreliable_or_unsupported,canonical_score,"[""editing"",""verification_requirements"",""evidence_trace"",""repair_plan""]"
J06,failure://audio and evaluator/shot_detector_mistakes_flash_black_frame_smear_or_wipe_for_a_cut/j06,"Shot detector mistakes flash, black frame, smear, or wipe for a cut",Audio and evaluator,"[""contract_affecting"",""implementation_affecting"",""verification_affecting""]",currently_unreliable_or_unsupported,event_graph,"Add typed nodes/edges only when the failure involves event, causal, role, or transition semantics."
J06,failure://audio and evaluator/shot_detector_mistakes_flash_black_frame_smear_or_wipe_for_a_cut/j06,"Shot detector mistakes flash, black frame, smear, or wipe for a cut",Audio and evaluator,"[""contract_affecting"",""implementation_affecting"",""verification_affecting""]",currently_unreliable_or_unsupported,spatial_state,Carry declared coordinate frame and transition constraints when relevant.
J06,failure://audio and evaluator/shot_detector_mistakes_flash_black_frame_smear_or_wipe_for_a_cut/j06,"Shot detector mistakes flash, black frame, smear, or wipe for a cut",Audio and evaluator,"[""contract_affecting"",""implementation_affecting"",""verification_affecting""]",currently_unreliable_or_unsupported,identity_ledger,"Use stable entity IDs and signatures whenever actors, voices, products, or props can be rebound."
J06,failure://audio and evaluator/shot_detector_mistakes_flash_black_frame_smear_or_wipe_for_a_cut/j06,"Shot detector mistakes flash, black frame, smear, or wipe for a cut",Audio and evaluator,"[""contract_affecting"",""implementation_affecting"",""verification_affecting""]",currently_unreliable_or_unsupported,continuity_ledger,"Record precondition, allowed transition, postcondition, visibility interval, and forbidden changes."
J06,failure://audio and evaluator/shot_detector_mistakes_flash_black_frame_smear_or_wipe_for_a_cut/j06,"Shot detector mistakes flash, black frame, smear, or wipe for a cut",Audio and evaluator,"[""contract_affecting"",""implementation_affecting"",""verification_affecting""]",currently_unreliable_or_unsupported,provider_capability_profile,"Record whether the provider can carry text, reference, keyframe, control-media, seed, repair, and audio requirements without silent loss."
J06,failure://audio and evaluator/shot_detector_mistakes_flash_black_frame_smear_or_wipe_for_a_cut/j06,"Shot detector mistakes flash, black frame, smear, or wipe for a cut",Audio and evaluator,"[""contract_affecting"",""implementation_affecting"",""verification_affecting""]",currently_unreliable_or_unsupported,serialization_strategy,Emit one provider-native authority representation; do not duplicate semantic authorities.
J06,failure://audio and evaluator/shot_detector_mistakes_flash_black_frame_smear_or_wipe_for_a_cut/j06,"Shot detector mistakes flash, black frame, smear, or wipe for a cut",Audio and evaluator,"[""contract_affecting"",""implementation_affecting"",""verification_affecting""]",currently_unreliable_or_unsupported,prompt_compression,"Protect hard locks, causal edges, identities, start/end states, and visibility bridges before style adjectives."
J06,failure://audio and evaluator/shot_detector_mistakes_flash_black_frame_smear_or_wipe_for_a_cut/j06,"Shot detector mistakes flash, black frame, smear, or wipe for a cut",Audio and evaluator,"[""contract_affecting"",""implementation_affecting"",""verification_affecting""]",currently_unreliable_or_unsupported,loss_report,"Report every unsupported, evaluation-only, compressed, or omitted control."
J06,failure://audio and evaluator/shot_detector_mistakes_flash_black_frame_smear_or_wipe_for_a_cut/j06,"Shot detector mistakes flash, black frame, smear, or wipe for a cut",Audio and evaluator,"[""contract_affecting"",""implementation_affecting"",""verification_affecting""]",currently_unreliable_or_unsupported,verification_plan,"[""metric_edit_graphic_classification"",""metric_evaluator_disagreement"",""metric_object_state_transition"",""metric_identity_continuity""]"
J06,failure://audio and evaluator/shot_detector_mistakes_flash_black_frame_smear_or_wipe_for_a_cut/j06,"Shot detector mistakes flash, black frame, smear, or wipe for a cut",Audio and evaluator,"[""contract_affecting"",""implementation_affecting"",""verification_affecting""]",currently_unreliable_or_unsupported,repair_planner,Repair only the smallest failing interval/shot while preserving passing control IDs.
J06,failure://audio and evaluator/shot_detector_mistakes_flash_black_frame_smear_or_wipe_for_a_cut/j06,"Shot detector mistakes flash, black frame, smear, or wipe for a cut",Audio and evaluator,"[""contract_affecting"",""implementation_affecting"",""verification_affecting""]",currently_unreliable_or_unsupported,experiment_registry,Register matched ablations for J06 with raw artifacts and immutable manifests.
J07,failure://audio and evaluator/pose_or_segmentation_evaluator_fails_out_of_distribution/j07,Pose or segmentation evaluator fails out of distribution,Audio and evaluator,"[""contract_affecting"",""implementation_affecting"",""verification_affecting""]",currently_unreliable_or_unsupported,intent_normalization,Preserve the requested invariant and classify ambiguity before compilation.
J07,failure://audio and evaluator/pose_or_segmentation_evaluator_fails_out_of_distribution/j07,Pose or segmentation evaluator fails out of distribution,Audio and evaluator,"[""contract_affecting"",""implementation_affecting"",""verification_affecting""]",currently_unreliable_or_unsupported,profile_routing,Route to the Audio and evaluator risk profile and provider capability filter.
J07,failure://audio and evaluator/pose_or_segmentation_evaluator_fails_out_of_distribution/j07,Pose or segmentation evaluator fails out of distribution,Audio and evaluator,"[""contract_affecting"",""implementation_affecting"",""verification_affecting""]",currently_unreliable_or_unsupported,canonical_score,"[""verification_requirements"",""evidence_trace"",""repair_plan"",""warnings""]"
J07,failure://audio and evaluator/pose_or_segmentation_evaluator_fails_out_of_distribution/j07,Pose or segmentation evaluator fails out of distribution,Audio and evaluator,"[""contract_affecting"",""implementation_affecting"",""verification_affecting""]",currently_unreliable_or_unsupported,event_graph,"Add typed nodes/edges only when the failure involves event, causal, role, or transition semantics."
J07,failure://audio and evaluator/pose_or_segmentation_evaluator_fails_out_of_distribution/j07,Pose or segmentation evaluator fails out of distribution,Audio and evaluator,"[""contract_affecting"",""implementation_affecting"",""verification_affecting""]",currently_unreliable_or_unsupported,spatial_state,Carry declared coordinate frame and transition constraints when relevant.
J07,failure://audio and evaluator/pose_or_segmentation_evaluator_fails_out_of_distribution/j07,Pose or segmentation evaluator fails out of distribution,Audio and evaluator,"[""contract_affecting"",""implementation_affecting"",""verification_affecting""]",currently_unreliable_or_unsupported,identity_ledger,"Use stable entity IDs and signatures whenever actors, voices, products, or props can be rebound."
J07,failure://audio and evaluator/pose_or_segmentation_evaluator_fails_out_of_distribution/j07,Pose or segmentation evaluator fails out of distribution,Audio and evaluator,"[""contract_affecting"",""implementation_affecting"",""verification_affecting""]",currently_unreliable_or_unsupported,continuity_ledger,"Record precondition, allowed transition, postcondition, visibility interval, and forbidden changes."
J07,failure://audio and evaluator/pose_or_segmentation_evaluator_fails_out_of_distribution/j07,Pose or segmentation evaluator fails out of distribution,Audio and evaluator,"[""contract_affecting"",""implementation_affecting"",""verification_affecting""]",currently_unreliable_or_unsupported,provider_capability_profile,"Record whether the provider can carry text, reference, keyframe, control-media, seed, repair, and audio requirements without silent loss."
J07,failure://audio and evaluator/pose_or_segmentation_evaluator_fails_out_of_distribution/j07,Pose or segmentation evaluator fails out of distribution,Audio and evaluator,"[""contract_affecting"",""implementation_affecting"",""verification_affecting""]",currently_unreliable_or_unsupported,serialization_strategy,Emit one provider-native authority representation; do not duplicate semantic authorities.
J07,failure://audio and evaluator/pose_or_segmentation_evaluator_fails_out_of_distribution/j07,Pose or segmentation evaluator fails out of distribution,Audio and evaluator,"[""contract_affecting"",""implementation_affecting"",""verification_affecting""]",currently_unreliable_or_unsupported,prompt_compression,"Protect hard locks, causal edges, identities, start/end states, and visibility bridges before style adjectives."
J07,failure://audio and evaluator/pose_or_segmentation_evaluator_fails_out_of_distribution/j07,Pose or segmentation evaluator fails out of distribution,Audio and evaluator,"[""contract_affecting"",""implementation_affecting"",""verification_affecting""]",currently_unreliable_or_unsupported,loss_report,"Report every unsupported, evaluation-only, compressed, or omitted control."
J07,failure://audio and evaluator/pose_or_segmentation_evaluator_fails_out_of_distribution/j07,Pose or segmentation evaluator fails out of distribution,Audio and evaluator,"[""contract_affecting"",""implementation_affecting"",""verification_affecting""]",currently_unreliable_or_unsupported,verification_plan,"[""metric_evaluator_disagreement"",""metric_observability_coverage"",""metric_anatomy_recovery_latency"",""metric_penetration_duration""]"
J07,failure://audio and evaluator/pose_or_segmentation_evaluator_fails_out_of_distribution/j07,Pose or segmentation evaluator fails out of distribution,Audio and evaluator,"[""contract_affecting"",""implementation_affecting"",""verification_affecting""]",currently_unreliable_or_unsupported,repair_planner,Repair only the smallest failing interval/shot while preserving passing control IDs.
J07,failure://audio and evaluator/pose_or_segmentation_evaluator_fails_out_of_distribution/j07,Pose or segmentation evaluator fails out of distribution,Audio and evaluator,"[""contract_affecting"",""implementation_affecting"",""verification_affecting""]",currently_unreliable_or_unsupported,experiment_registry,Register matched ablations for J07 with raw artifacts and immutable manifests.
J08,failure://audio and evaluator/human_rating_ambiguity_or_disagreement/j08,Human rating ambiguity or disagreement,Audio and evaluator,"[""contract_affecting"",""implementation_affecting"",""verification_affecting""]",currently_unreliable_or_unsupported,intent_normalization,Preserve the requested invariant and classify ambiguity before compilation.
J08,failure://audio and evaluator/human_rating_ambiguity_or_disagreement/j08,Human rating ambiguity or disagreement,Audio and evaluator,"[""contract_affecting"",""implementation_affecting"",""verification_affecting""]",currently_unreliable_or_unsupported,profile_routing,Route to the Audio and evaluator risk profile and provider capability filter.
J08,failure://audio and evaluator/human_rating_ambiguity_or_disagreement/j08,Human rating ambiguity or disagreement,Audio and evaluator,"[""contract_affecting"",""implementation_affecting"",""verification_affecting""]",currently_unreliable_or_unsupported,canonical_score,"[""verification_requirements"",""evidence_trace"",""repair_plan"",""experiment_registry""]"
J08,failure://audio and evaluator/human_rating_ambiguity_or_disagreement/j08,Human rating ambiguity or disagreement,Audio and evaluator,"[""contract_affecting"",""implementation_affecting"",""verification_affecting""]",currently_unreliable_or_unsupported,event_graph,"Add typed nodes/edges only when the failure involves event, causal, role, or transition semantics."
J08,failure://audio and evaluator/human_rating_ambiguity_or_disagreement/j08,Human rating ambiguity or disagreement,Audio and evaluator,"[""contract_affecting"",""implementation_affecting"",""verification_affecting""]",currently_unreliable_or_unsupported,spatial_state,Carry declared coordinate frame and transition constraints when relevant.
J08,failure://audio and evaluator/human_rating_ambiguity_or_disagreement/j08,Human rating ambiguity or disagreement,Audio and evaluator,"[""contract_affecting"",""implementation_affecting"",""verification_affecting""]",currently_unreliable_or_unsupported,identity_ledger,"Use stable entity IDs and signatures whenever actors, voices, products, or props can be rebound."
J08,failure://audio and evaluator/human_rating_ambiguity_or_disagreement/j08,Human rating ambiguity or disagreement,Audio and evaluator,"[""contract_affecting"",""implementation_affecting"",""verification_affecting""]",currently_unreliable_or_unsupported,continuity_ledger,"Record precondition, allowed transition, postcondition, visibility interval, and forbidden changes."
J08,failure://audio and evaluator/human_rating_ambiguity_or_disagreement/j08,Human rating ambiguity or disagreement,Audio and evaluator,"[""contract_affecting"",""implementation_affecting"",""verification_affecting""]",currently_unreliable_or_unsupported,provider_capability_profile,"Record whether the provider can carry text, reference, keyframe, control-media, seed, repair, and audio requirements without silent loss."
J08,failure://audio and evaluator/human_rating_ambiguity_or_disagreement/j08,Human rating ambiguity or disagreement,Audio and evaluator,"[""contract_affecting"",""implementation_affecting"",""verification_affecting""]",currently_unreliable_or_unsupported,serialization_strategy,Emit one provider-native authority representation; do not duplicate semantic authorities.
J08,failure://audio and evaluator/human_rating_ambiguity_or_disagreement/j08,Human rating ambiguity or disagreement,Audio and evaluator,"[""contract_affecting"",""implementation_affecting"",""verification_affecting""]",currently_unreliable_or_unsupported,prompt_compression,"Protect hard locks, causal edges, identities, start/end states, and visibility bridges before style adjectives."
J08,failure://audio and evaluator/human_rating_ambiguity_or_disagreement/j08,Human rating ambiguity or disagreement,Audio and evaluator,"[""contract_affecting"",""implementation_affecting"",""verification_affecting""]",currently_unreliable_or_unsupported,loss_report,"Report every unsupported, evaluation-only, compressed, or omitted control."
J08,failure://audio and evaluator/human_rating_ambiguity_or_disagreement/j08,Human rating ambiguity or disagreement,Audio and evaluator,"[""contract_affecting"",""implementation_affecting"",""verification_affecting""]",currently_unreliable_or_unsupported,verification_plan,"[""metric_human_readability"",""metric_evaluator_disagreement"",""metric_observability_coverage""]"
J08,failure://audio and evaluator/human_rating_ambiguity_or_disagreement/j08,Human rating ambiguity or disagreement,Audio and evaluator,"[""contract_affecting"",""implementation_affecting"",""verification_affecting""]",currently_unreliable_or_unsupported,repair_planner,Repair only the smallest failing interval/shot while preserving passing control IDs.
J08,failure://audio and evaluator/human_rating_ambiguity_or_disagreement/j08,Human rating ambiguity or disagreement,Audio and evaluator,"[""contract_affecting"",""implementation_affecting"",""verification_affecting""]",currently_unreliable_or_unsupported,experiment_registry,Register matched ablations for J08 with raw artifacts and immutable manifests.
